seller_id,item_count,order_count,product_gmv,product_gmv_rank,product_gmv_share,cumulative_product_gmv_share,seller_state,attributable_orders,delivery_denominator,late_orders,late_delivery_rate,reviewed_orders,avg_order_review_score
4869f7a5dfa277a7dca6462dcf3b52b2,1155,1131,229237.63,1,0.016987610966709737,0.016987610966709737,SP,1118,1111,130,0.11701170117011701,1110,4.163063063063063
53243585a1d6dc2643021fd1853d8905,410,358,222776.05,2,0.016508776809899303,0.03349638777660904,BA,358,348,15,0.04310344827586207,356,4.132022471910112
4a3ca9315b744ce9f8e9374361493884,1985,1804,200326.12,3,0.014845129017563175,0.04834151679417222,SP,1705,1673,190,0.11356843992827256,1685,3.882492581602374
fa1c13f2614d7b5c4749cbc52fecda94,585,584,192842.13,4,0.01429052936218048,0.0626320461563527,SP,572,566,59,0.10424028268551237,568,4.357394366197183
7c67e1448b00f6e969d365cea6b010ab,1364,982,187923.89,5,0.013926064122503598,0.07655811027885628,SP,972,963,98,0.10176531671858775,966,3.498447204968944
7e93a43ef30c4f03f38b393420bc753a,336,332,172583.88,6,0.012789295599353899,0.08934740587821019,SP,328,315,18,0.05714285714285714,327,4.27217125382263
da8622b14eb17ae2831f4ac5b9dab84a,1551,1314,160236.57,7,0.011874300540447712,0.10122170641865791,SP,1275,1272,98,0.0770440251572327,1270,4.215354330708662
7a67c85e85bb2ce8582c35f2203ad736,1170,1159,141715.54,8,0.010501803135275795,0.1117235095539337,SP,1134,1120,68,0.060714285714285714,1125,4.287111111111111
1025f0e2d44d7041d6cf58b6550e0bfa,1428,915,138968.55,9,0.01029823796384455,0.12202174751777825,SP,884,879,92,0.10466439135381114,877,4.027366020524515
955fee9216a65b617aa5c0531780ce60,1498,1286,135159.70,10,0.010015983859095029,0.13203773137687327,SP,1277,1252,98,0.07827476038338659,1267,4.1681136543015
46dc3b2cc0980fb8ec44634e21d2718e,539,518,127161.22,11,0.009423258020126057,0.14146098939699933,RJ,514,499,33,0.06613226452905811,508,4.232283464566929
6560211a19b47992c3666cc44a7e94c0,2025,1847,122776.83,12,0.009098353633152886,0.15055934303015223,SP,1816,1788,116,0.06487695749440715,1800,3.9683333333333333
620c87c171fb2a6dd6e8bb4dec959fc6,789,732,113659.40,13,0.008422708217275011,0.1589820512474272,RJ,727,717,72,0.100418410041841,720,4.284722222222222
7d13fca15225358621be4086e1eb0964,578,565,113628.97,14,0.008420453207913254,0.1674025044553405,SP,555,548,68,0.12408759124087591,551,4.058076225045372
5dceca129747e92ff8ef7a997dc4f8ca,345,324,112085.63,15,0.008306084290779702,0.1757085887461202,SP,319,317,20,0.06309148264984227,315,4.0095238095238095
1f50f920176fa81dab994f9023523100,1930,1403,106889.31,16,0.007921011985597812,0.183629600731718,SP,1368,1364,148,0.10850439882697947,1363,4.176082171680117
cc419e0650a3c5ba77189a1882b7556a,1766,1697,103634.51,17,0.0076798156507096585,0.19130941638242768,SP,1692,1646,101,0.06136087484811665,1684,4.093131433095804
a1043bafd471dff536d0c462352beb48,767,715,101483.16,18,0.007520390268178741,0.1988298066506064,MG,707,694,40,0.05763688760806916,705,4.24822695035461
3d871de0142ce09b7081e2b9d1733cb1,1143,1076,94508.20,19,0.007003512184120893,0.2058333188347273,SP,1056,1044,63,0.0603448275862069,1045,4.178947368421053
edb1ef5e36e0c8cd84eb3c9b003e486d,175,166,79284.55,20,0.005875366496637775,0.21170868533136505,RJ,164,163,13,0.07975460122699386,164,4.426829268292683
ccc4bbb5f32a6ab2b7066a4130f114e3,192,187,74004.62,21,0.005484098288309763,0.21719278361967484,PR,184,181,14,0.07734806629834254,183,4.3224043715847
f7ba60f8c3f99e7ee4042fdef03b70c4,230,219,68395.00,22,0.005068398465243741,0.22226118208491857,SP,214,213,34,0.1596244131455399,214,4.242990654205608
fe2032dab1a61af8794248c8196565c9,306,294,65959.61,23,0.004887924352541497,0.22714910643746006,SP,289,288,26,0.09027777777777778,285,4.4070175438596495
8581055ce74af1daba164fdbd55a40de,432,385,64549.42,24,0.004783422490830815,0.23193252892829092,SP,381,375,38,0.10133333333333333,380,4.278947368421052
cca3071e3e9bb7d12640c9fbe2301306,829,711,63984.99,25,0.004741595513043879,0.23667412444133476,SP,677,665,39,0.058646616541353384,666,3.9264264264264264
04308b1ee57b6625f47df1d56f00eedf,94,94,60130.60,26,0.004455966675256748,0.24113009111659153,SC,94,92,11,0.11956521739130435,94,3.882978723404255
522620dcb18a6b31cd7bdf73665113a9,180,174,57168.49,27,0.004236460077144559,0.24536655119373607,PR,172,170,18,0.10588235294117647,168,3.8988095238095237
17e34d8224d27a541263c4c64b11a56b,266,253,55470.32,28,0.004110617512311999,0.24947716870604808,SP,252,246,21,0.08536585365853659,250,4.22
de722cd6dad950a92b7d4f82673f8833,379,339,55426.10,29,0.004107340597623307,0.2535845093036714,PE,337,335,15,0.04477611940298507,335,4.3104477611940295
7ddcbb64b5bc1ef36ca8c151f6ec77df,341,332,55375.59,30,0.004103597563681068,0.25768810686735244,SP,331,324,28,0.08641975308641975,328,3.980182926829268
37be5a7c751166fbc5f8ccba4119e043,281,272,55350.55,31,0.004101741979244052,0.2617898488465965,SP,272,269,7,0.026022304832713755,268,4.317164179104478
218d46b86c1881d022bce9c68a7d4b15,425,387,54699.30,32,0.004053481221871584,0.2658433300684681,SP,376,371,36,0.09703504043126684,375,4.18
25c5c91f63607446a97b143d2d535d31,269,158,54679.22,33,0.004051993197291101,0.26989532326575916,MG,149,147,11,0.07482993197278912,148,3.9222972972972974
ceaec5548eefc6e23e6607c5435102e7,209,201,52487.18,34,0.0038895524900500324,0.27378487575580923,SP,200,197,12,0.06091370558375635,197,4.157360406091371
f5a590cf36251cf1162ea35bef76fe84,119,114,51717.78,35,0.0038325362494014683,0.2776174120052107,SP,114,113,12,0.10619469026548672,114,4.280701754385965
966cb4760537b1404caedd472cc610a5,75,75,51286.05,36,0.0038005429798729988,0.2814179549850837,SP,74,66,2,0.030303030303030304,73,3.835616438356164
e882b2a25a10b9c057cc49695f222c19,58,57,51057.54,37,0.003783609289789033,0.28520156427487275,RJ,57,57,0,0.0,57,4.578947368421052
b2ba3715d723d245138f291a6fe42594,359,333,50968.28,38,0.0037769946944676254,0.2889785589693403,SP,329,320,29,0.090625,326,4.153374233128834
2bf6a2c1e71bbd29a4ad64e6d3c3629f,31,30,50628.90,39,0.003751845004122799,0.2927304039734631,RJ,30,30,3,0.1,30,4.166666666666667
f8db351d8c4c4c22c6835c19a46f01b0,723,666,50498.70,40,0.003742196557888794,0.29647260053135194,SP,653,646,34,0.05263157894736842,649,4.269645608628659
17f51e7198701186712e53a39c564617,61,56,48019.00,41,0.003558438861064978,0.30003103939241693,SP,55,55,5,0.09090909090909091,55,4.345454545454546
8160255418d5aaa7dbdc9f4c64ebda44,431,385,47017.69,42,0.0034842369739791794,0.3035152763663961,SP,360,355,61,0.17183098591549295,356,4.002808988764045
77530e9772f57a62c906e1c21538ab82,388,319,46470.50,43,0.003443687563112936,0.30695896392950905,PR,304,297,36,0.12121212121212122,303,4.1650165016501655
4e922959ae960d389249c378d1c939f5,454,420,46030.37,44,0.0034110718131822727,0.3103700357426913,SP,419,411,44,0.1070559610705596,414,3.9613526570048307
c826c40d7b19f62a09e2d7c5e7295ee2,373,354,45643.74,45,0.003382420670575105,0.3137524564132664,SP,352,344,33,0.09593023255813954,350,4.085714285714285
850f4f8af5ea87287ac68de36e29107f,192,187,45355.36,46,0.0033610503255293127,0.31711350673879574,SP,183,182,12,0.06593406593406594,180,4.333333333333333
b33e7c55446eabf8fe1a42d037ac7d6d,155,152,44985.17,47,0.003333617465995011,0.32044712420479077,SP,149,146,19,0.13013698630136986,149,4.181208053691275
ba90964cff9b9e0e6f32b23b82465f7b,38,38,44212.50,48,0.00327635890261845,0.32372348310740917,SP,38,38,2,0.05263157894736842,38,4.421052631578948
eeb6de78f79159600292e314a77cbd18,84,83,43739.84,49,0.0032413325232254807,0.3269648156306347,SC,83,82,3,0.036585365853658534,83,4.445783132530121
4d6d651bd7684af3fffabd5f08d12e5a,394,368,43517.50,50,0.0032248560598178884,0.33018967169045255,SP,362,357,17,0.047619047619047616,361,4.240997229916897
e9779976487b77c6d4ac45f75ec7afe9,749,656,43127.95,51,0.003195988531166149,0.3333856602216187,SP,642,631,47,0.07448494453248812,638,4.244514106583072
c3cfdc648177fdbbbb35635a37472c53,307,278,43048.18,52,0.0031900771904896015,0.3365757374121083,PR,273,273,7,0.02564102564102564,272,4.514705882352941
b839e41795b7f3ad94cc2014a52f6796,36,33,42829.00,53,0.0031738348982809296,0.3397495723103892,SP,33,33,1,0.030303030303030304,33,4.090909090909091
2eb70248d66e0e3ef83659f71b244378,212,202,42628.61,54,0.003158985035448117,0.34290855734583736,SP,200,185,26,0.14054054054054055,196,2.681122448979592
d91fb3b7d041e83b64a00a3edfb37e4f,536,535,40889.74,55,0.003030126404857308,0.3459386837506947,SP,535,524,33,0.06297709923664122,531,4.091023226616446
17a053fcb14bd219540cbde0df490be0,149,125,40703.14,56,0.003016298447351431,0.3489549821980461,SP,123,122,10,0.08196721311475409,121,4.2809917355371905
391fc6631aebcf3004804e51b40bcf1e,613,526,39951.95,57,0.002960631655289051,0.35191561385333514,SP,495,490,51,0.10408163265306122,493,4.088235294117647
834f3294fba9f932f56edc879193f925,66,66,39907.50,58,0.002957337696494109,0.3548729515498293,SP,65,65,4,0.06153846153846154,65,4.553846153846154
712e6ed8aa4aa1fa65dab41fed5737e4,87,79,39815.00,59,0.0029504830015889983,0.35782343455141824,SC,79,77,17,0.22077922077922077,78,3.3846153846153846
634964b17796e64304cadf1ad3050fb7,325,267,39357.10,60,0.0029165504091884556,0.3607399849606067,RJ,259,257,27,0.10505836575875487,258,4.108527131782946
7142540dd4c91e2237acb7e911c4eba2,331,319,37373.56,61,0.002769560554787555,0.3635095455153943,SP,314,311,26,0.08360128617363344,312,4.065705128205129
ea8482cd71df3c1969d7b9473ff13abc,1202,1145,37147.53,62,0.002752810644631856,0.3662623561600261,SP,1129,1116,118,0.1057347670250896,1123,4.025823686553873
7178f9f4dd81dcef02f62acdf8151e01,216,203,37070.40,63,0.0027470949406531407,0.3690094511006793,SC,203,202,10,0.04950495049504951,202,4.044554455445544
c70c1b0d8ca86052f45a432a38b73958,338,261,36537.37,64,0.0027075948538934527,0.3717170459545727,SP,259,258,22,0.08527131782945736,257,4.36964980544747
c3867b4666c7d76867627c2f7fb22e21,254,240,36485.50,65,0.002703751037409906,0.3744207969919826,SP,233,221,27,0.12217194570135746,232,3.9655172413793105
59417c56835dd8e2e72f91f809cd4092,18,18,36459.00,66,0.0027017872599506038,0.37712258425193323,SP,18,18,0,0.0,18,4.277777777777778
06a2c3af7b3aee5d69171b0e14f0ee87,405,392,36408.95,67,0.002698078314220865,0.3798206625661541,MA,391,388,90,0.23195876288659795,387,3.994832041343669
e9bc59e7b60fc3063eb2290deda4cced,268,215,34262.06,68,0.0025389834391415884,0.38235964600529565,PR,206,200,23,0.115,206,4.033980582524272
7299e27ed73d2ad986de7f7c77d919fa,360,337,34225.43,69,0.002536268979959165,0.38489591498525483,MG,332,330,16,0.048484848484848485,332,4.433734939759036
9c0e69c7bf2619675bbadf47b43f655a,205,156,33631.78,70,0.002492276659630311,0.38738819164488514,SP,141,137,16,0.11678832116788321,140,4.196428571428571
dbc22125167c298ef99da25668e1011f,425,402,33558.18,71,0.0024868225456301366,0.38987501419051523,MG,391,383,10,0.02610966057441253,390,4.32051282051282
76d5af76d0271110f9af36c92573f765,159,131,33461.60,72,0.002479665503101103,0.3923546796936164,SP,128,125,12,0.096,127,4.15748031496063
1835b56ce799e6a4dc4eddc053f04066,558,423,33344.21,73,0.0024709663394804444,0.39482564603309683,SP,381,375,49,0.13066666666666665,378,3.732804232804233
5c243662ce92d84573bfaff24c3e3700,100,98,32862.02,74,0.0024352337412502246,0.39726087977434704,SP,98,98,3,0.030612244897959183,97,4.144329896907217
2528513dd95219a6013d4d05176e391a,166,160,32660.20,75,0.00242027790853942,0.3996811576828865,SP,147,147,8,0.05442176870748299,144,4.138888888888889
70eea00b476a314817cefde4aad4f89a,114,108,31994.65,76,0.002370957452387026,0.4020521151352735,SP,106,104,8,0.07692307692307693,104,4.375
7681ef142fd2c19048da7430856b5588,77,59,31941.81,77,0.002367041754237988,0.40441915688951147,SP,57,56,8,0.14285714285714285,56,4.214285714285714
855668e0971d4dfd7bef1b6a4133b41b,321,310,31918.21,78,0.002365292880727062,0.40678444977023853,SP,306,296,42,0.14189189189189189,301,3.8172757475083055
e59aa562b9f8076dd550fcddf0e73491,84,70,31574.30,79,0.0023398074955939094,0.40912425726583246,PR,70,69,7,0.10144927536231885,70,4.214285714285714
0241d4d5d36f10f80c644447315af0bd,246,238,31397.70,80,0.002326720586185882,0.41145097785201834,PR,224,224,14,0.0625,223,4.457399103139013
88460e8ebdecbfecb5f9601833981930,301,247,31396.65,81,0.002326642776135608,0.413777620628154,PR,228,227,48,0.21145374449339208,227,3.5088105726872247
87142160b41353c4e5fca2360caf6f92,339,305,31095.98,82,0.0023043616829775578,0.41608198231113147,RS,301,301,17,0.05647840531561462,300,4.425
70a12e78e608ac31179aea7f8422044b,328,315,30858.53,83,0.002286765495894114,0.4183687478070256,SP,310,307,34,0.11074918566775244,308,3.7857142857142856
53e4c6e0f4312d4d2107a8c9cddf45cd,520,471,29969.01,84,0.002220847785494178,0.4205895955925198,SP,452,444,25,0.05630630630630631,451,4.110864745011087
d23019c84ffae2d5ef2270367b8605fc,39,39,29205.10,85,0.0021642383802513336,0.42275383397277116,PR,37,37,1,0.02702702702702703,37,4.378378378378378
900ba814c251a692506d7834c1218441,88,88,29099.69,86,0.002156426992251899,0.42491026096502305,SP,86,84,12,0.14285714285714285,83,4.204819277108434
1554a68530182680ad5c8b042c3ab563,269,247,29052.53,87,0.0021529322094224392,0.42706319317444547,MG,243,242,17,0.07024793388429752,241,4.356846473029045
0b90b6df587eb83608a64ea8b390cf07,210,164,28592.32,88,0.0021188284349112933,0.4291820216093568,PR,159,158,6,0.0379746835443038,158,4.0474683544303796
59b22a78efb79a4797979612b885db36,133,125,27184.50,89,0.002014502201599802,0.4311965238109566,MG,123,123,16,0.13008130081300814,122,4.0
7e1fb0a3ebfb01ffb3a7dae98bf3238d,172,157,27049.53,90,0.0020045002754231233,0.43320102408637967,SP,156,154,20,0.12987012987012986,154,4.1688311688311686
d1c281d3ae149232351cd8c8cc885f0d,240,215,26942.60,91,0.0019965762481128154,0.4351976003344925,SP,193,192,19,0.09895833333333333,192,3.9166666666666665
b32be1695eb7ec5f10f72d9610a12527,46,45,26874.00,92,0.0019914926581615657,0.43718909299265407,RS,45,44,2,0.045454545454545456,44,4.068181818181818
12b9676b00f60f3b700e83af21824c0e,134,134,26575.00,93,0.0019693353200358568,0.43915842831269,RS,134,133,2,0.015037593984962405,133,4.541353383458647
a3a38f4affed601eb87a97788c949667,263,254,26533.32,94,0.0019662466315640186,0.44112467494425395,SC,249,246,12,0.04878048780487805,246,4.4227642276422765
9f505651f4a6abe901a56cdc21508025,430,397,26361.82,95,0.0019535376566858944,0.4430782126009398,SP,394,390,20,0.05128205128205128,391,4.3554987212276215
de23c3b98a88888289c6f5cc1209054a,180,163,26220.67,96,0.0019430777627847443,0.44502129036372456,SP,159,157,16,0.10191082802547771,159,4.29559748427673
16090f2ca825584b5a147ab24aa30c86,410,402,25716.44,97,0.0019057118945468637,0.4469270022582715,SP,401,397,43,0.10831234256926953,399,4.057644110275689
b94cc9f10ddc85e4ba73a6f7974e7101,39,39,25346.10,98,0.0018782679192910939,0.44880527017756255,RJ,39,39,3,0.07692307692307693,37,4.297297297297297
c003204e1ab016dfa150abc119207b24,202,197,25108.09,99,0.001860630233514171,0.4506659004110767,SP,196,194,13,0.06701030927835051,195,4.466666666666667
001cca7ae9ae17fb1caed9dfb1094831,239,200,25080.03,100,0.0018585508525516042,0.45252445126362834,ES,199,194,13,0.06701030927835051,196,4.0
1900267e848ceeba8fa32d80c1a5f5a8,529,411,24982.53,101,0.0018513256335975685,0.4543757768972259,SP,364,359,42,0.116991643454039,359,3.945682451253482
a416b6a846a11724393025641d4edd5e,176,157,24930.24,102,0.0018474506930939122,0.45622322759031975,SP,157,157,20,0.12738853503184713,157,4.2165605095541405
1c68394e931a64f90ea236c5ea590300,171,142,24832.75,103,0.0018402262151879744,0.4580634538055077,PR,132,132,5,0.03787878787878788,132,4.003787878787879
f62d7bb4a613ec758a03342d46b580b2,32,32,24665.00,104,0.0018277951333465438,0.4598912489388543,MG,32,32,4,0.125,32,4.375
dc4a0fc896dc34b0d5bfec8438291c80,249,231,24180.77,105,0.0017919113613043627,0.46168316030015866,SP,217,211,14,0.06635071090047394,217,3.8294930875576036
b37c4c02bda3161a7546a4e6d222d5b2,15,4,24075.00,106,0.0017840732955734053,0.4634672335957321,SP,4,4,1,0.25,4,2.25
710e3548e02bc1d2831dfc4f1b5b14d4,142,136,23979.11,107,0.0017769673853631235,0.46524420098109526,PR,134,129,6,0.046511627906976744,133,3.3684210526315788
2b3e4a2a3ea8e01938cabda2a3e5cc79,54,52,23629.15,108,0.0017510336661307718,0.466995234647226,SP,51,51,0,0.0,51,4.431372549019608
1a3df491d1c4f1589fc2b934ada68bf2,178,167,23302.70,109,0.001726842150976465,0.46872207679820244,SC,167,160,9,0.05625,167,4.188622754491018
40db9e9aa57f7bb151bcda6b0f9bdbb7,12,12,23168.00,110,0.001716860233098428,0.47043893703130085,PE,12,12,1,0.08333333333333333,11,2.3636363636363638
612170e34b97004b3ba37eae81836b4c,110,107,23065.02,111,0.0017092289197867708,0.4721481659510876,RS,106,106,2,0.018867924528301886,106,4.433962264150943
897060da8b9a21f655304d50fd935913,428,316,22723.92,112,0.0016839517691691138,0.4738321177202568,SP,310,298,36,0.12080536912751678,307,3.6547231270358305
7b0df942f46435babab05d49b744b2c4,32,32,22600.63,113,0.0016748153871707237,0.47550693310742753,SP,32,32,3,0.09375,31,4.387096774193548
7ad32824caee82087b3e2e5f33b1bf32,184,151,22505.10,114,0.0016677361546919643,0.47717466926211943,SP,144,140,21,0.15,141,3.900709219858156
744dac408745240a2c2528fb1b6028f3,84,79,22490.60,115,0.0016666616349500821,0.4788413308970695,PR,78,77,1,0.012987012987012988,78,4.615384615384615
b1b3948701c5c72445495bd161b83a4c,16,16,22249.30,116,0.0016487801443489665,0.48049011104141853,SP,16,14,9,0.6428571428571429,16,1.8125
06e5eefc71ec47ae763c5c6f8db7064f,95,92,22188.56,117,0.001644279018202627,0.4821343900596211,RS,90,88,2,0.022727272727272728,88,3.897727272727273
f45122a9ab94eb4f3f8953578bc0c560,200,187,22078.29,118,0.001636107480827637,0.48377049754044876,SP,182,179,14,0.0782122905027933,182,3.9945054945054945
05ff92fedb5be47920fea08e501238b9,62,59,21992.78,119,0.001629770778542923,0.4854002683189917,RS,59,57,3,0.05263157894736842,59,4.237288135593221
8444e55c1f13cd5c179851e5ca5ebd00,105,95,21967.96,120,0.00162793149716406,0.48702819981615575,MG,93,90,6,0.06666666666666667,93,3.3225806451612905
ff69aa92bb6b1bf9b8b7a51c2ed9cf8b,20,20,21940.80,121,0.0016259188105302998,0.48865411862668606,SP,20,20,5,0.25,20,3.65
8f2ce03f928b567e3d56181ae20ae952,175,153,21712.90,122,0.001609030324380303,0.4902631489510664,SP,153,151,23,0.152317880794702,152,4.105263157894737
59fb871bf6f4522a87ba567b42dafecf,128,126,21708.57,123,0.0016087094505539338,0.49187185840162023,SP,126,123,8,0.06504065040650407,125,4.232
d2374cbcbb3ca4ab1086534108cc3ab7,630,523,21196.02,124,0.0015707270302986421,0.49344258543191893,SP,498,489,30,0.06134969325153374,493,3.843813387423935
729f06993dac8e860d4f02d7088ca48a,115,96,20485.08,125,0.0015180429568301082,0.49496062838874905,SP,93,91,11,0.12087912087912088,92,4.184782608695652
00ee68308b45bc5e2660cd833c3f81cc,172,135,20260.00,126,0.0015013634462437047,0.49646199183499273,SP,130,130,12,0.09230769230769231,129,4.333333333333333
48162d548f5b1b11b9d29d1e01f75a61,90,67,20223.04,127,0.0014986245324740519,0.4979606163674668,SP,65,64,2,0.03125,65,4.030769230769231
bfd27a966d91cfaafdb25d076585f0da,118,117,19921.00,128,0.0014762419157265964,0.4994368582831934,SP,117,114,6,0.05263157894736842,115,4.278260869565218
004c9cd9d87a3c30c522c48c4fc07416,170,158,19712.71,129,0.0014608066248964827,0.5008976649080898,SP,157,155,13,0.08387096774193549,154,4.142857142857143
d650b663c3b5f6fb392b6326366efa9a,60,60,19242.90,130,0.001425991444211401,0.5023236563523013,SP,59,56,4,0.07142857142857142,59,4.254237288135593
821fb029fc6e495ca4f08a35d51e53a5,28,27,19057.52,131,0.0014122538945734613,0.5037359102468747,SP,27,24,9,0.375,26,3.3461538461538463
2a5b78b41cd05baeac8df54c6606b92c,60,49,19025.36,132,0.0014098706838907764,0.5051457809307655,MG,48,45,1,0.022222222222222223,48,4.3125
dc317f341ab0e22f39acbd9dbf9b4a1f,58,55,18988.40,133,0.0014071317701211236,0.5065529127008866,RS,54,54,3,0.05555555555555555,54,4.148148148148148
96493fab2fbb13a14d0c0e8772eef5c3,64,63,18969.00,134,0.001405694136811295,0.5079586068376979,SP,63,63,4,0.06349206349206349,62,4.064516129032258
f457c46070d02cadd8a68551231220dd,231,196,18884.30,135,0.001399417459422507,0.5093580242971204,PR,170,169,12,0.07100591715976332,170,4.0588235294117645
44073f8b7e41514de3b7815dd0237f4f,153,144,18729.64,136,0.001387956409541162,0.5107459807066617,DF,143,141,5,0.03546099290780142,142,3.7535211267605635
0dd184061fb0eaa7ca37932c68ab91c5,193,161,18446.92,137,0.0013670054977187522,0.5121129862043804,SP,156,156,19,0.12179487179487179,155,4.064516129032258
cd68562d3f44870c08922d380acae552,131,124,18370.70,138,0.0013613572291169412,0.5134743434334973,SP,124,122,22,0.18032786885245902,123,3.967479674796748
527801b552d0077ffd170872eb49683b,92,90,17942.80,139,0.001329647781009948,0.5148039912145073,SP,90,90,9,0.1,89,4.47191011235955
a888faf2d1baececa6baf9c3d603ee1f,55,54,17765.80,140,0.0013165312296780063,0.5161205224441853,PR,54,53,8,0.1509433962264151,54,4.037037037037037
9de4643a8dbde634fe55621059d92273,81,72,17560.34,141,0.0013013056554595844,0.5174218280996449,SC,71,71,3,0.04225352112676056,71,4.563380281690141
8b321bb669392f5163d04c59e235e066,1018,943,17535.69,142,0.0012994789718983844,0.5187213070715433,SP,930,917,96,0.10468920392584515,926,4.091792656587473
c72de06d72748d1a0dfb2125be43ba63,22,21,17522.00,143,0.0012984644770524282,0.5200197715485957,BA,21,21,0,0.0,21,4.476190476190476
165fc07beebdcb6190fba8a06db2a449,64,50,17481.40,144,0.0012954558217751582,0.5213152273703708,PR,46,46,6,0.13043478260869565,46,3.9565217391304346
0c8380b62e38e8a1e6adbeba7eb9688c,220,182,17348.79,145,0.0012856287829495717,0.5226008561533203,MG,172,170,10,0.058823529411764705,171,4.081871345029239
1e8b33f18b4f7598d87f5cbee2282cc2,140,123,17309.06,146,0.0012826845988568145,0.5238835407521772,SP,118,117,6,0.05128205128205128,116,4.439655172413793
94144541854e298c2d976cb893b81343,76,68,17286.28,147,0.0012809964912899126,0.5251645372434671,RS,68,68,3,0.04411764705882353,67,4.253731343283582
54a1852d1b8f10312c55e906355666ee,204,200,17226.44,148,0.0012765620594723792,0.5264410993029395,SP,199,197,19,0.09644670050761421,198,4.343434343434343
abe42c5d03695b4257b5c6cbf4e6784e,50,50,17159.00,149,0.0012715644311004802,0.5277126637340399,RJ,50,49,8,0.16326530612244897,49,3.9183673469387754
76d64c4aca3a7baf218bf93ef7fa768d,69,64,16911.80,150,0.001253245722121633,0.5289659094561616,PR,61,61,2,0.03278688524590164,61,4.327868852459017
41b39e28db005d9731d9d485a83b4c38,229,193,16872.75,151,0.0012503519292995295,0.5302162613854611,SP,182,176,11,0.0625,182,4.137362637362638
c3acdfac4e3e97ff87529454fbc03642,12,12,16788.00,152,0.0012440715466702525,0.5314603329321314,SP,12,12,1,0.08333333333333333,12,4.25
86ccac0b835037332a596a33b6949ee1,209,179,16593.24,153,0.00122963889391653,0.5326899718260479,SC,170,169,6,0.03550295857988166,170,4.2558823529411764
8ae520247981aa06bc94abddf5f46d34,65,65,16320.99,154,0.0012094638594525688,0.5338994356855005,SC,65,65,1,0.015384615384615385,65,4.446153846153846
7aa4334be125fcdd2ba64b3180029f14,240,217,16234.81,155,0.001203077506945299,0.5351025131924457,SP,214,211,29,0.13744075829383887,212,4.1084905660377355
ef0ace09169ac090589d85746e3e036f,140,129,16223.30,156,0.001202224560584674,0.5363047377530304,RJ,126,125,11,0.088,126,4.388888888888889
4a3ccda38b2129705f3fb522db62ca31,74,65,16206.99,157,0.0012010159111370809,0.5375057536641675,SP,62,61,6,0.09836065573770492,62,3.967741935483871
1f1bb1f0859883505541bdd6606193e5,29,27,16040.84,158,0.0011887033969913065,0.5386944570611588,SP,27,27,3,0.1111111111111111,27,4.333333333333333
fa40cc5b934574b62717c68f3d678b6d,339,306,16005.97,159,0.0011861193622741042,0.5398805764234329,SP,301,299,19,0.06354515050167224,299,4.48494983277592
4b9750c8ad28220fe6702d4ecb7c898f,222,218,15915.30,160,0.0011794002791708999,0.5410599767026039,SP,215,214,17,0.0794392523364486,215,4.367441860465116
229c3efbfb0ea2058de4ccdfbc3d784a,148,121,15744.00,161,0.0011667061252547328,0.5422266828278586,MG,121,118,2,0.01694915254237288,120,3.625
f9244d45189d3a3605499abddeade7d5,21,21,15731.43,162,0.0011657746277957356,0.5433924574556543,SP,21,20,0,0.0,21,4.285714285714286
0adac9fbd9a2b63cccaac4f8756c1ca8,135,107,15702.50,163,0.0011636307756486561,0.544556088231303,SP,104,103,7,0.06796116504854369,104,4.153846153846154
d921b68bf747894be13a97ae52b0f386,77,77,15645.80,164,0.0011594290329338477,0.5457155172642368,MG,76,76,1,0.013157894736842105,76,4.605263157894737
6061155addc1e54b4cfb51c1c2a32ad8,33,28,15633.40,165,0.001158510133292514,0.5468740273975293,SP,27,27,1,0.037037037037037035,27,4.777777777777778
2a84855fd20af891be03bc5924d2b453,165,161,15524.40,166,0.001150432709025951,0.5480244601065553,MG,159,153,5,0.032679738562091505,158,4.287974683544304
c33847515fa6305ce6feb1e818569f13,128,114,15519.85,167,0.0011500955321414295,0.5491745556386968,SC,108,108,5,0.046296296296296294,108,3.8981481481481484
85d9eb9ddc5d00ca9336a2219c97bb13,521,508,15383.34,168,0.001139979484557682,0.5503145351232543,MG,506,497,18,0.03621730382293763,503,4.1968190854870775
213b25e6f54661939f11710a6fddb871,194,155,15379.50,169,0.0011396949220881074,0.5514542300453424,SP,138,135,13,0.0962962962962963,137,4.0510948905109485
e5a38146df062edaf55c38afa99e42dc,125,121,15360.07,170,0.0011382550656339854,0.5525924851109765,SP,120,119,11,0.09243697478991597,119,3.9747899159663866
c847e075301870dd144a116762eaff9a,42,41,15248.80,171,0.0011300094234492106,0.5537224945344257,MG,41,41,4,0.0975609756097561,40,4.2
79ebd9a61bac3eaf882805ed4ecfa12a,143,136,15092.79,172,0.0011184483320746557,0.5548409428665003,PR,125,122,8,0.06557377049180328,125,4.176
e2a1ac9bf33e5549a2a4f834e70df2f8,5,5,14999.45,173,0.0011115313891293258,0.5559524742556297,SP,5,5,0,0.0,5,4.8
75d34ebb1bd0bd7dde40dd507b8169c3,71,61,14928.29,174,0.0011062580908650264,0.5570587323464946,BA,61,57,9,0.15789473684210525,61,3.7868852459016393
01fdefa7697d26ad920e9e0346d4bd1b,131,129,14921.43,175,0.0011057497318699015,0.5581644820783646,PR,128,127,8,0.06299212598425197,127,4.346456692913386
1b4c3a6f53068f0b6944d2d005c9fc89,117,113,14760.30,176,0.0010938092238692474,0.5592582913022338,SC,110,108,7,0.06481481481481481,109,4.229357798165138
a5cba26a62b8b4d0145b68b841e62e7f,55,54,14737.84,177,0.001092144829841477,0.5603504361320754,PR,54,53,1,0.018867924528301886,54,4.518518518518518
4c2b230173bb36f9b240f2b8ac11786e,346,261,14592.27,178,0.0010813573926810773,0.5614317935247565,SP,256,253,26,0.10276679841897234,252,3.988095238095238
080199a181c46c657dc5aa235411be3b,83,79,14504.20,179,0.0010748309820833141,0.5625066245068396,SP,79,79,2,0.02531645569620253,78,4.615384615384615
8e6d7754bc7e0f22c96d255ebda59eba,130,85,14497.27,180,0.001074317435751504,0.5635809419425912,SP,78,77,14,0.18181818181818182,78,3.621794871794872
cf8ab1616079e2793aa29d524df01bb1,9,9,14391.00,181,0.0010664423176156542,0.5646473842602069,SP,9,6,1,0.16666666666666666,9,2.0
5cf13accae3222c70a9cac40818ae839,156,149,14383.20,182,0.0010658643000993314,0.5657132485603062,MG,143,142,5,0.035211267605633804,142,4.535211267605634
a6bd7d1ccdac48c6b33b28596b7eb122,16,16,14368.61,183,0.0010647831109245685,0.5667780316712308,PB,14,13,2,0.15384615384615385,13,3.6923076923076925
66922902710d126a0e7d26b0e3805106,156,151,14362.30,184,0.0010643155095748252,0.5678423471808056,MG,149,148,11,0.07432432432432433,148,4.493243243243243
aba1721a889e04decc910aa13b768ef4,92,83,14103.30,185,0.0010451223638405153,0.5688874695446461,SP,81,81,9,0.1111111111111111,81,4.444444444444445
f08a5b9dd6767129688d001acafc21e5,18,11,14069.63,186,0.0010426272548950551,0.5699300967995412,RS,11,11,2,0.18181818181818182,11,4.2727272727272725
3b15288545f8928d3e65a8f949a28291,121,104,14061.79,187,0.001042046273186341,0.5709721430727275,SP,98,95,7,0.07368421052631578,97,4.082474226804123
c6bda72e4dbf5c5866b13cb1810c6d03,59,59,14059.38,188,0.0010418676805947589,0.5720140107533223,SP,55,55,2,0.03636363636363636,55,4.536363636363636
2e90cb1677d35cfe24eef47d441b7c87,137,127,13894.71,189,0.0010296648415674661,0.5730436755948898,SP,126,126,17,0.1349206349206349,126,4.111111111111111
d94a40fd42351c259927028d163af842,110,101,13823.80,190,0.0010244100695056132,0.5740680856643954,MG,94,93,4,0.043010752688172046,93,4.290322580645161
05f51e13da97139648b8125c31e5f51b,63,60,13769.01,191,0.0010203498669774942,0.5750884355313728,MG,60,57,9,0.15789473684210525,60,4.066666666666666
b8bc237ba3788b23da09c0f1f3a3288c,47,45,13685.71,192,0.0010141769363224053,0.5761026124676952,SC,45,45,1,0.022222222222222223,44,4.318181818181818
6039e27294dc75811c0d8a39069f52c0,75,64,13670.70,193,0.0010130646231275328,0.5771156770908228,SP,63,62,14,0.22580645161290322,63,3.6984126984126986
a673821011d0cec28146ea42f5ab767f,144,127,13625.70,194,0.0010097299066872088,0.57812540699751,SP,118,116,14,0.1206896551724138,114,4.109649122807017
1f9ab4708f3056ede07124aad39a2554,79,78,13602.73,195,0.0010080277192064478,0.5791334347167164,SP,77,75,4,0.05333333333333334,76,4.118421052631579
6d66611d7c44cc30ce351abc49a68421,176,166,13593.40,196,0.0010073363213311537,0.5801407710380476,SP,162,160,10,0.0625,160,3.95
240b9776d844d37535668549a396af32,36,36,13592.08,197,0.0010072385029822376,0.5811480095410299,RJ,36,35,2,0.05714285714285714,36,4.277777777777778
610f72e407cdd7caaa2f8167b0163fd8,17,16,13585.16,198,0.0010067256976985255,0.5821547352387283,SP,15,15,2,0.13333333333333333,15,3.8
ce248b21cb2adc36282ede306b7660e5,65,64,13560.19,199,0.0010048753005981947,0.5831596105393265,SC,60,60,7,0.11666666666666667,60,4.283333333333333
289cdb325fb7e7f891c38608bf9e0962,126,110,13544.95,200,0.0010037459432970716,0.5841633564826236,SP,104,103,2,0.019417475728155338,104,4.625
0b35c634521043bf4b47e21547b99ab5,78,51,13533.65,201,0.0010029085589465011,0.5851662650415701,PR,44,43,8,0.18604651162790697,43,3.4186046511627906
440dd6ab244315c632130ecfb63827b1,94,93,13526.90,202,0.0010024083514804526,0.5861686733930506,SP,92,90,12,0.13333333333333333,92,3.880434782608696
a3e9a2c700480d9bb01fba070ba80a0e,144,130,13440.80,203,0.0009960279273579658,0.5871647013204085,SP,119,118,12,0.1016949152542373,118,4.063559322033898
34d1ca11b242c0fee2c834ae8d788566,41,40,13422.24,204,0.0009946525420883566,0.5881593538624968,MG,40,40,0,0.0,39,4.333333333333333
87b740daf17b5d1be335a64164ec6842,12,12,13399.88,205,0.0009929955585415643,0.5891523494210384,SP,11,10,1,0.1,11,3.727272727272727
1ca7077d890b907f89be8c954a02686a,137,115,13341.57,206,0.0009886745070830023,0.5901410239281214,SP,113,106,24,0.22641509433962265,112,2.330357142857143
8cc6a0e5738e61a87b03c78b2ba9db4b,26,24,13312.40,207,0.0009865128697815742,0.5911275367979031,MG,24,23,2,0.08695652173913043,24,4.333333333333333
d05ae8f7a5bd1d2a690a44cd079e4e27,80,77,13244.00,208,0.0009814441007922816,0.5921089808986953,RJ,75,75,7,0.09333333333333334,74,3.945945945945946
5d378b73ab7dd6f0418d743e5dcb0bd1,7,7,13243.00,209,0.0009813699959824967,0.5930903508946778,SP,7,6,1,0.16666666666666666,7,3.857142857142857
ad97a199236354e53fcd91a5a913e9a2,18,17,13205.90,210,0.0009786207075394738,0.5940689716022173,SC,17,16,2,0.125,17,4.529411764705882
c31eff8334d6b3047ed34bebd4d62c36,123,122,13191.50,211,0.00097755359827857,0.5950465252004958,SP,118,116,17,0.14655172413793102,117,3.871794871794872
e8b3a3a38279a82f0e5d006d5e5b7d2c,92,87,13154.70,212,0.0009748265412784829,0.5960213517417743,PR,86,79,4,0.05063291139240506,86,3.8255813953488373
6edacfd9f9074789dad6d62ba7950b9c,218,207,13137.20,213,0.0009735297071072458,0.5969948814488816,SP,198,196,12,0.061224489795918366,198,4.444444444444445
669ae81880e08f269a64487cfb287169,185,161,13133.87,214,0.0009732829380906618,0.5979681643869722,SC,159,159,7,0.0440251572327044,158,4.2974683544303796
9e6229250fedbe05838fef417b74e7fb,78,74,13132.20,215,0.0009731591830583209,0.5989413235700306,SP,68,67,3,0.04477611940298507,68,4.014705882352941
431af27f296bc6519d890aa5a05fdb11,125,117,13109.50,216,0.0009714770038762018,0.5999128005739068,SP,115,114,18,0.15789473684210525,114,3.8157894736842106
d50d79cb34e38265a8649c383dcffd48,70,70,13012.42,217,0.0009642829089422758,0.6008770834828491,SP,68,68,5,0.07352941176470588,67,4.2388059701492535
530ec6109d11eaaf87999465c6afee01,104,97,12983.81,218,0.0009621627703343275,0.6018392462531833,PR,97,94,1,0.010638297872340425,97,4.237113402061856
6e386f64c84e482f0b9abf960797ee1b,30,30,12938.30,219,0.000958790260441013,0.6027980365136244,SP,30,29,3,0.10344827586206896,28,4.607142857142857
e24fc9fcd865784fb25705606fe3dfe7,56,52,12936.00,220,0.0009586198193785076,0.6037566563330029,SP,52,51,4,0.0784313725490196,52,4.173076923076923
039e6ad9dae79614493083e241147386,5,5,12925.00,221,0.0009578046664708729,0.6047144609994737,SP,5,5,1,0.2,5,4.0
c60b801f2d52c7f7f91de00870882a75,41,41,12913.50,222,0.0009569524611583456,0.605671413460632,SP,38,36,8,0.2222222222222222,38,3.4473684210526314
99eaacc9e6046db1c82b163c5f84869f,69,65,12880.27,223,0.0009544899583291907,0.6066259034189613,SP,65,63,7,0.1111111111111111,65,3.923076923076923
ac3508719a1d8f5b7614b798f70af136,104,103,12775.84,224,0.0009467511930433452,0.6075726546120046,RS,101,99,3,0.030303030303030304,99,4.595959595959596
ed4acab38528488b65a9a9c603ff024a,40,32,12759.45,225,0.0009455366152109694,0.6085181912272156,SP,32,31,1,0.03225806451612903,32,3.71875
cfb1a033743668a192316f3c6d1d2671,183,146,12753.74,226,0.0009451134767470971,0.6094633047039627,SP,131,128,16,0.125,130,4.180769230769231
7202e2ba20579a9bd1acb29e61fe71f6,55,53,12750.50,227,0.0009448733771633938,0.6104081780811261,SP,53,51,3,0.058823529411764705,52,3.8653846153846154
c66dccfb3f109511246da627dd5a2498,45,45,12708.55,228,0.0009417646803929138,0.611349942761519,SP,43,42,2,0.047619047619047616,43,4.511627906976744
00fc707aaaad2d31347cf883cd2dfe10,135,103,12684.90,229,0.000940012101641499,0.6122899548631605,PR,98,98,5,0.05102040816326531,98,4.076530612244898
2e1c9f22be269ef4643f826c9e650a52,172,166,12640.19,230,0.0009366988755960126,0.6132266537387565,SP,164,159,11,0.06918238993710692,161,4.22360248447205
b372ee768ed69e46ca8cdbd267aa7a38,69,63,12630.00,231,0.0009359437475843037,0.6141625974863408,SP,63,63,0,0.0,63,4.436507936507937
a7f13822ceb966b076af67121f87b063,86,75,12477.64,232,0.000924653138765464,0.6150872506251063,SP,75,73,5,0.0684931506849315,74,3.3378378378378377
2b1a40c1daabc6ca280c4b815c101841,33,22,12342.60,233,0.0009146460252521002,0.6160018966503584,MG,22,22,1,0.045454545454545456,22,3.8181818181818183
056b4ada5bbc2c50cc7842547dda6b51,66,65,12333.39,234,0.0009139635199539805,0.6169158601703124,RJ,65,64,7,0.109375,64,4.171875
d6b1ce66b035a475f00c017792ff9769,108,92,12277.40,235,0.0009098143916541195,0.6178256745619665,SP,88,88,6,0.06818181818181818,87,4.35632183908046
48436dade18ac8b2bce089ec2a041202,151,138,12271.71,236,0.0009093927352864429,0.6187350672972529,SP,136,132,10,0.07575757575757576,136,4.051470588235294
2138ccb85b11a4ec1e37afbd1c8eda1f,425,393,12264.16,237,0.0009088332439725664,0.6196439005412255,SP,379,374,21,0.05614973262032086,378,3.9894179894179893
c510bc1718f0f2961eaa42a23330681a,13,13,12251.00,238,0.000907858024675796,0.6205517585659013,SP,13,12,0,0.0,13,4.0
fbc14c0cf93505ef89f64665ffa4a7b5,18,18,12227.82,239,0.0009061402751849801,0.6214578988410863,SP,17,17,1,0.058823529411764705,16,4.125
c8b0e2b0a7095e5d8219575d5e7e1181,85,84,12170.21,240,0.0009018710970932674,0.6223597699381795,SP,82,82,6,0.07317073170731707,81,4.111111111111111
66e0557ecc2b4dbea057e93f215f68d8,30,30,12141.00,241,0.0008997064955994481,0.623259476433779,SP,30,30,8,0.26666666666666666,30,4.033333333333333
70c27847eca8195c983ed7e798c56743,98,77,12077.52,242,0.0008950023222742976,0.6241544787560533,RJ,75,75,7,0.09333333333333334,75,4.266666666666667
ff063b022a9a0aab91bad2c9088760b7,96,94,12076.50,243,0.0008949267353683169,0.6250494054914216,SP,91,91,3,0.03296703296703297,91,4.384615384615385
701938c450705b8ae65fc923b70f35c7,112,75,11983.28,244,0.000888018685000161,0.6259374241764217,SP,75,74,5,0.06756756756756757,74,4.013513513513513
e26901d5ab434ce92fd9b5c256820a4e,220,201,11911.00,245,0.0008826623893489026,0.6268200865657706,SP,200,196,5,0.025510204081632654,200,4.135
128639473a139ac0f3e5f5ade55873a5,560,533,11908.85,246,0.000882503064007865,0.6277025896297784,PR,526,520,33,0.06346153846153846,520,4.201923076923077
d71d863e5ef30d94e440c11be17dcd8f,36,29,11900.90,247,0.0008819139307700743,0.6285845035605486,SP,28,22,3,0.13636363636363635,25,2.88
8b8cfc8305aa441e4239358c9f6f2485,15,15,11892.00,248,0.000881254397962988,0.6294657579585116,PR,15,15,2,0.13333333333333333,15,4.2
7901646fdd36a55f564ffaf2dbccaaf7,27,22,11857.08,249,0.0008786666580052965,0.6303444246165169,RJ,22,22,3,0.13636363636363635,22,4.5
09f952a5f58d2285b0372551ae8f9b01,56,50,11821.50,250,0.0008760300088731469,0.63122045462539,SP,44,44,3,0.06818181818181818,44,4.068181818181818
adbc26658d6c7b4b6219f9d934598091,92,88,11806.40,251,0.0008749110262453937,0.6320953656516355,PR,86,86,14,0.16279069767441862,86,4.116279069767442
72c5da29406b4234927b81855e7b64f6,31,31,11798.69,252,0.0008743396781619515,0.6329697053297973,SP,30,30,1,0.03333333333333333,30,4.233333333333333
ce7d1888639e6fb06b2749cbfdac1ff7,84,78,11793.89,253,0.0008739839750749835,0.6338436893048723,MG,73,73,7,0.0958904109589041,73,4.315068493150685
bba3293d6f5d5af2f415e004e8b93ae3,17,17,11702.10,254,0.0008671818945848202,0.6347108711994571,SP,17,17,1,0.058823529411764705,17,4.294117647058823
25e6ffe976bd75618accfe16cefcbd0d,116,107,11591.61,255,0.0008589940541516778,0.6355698652536089,SP,104,103,6,0.05825242718446602,104,4.509615384615385
0be8ff43f22e456b4e0371b2245e4d01,177,158,11535.80,256,0.0008548582647175779,0.6364247235183265,SP,152,150,10,0.06666666666666667,152,4.065789473684211
c4d51195486dc781531876a7d00453d8,17,17,11468.98,257,0.0008499065813277455,0.6372746300996542,SP,17,17,5,0.29411764705882354,17,3.9411764705882355
80e6699fe29150b372a0c8a1ebf7dcc8,100,98,11441.56,258,0.0008478746274434414,0.6381225047270976,PR,96,94,4,0.0425531914893617,95,4.347368421052631
d1b65fc7debc3361ea86b5f14c68d2e2,40,39,11413.17,259,0.0008457707918936458,0.6389682755189914,SP,39,39,2,0.05128205128205128,39,4.641025641025641
b4f8921fcc4ff77b66bea6dda43dcd51,20,18,11395.05,260,0.0008444280127403419,0.6398127035317316,RS,17,17,1,0.058823529411764705,17,4.529411764705882
cab85505710c7cb9b720bceb52b01cee,209,206,11389.10,261,0.0008439870891221214,0.6406566906208537,SP,204,199,5,0.02512562814070352,203,4.293103448275862
1d8dbc4f32378d715c717c1c1fc57bae,98,92,11315.89,262,0.0008385618759977629,0.6414952524968515,PR,88,87,9,0.10344827586206896,86,4.127906976744186
813348c996469b40f2e028d5429d3495,202,179,11205.83,263,0.000830405900632828,0.6423256583974843,SP,177,170,9,0.052941176470588235,173,4.07514450867052
6cd68b3ed6d59aaa9fece558ad360c0a,157,149,11188.57,264,0.0008291268516159391,0.6431547852491003,MG,145,145,3,0.020689655172413793,145,4.462068965517242
5a8e7d5003a1f221f9e1d6e411de7c23,180,138,11112.00,265,0.0008234526463307032,0.643978237895431,SP,127,126,8,0.06349206349206349,126,4.198412698412699
ccb83a794700270fde70898fe9ff368b,12,12,11062.00,266,0.0008197474058414542,0.6447979853012724,SC,12,12,2,0.16666666666666666,12,4.333333333333333
95e03ca3d4146e4011985981aeb959b9,193,175,11009.96,267,0.0008158909915402438,0.6456138762928126,RJ,171,168,6,0.03571428571428571,169,4.056213017751479
7ea5bfa6c340f58f8e71fc1f0412b0d6,104,98,11002.89,268,0.0008153670705350639,0.6464292433633477,MG,94,92,7,0.07608695652173914,93,4.247311827956989
8d956fec2e4337affcb520f56fd8cbfd,227,210,10988.20,269,0.0008142784708793227,0.6472435218342272,SP,208,208,22,0.10576923076923077,208,4.235576923076923
54965bbe3e4f07ae045b90b0b8541f52,86,78,10961.30,270,0.0008122850514961066,0.6480558068857232,PR,77,72,22,0.3055555555555556,73,3.0273972602739727
82e0a475a88cc9595229d8029273f045,79,41,10748.02,271,0.0007964799776651661,0.6488522868633883,SP,40,40,4,0.1,40,3.675
0ea22c1cfbdc755f86b9b54b39c16043,269,237,10711.70,272,0.0007937884909737755,0.6496460753543621,MG,222,219,4,0.0182648401826484,219,4.488584474885845
ce27a3cc3c8cc1ea79d11e561e9bebb6,164,135,10682.65,273,0.0007916357462495219,0.6504377111006117,SP,135,122,3,0.02459016393442623,130,3.9153846153846152
dd2bdf855a9172734fbc3744021ae9b9,111,106,10676.90,274,0.0007912096435932582,0.6512289207442048,MG,106,105,6,0.05714285714285714,102,3.843137254901961
6973a06f484aacf400ece213dbf3d946,111,92,10666.59,275,0.0007904456230043751,0.6520193663672093,SP,79,77,15,0.19480519480519481,78,3.8076923076923075
23d7c96d4a1160db1c726b248601b25a,52,50,10658.24,276,0.0007898268478426704,0.6528091932150519,SP,50,50,6,0.12,48,3.9270833333333335
c9c7905cffc4ef9ff9f113554423e671,139,127,10657.18,277,0.0007897482967442985,0.6535989415117962,SP,125,125,13,0.104,125,4.152
f3b80352b986ab4d1057a4b724be19d0,92,87,10505.10,278,0.0007784784372721986,0.6543774199490685,DF,87,86,0,0.0,87,4.172413793103448
f262cbc1c910c83959f849465454ddd3,206,191,10459.84,279,0.0007751244535813303,0.6551525444026498,SP,190,188,18,0.09574468085106383,189,4.156084656084656
c864036feaab8c1659f65ea4faebe1da,58,58,10454.20,280,0.0007747065024541431,0.6559272509051038,PR,58,58,2,0.034482758620689655,58,4.568965517241379
b499c00f28f4b7069ff6550af8c1348a,187,152,10327.13,281,0.0007652900042747655,0.6566925409093787,SP,146,141,19,0.1347517730496454,146,4.1506849315068495
ea566164622c6b439516ab18062c42cd,52,50,10309.42,282,0.0007639776080934736,0.6574565185174722,SP,50,50,11,0.22,50,3.78
33a6f4b1e7cdc205511e76ba1b6e0186,126,105,10295.01,283,0.000762909757784472,0.6582194282752566,SP,100,100,2,0.02,100,4.46
9d5a9018aee56acb367ba9c3f05d1d6a,79,67,10292.31,284,0.0007627096747980525,0.6589821379500548,GO,66,65,1,0.015384615384615385,66,4.454545454545454
bd23da7354813347129d751591d1a6e2,89,88,10264.40,285,0.0007606414095569537,0.6597427793596116,SP,85,83,4,0.04819277108433735,84,4.071428571428571
06532f10282704ef4c69168b914b77be,9,8,10220.50,286,0.0007573882084073931,0.660500167568019,PR,8,7,0,0.0,8,4.25
1c5e4e49b9079480255b49d50aac1aa9,12,12,10173.11,287,0.0007538763814716829,0.6612540439494907,SP,12,12,0,0.0,12,4.333333333333333
7b1222c3624aa89b9558b50a2594188c,22,22,10103.52,288,0.0007487194277587461,0.6620027633772495,SP,22,22,3,0.13636363636363635,22,4.454545454545454
5058e8c1e82653974541e83690655b4a,78,63,10022.82,289,0.0007427391696090981,0.6627455025468586,SP,60,59,8,0.13559322033898305,59,3.3389830508474576
054694fa03fe82cec4b7551487331d74,22,21,9983.10,290,0.0007397957265644387,0.663485298273423,SP,21,20,6,0.3,21,3.4761904761904763
9d4db00d65d7760644ac0c14edb5fd86,100,98,9979.70,291,0.0007395437702111699,0.6642248420436341,SP,98,97,4,0.041237113402061855,97,4.515463917525773
5882820ef11c4c068eea0677a7a879b4,14,14,9925.50,292,0.0007355272895208239,0.6649603693331549,RS,14,14,1,0.07142857142857142,13,4.153846153846154
0df3984f9dfb3d49ac6366acbd3bbb85,88,86,9891.49,293,0.0007330069849400367,0.665693376318095,MG,83,83,1,0.012048192771084338,83,4.457831325301205
5343d0649eca2a983820bfe93fc4d17e,110,70,9819.02,294,0.0007276366093749192,0.66642101292747,SP,61,61,7,0.11475409836065574,60,4.166666666666667
ef506c96320abeedfb894c34db06f478,339,323,9755.44,295,0.0007229250255687902,0.6671439379530387,SP,316,309,27,0.08737864077669903,313,3.94888178913738
17ca9b9e9b9ef8fdb529001b49ebb50f,129,116,9754.83,296,0.0007228798216348212,0.6678668177746736,MG,113,112,3,0.026785714285714284,113,4.053097345132743
01cf7e3d21494c41fb86034f2e714fa1,67,61,9729.36,297,0.0007209923721295978,0.6685878101468031,PR,61,59,3,0.05084745762711865,60,4.15
4830e40640734fc1c52cd21127c341d4,216,208,9718.49,298,0.000720186852847235,0.6693079969996504,SP,201,197,14,0.07106598984771574,200,4.205
ca3bd7cd9f149df75950150d010fe4a2,137,70,9705.67,299,0.0007192368291857916,0.6700272338288362,SP,69,67,3,0.04477611940298507,69,4.0144927536231885
17306570e772e7718c92a562d33f5f1d,32,29,9669.80,300,0.0007165786896588043,0.670743812518495,SP,28,26,2,0.07692307692307693,28,3.5714285714285716
e96498ed8daaa3e9c23f7a62da76591c,34,34,9619.09,301,0.000712820834754608,0.6714566333532497,SP,34,34,5,0.14705882352941177,34,3.9411764705882355
31344c16881c08a8a72c6d2eb29918c1,43,43,9615.70,302,0.000712569619449437,0.672169202972699,MG,41,40,2,0.05,41,4.414634146341464
e7df4cd29ab5abab70fb0783ddb53987,24,23,9608.70,303,0.0007120508857809421,0.6728812538584799,SP,22,22,4,0.18181818181818182,22,4.363636363636363
b2ac621f0d0322434d04a12b078b9369,30,30,9575.50,304,0.0007095906060960807,0.673590844464576,PR,29,29,3,0.10344827586206896,29,4.413793103448276
1c129092bf23f28a5930387c980c0dfc,220,201,9553.62,305,0.0007079691928579854,0.674298813657434,SP,186,185,11,0.05945945945945946,185,4.345945945945946
3db66a856d18a9cba7c9241fc5221c50,97,94,9478.30,306,0.0007023876185849805,0.675001201276019,MG,93,93,11,0.11827956989247312,93,4.21505376344086
81a1104df0f08b59c68aa5b03cfe398e,73,73,9420.88,307,0.000698132520407127,0.6756993337964261,PR,73,72,4,0.05555555555555555,71,4.267605633802817
066a6914e1ebf3ea95a216c73a986b91,74,68,9410.38,308,0.0006973544199043847,0.6763966882163306,PR,66,64,2,0.03125,65,4.138461538461539
cb8bcce248bb1fb274ba762d8b971456,69,68,9402.20,309,0.0006967482425603436,0.6770934364588909,MG,67,65,1,0.015384615384615385,67,4.2388059701492535
a00824eb9093d40e589b940ec45c4eb0,3,3,9399.97,310,0.000696582988834523,0.6777900194477254,SP,3,3,0,0.0,3,4.666666666666667
3c487ae8f8d7542beff5788e2e0aea83,33,30,9385.70,311,0.0006955255131988915,0.6784855449609243,DF,30,30,1,0.03333333333333333,30,4.2
aaed1309374718fdd995ee4c58c9dfcd,112,105,9376.95,312,0.0006948770961132728,0.6791804220570374,SC,104,103,3,0.02912621359223301,104,4.096153846153846
05feb94f19d094d4b0f9281f0b1d4c99,6,6,9353.00,313,0.0006931022859189226,0.6798735243429564,SP,6,6,0,0.0,6,4.5
270297ead4c65a6cd2593960d2af6b21,19,17,9344.40,314,0.0006924649845547716,0.6805659893275112,SP,16,16,0,0.0,16,3.9375
7b07b3c7487f0ea825fc6df75abd658b,97,92,9332.09,315,0.0006915527543463186,0.6812575420818575,SP,91,90,4,0.044444444444444446,91,4.373626373626373
8b28d096634035667e8263d57ba3368c,154,142,9287.80,316,0.0006882706523209418,0.6819458127341785,SP,138,135,16,0.11851851851851852,136,4.022058823529412
048c2757535328e0d7dac690ad3c0aae,51,51,9264.78,317,0.0006865647595996916,0.6826323774937781,SP,51,50,7,0.14,50,4.18
aafe36600ce604f205b86b5084d3d767,131,129,9251.40,318,0.0006855732372447685,0.683317950731023,SC,127,127,6,0.047244094488188976,127,4.4015748031496065
7040e82f899a04d1b434b795a43b4617,224,209,9248.60,319,0.0006853657437773706,0.6840033164748003,SP,204,203,20,0.09852216748768473,202,3.628712871287129
624f4ece8da4aafb77699233d480f8ef,55,53,9205.00,320,0.0006821347740707455,0.684685451248871,SP,47,46,4,0.08695652173913043,46,4.391304347826087
dd7ddc04e1b6c2c614352b383efe2d36,143,122,9178.51,321,0.0006801717376595413,0.6853656229865306,SP,115,114,19,0.16666666666666666,114,3.8947368421052633
4e7c18b98d84e05cbae3ff0ff03846c2,89,82,9177.90,322,0.0006801265337255724,0.6860457495202562,SP,81,80,4,0.05,80,4.1875
6c12e40690c335dbc2f68a4134d30dc1,18,16,9139.20,323,0.0006772586775868937,0.6867230081978432,PR,16,16,0,0.0,14,4.071428571428571
8e8a7ce9f2f970dc00e2acf6f6e199f6,66,65,9101.00,324,0.0006744278738531074,0.6873974360716962,RJ,65,63,6,0.09523809523809523,64,4.015625
0db783cfcd3b73998abc6e10e59a102f,137,132,9077.40,325,0.0006726790003421819,0.6880701150720383,SP,130,130,5,0.038461538461538464,129,4.217054263565892
06df0c10d34e459d9672bc77388742eb,30,26,9070.00,326,0.000672130624749773,0.6887422456967881,PR,26,26,3,0.11538461538461539,26,4.346153846153846
5b8154610ebb21fb90eb587365e673df,40,37,9048.05,327,0.0006705040241749927,0.6894127497209631,SP,37,37,4,0.10810810810810811,37,4.162162162162162
9b013e03b2ab786505a1d3b5c0756754,225,174,9027.40,328,0.0006689737598529329,0.6900817234808161,SP,171,167,10,0.059880239520958084,170,4.188235294117647
f80edd2c5aaa505cc4b0a3b219abf4b8,127,118,8978.30,329,0.0006653352136924903,0.6907470586945085,SP,112,110,6,0.05454545454545454,111,4.198198198198198
fffd5413c0700ac820c7069d66d98c89,60,59,8962.50,330,0.0006641643576978877,0.6914112230522064,SP,55,53,8,0.1509433962264151,54,4.037037037037037
403aa86912527d730337ffcb0fb096ab,11,11,8959.89,331,0.0006639709441443488,0.6920751939963508,MG,11,11,0,0.0,10,4.0
f27e33c6d29b5138fa9967bcd445b6d5,98,93,8888.30,332,0.0006586657808118421,0.6927338597771627,SP,91,91,10,0.10989010989010989,91,4.076923076923077
32b8764b4ef628b53608fc34011fcc13,38,36,8884.00,333,0.0006583471301297667,0.6933922069072924,SC,35,35,3,0.08571428571428572,35,4.228571428571429
5f2684dab12e59f83bef73ae57724e45,73,67,8870.97,334,0.0006573815444582684,0.6940495884517506,SP,67,67,4,0.05970149253731343,67,3.791044776119403
d03698c2efd04a549382afa6623e27fb,21,18,8865.47,335,0.0006569739680044509,0.6947065624197551,BA,17,17,1,0.058823529411764705,17,4.705882352941177
a49928bcdf77c55c6d6e05e09a9b4ca5,106,98,8816.70,336,0.0006533598764312375,0.6953599222961863,SP,95,93,25,0.26881720430107525,95,3.0631578947368423
af4a0e4cfe1d9c26b6712b1be25a72e5,26,21,8757.98,337,0.0006490084420006635,0.696008930738187,MG,19,19,2,0.10526315789473684,19,3.6315789473684212
562fc2f2c2863ab7e79a9e4388a58a14,268,258,8754.22,338,0.0006487298079158719,0.6966576605461029,SP,251,248,9,0.036290322580645164,249,4.261044176706827
1da3aeb70d7989d1e6d9b0e887f97c23,327,264,8733.53,339,0.0006471965794014207,0.6973048571255043,SP,257,254,15,0.05905511811023622,255,4.180392156862745
6d803cb79cc31c41c4c789a75933b3c7,66,58,8711.40,340,0.000645556639960879,0.6979504137654652,SP,58,58,4,0.06896551724137931,58,4.25
b1a81260566c1bac3114a6d124413f27,54,51,8684.69,341,0.0006435773004915223,0.6985939910659567,RS,49,49,1,0.02040816326530612,49,4.3061224489795915
18a349e75d307f4b4cc646a691ed4216,146,119,8631.03,342,0.0006396008363984602,0.6992335919023552,SP,117,107,7,0.06542056074766354,116,3.5258620689655173
9596c870880d900012f2e8e6e30d06d7,24,22,8606.25,343,0.0006377645192119884,0.6998713564215673,MG,22,21,1,0.047619047619047616,22,4.136363636363637
db2956745b3a8e9f3785c99f34b5d25e,48,47,8599.00,344,0.0006372272593410472,0.7005085836809083,SP,45,43,5,0.11627906976744186,45,3.8222222222222224
6c7d50c24b3ccd2fd83b44d8bb34e073,127,113,8572.65,345,0.000635274597603213,0.7011438582785113,SP,103,102,2,0.0196078431372549,103,4.563106796116505
259f7b5e6e482c230e5bfaa670b6bb8f,165,138,8526.04,346,0.0006318205724191352,0.7017756788509306,SP,134,132,3,0.022727272727272728,133,4.368421052631579
93dc87703c046b603023e75222018b45,36,35,8517.35,347,0.0006311766016221036,0.7024068554525527,MG,34,32,3,0.09375,32,4.0
cbd996ad3c1b7dc71fd0e5f5df9087e2,196,165,8411.04,348,0.0006232985192938624,0.7030301539718466,SP,164,159,14,0.0880503144654088,160,4.14375
b18dc380845b24038cfc48006478f099,54,44,8353.30,349,0.0006190197075768775,0.7036491736794234,SP,44,43,7,0.16279069767441862,43,4.1395348837209305
36a968b544695394e4e9d7572688598f,161,153,8341.97,350,0.0006181801000820137,0.7042673537795054,SP,151,146,7,0.04794520547945205,151,3.6589403973509933
6c177e38df6d3f34182b1f1d427231bf,56,55,8341.89,351,0.0006181741716972308,0.7048855279512026,PR,55,53,2,0.03773584905660377,55,4.036363636363636
2089a6d640999f9b9141ac719b2af596,43,43,8341.82,352,0.000618168984360546,0.7055036969355631,SP,42,40,6,0.15,42,3.857142857142857
7d456afc660226829370f3173d14520c,91,56,8338.25,353,0.0006179044301896136,0.7061216013657527,SP,51,50,3,0.06,51,4.431372549019608
26d8a1c7c75d513045798992ead43aa2,38,36,8244.12,354,0.0006109289444445534,0.7067325303101974,PR,36,34,3,0.08823529411764706,36,4.305555555555555
b92e3c8f9738272ff7c59e111e108d7c,70,62,8231.09,355,0.000609963358773055,0.7073424936689704,MG,59,59,2,0.03389830508474576,59,4.186440677966102
fcb5ace8bcc92f75707dc0f01a27d269,72,61,8205.38,356,0.0006080581241134831,0.7079505517930839,SP,60,58,2,0.034482758620689655,59,3.9491525423728815
784ba75dd9d20200c4caed3d7a77141a,23,20,8202.23,357,0.0006078246939626605,0.7085583764870466,SP,20,19,2,0.10526315789473684,20,3.975
397c4d0c005b6f41f90098ac724e28cb,5,5,8177.00,358,0.0006059550296117855,0.7091643315166584,SP,5,5,2,0.4,5,4.4
4371b634e0efc0e22b09b52907d9d469,111,101,8168.00,359,0.0006052880863237207,0.709769619602982,SP,98,98,8,0.08163265306122448,97,4.536082474226804
67883baaae6134ee81b271a542613728,19,19,8167.90,360,0.0006052806758427422,0.7103749002788248,SP,19,19,3,0.15789473684210525,19,4.105263157894737
86bb7c4b535e49a541baf3266b1c95b1,16,16,8162.40,361,0.0006048730993889247,0.7109797733782138,SP,16,16,3,0.1875,15,3.2
fdb9095204a334cd8872252ffec6f2db,61,46,8156.00,362,0.0006043988286063009,0.7115841722068201,SP,45,45,3,0.06666666666666667,45,4.166666666666667
52d76513f0c4d97f3b99570e2c94ee31,28,19,8153.10,363,0.0006041839246579244,0.712188356131478,RS,18,18,1,0.05555555555555555,17,4.0588235294117645
33a17d60c64393351ebf1ef860f4e0f2,47,43,8152.48,364,0.0006041379796758577,0.7127924941111539,RS,42,42,1,0.023809523809523808,42,4.642857142857143
4bfc7a4a1cf8d4d2121c27422d9e50b5,40,26,8124.40,365,0.0006020571166170955,0.713394551227771,SP,24,24,1,0.041666666666666664,24,4.5
8fb791022c1fc8909664f48ab7dc636d,5,5,8119.95,366,0.0006017273502135523,0.7139962785779845,SP,5,5,0,0.0,5,4.2
3078096983cf766a32a06257648502d1,62,57,8095.44,367,0.0005999110413257224,0.7145961896193102,SP,57,56,3,0.05357142857142857,57,4.315789473684211
972d0f9cf61b499a4812cf0bfa3ad3c4,88,83,8089.29,368,0.0005994552967455448,0.7151956449160558,SC,77,75,9,0.12,73,3.0821917808219177
750303a20e9c56b2a6bc45cdce0b897d,57,54,8085.00,369,0.0005991373871115673,0.7157947823031674,GO,54,53,2,0.03773584905660377,54,4.2407407407407405
6bd69102ab48df500790a8cecfc285c2,5,5,8070.00,370,0.0005980258149647926,0.7163928081181321,SP,5,5,1,0.2,5,3.0
5656537e588803a555b8eb41f07a944b,188,174,8065.93,371,0.0005977242083889678,0.7169905323265211,DF,172,169,12,0.07100591715976332,172,3.88953488372093
b1fc4f64df5a0e8b6913ab38803c57a9,121,107,7994.74,372,0.0005924486869803749,0.7175829810135015,RJ,99,99,12,0.12121212121212122,97,3.979381443298969
903037660cf848a717166eb7a06d616e,60,45,7991.51,373,0.0005922093284447694,0.7181751903419462,SP,43,42,6,0.14285714285714285,43,3.86046511627907
7a241947449cc45dbfda4f9d0798d9d0,71,61,7957.64,374,0.0005896993985373522,0.7187648897404836,MG,60,55,4,0.07272727272727272,59,3.8983050847457625
ebd2d60905fb58271facef5596b620d3,88,84,7941.72,375,0.0005885196499655753,0.7193534093904491,SP,82,80,3,0.0375,82,4.158536585365853
bbf9ad41dca6603e614efcdad7aab8c4,14,14,7846.00,376,0.0005814263375729569,0.7199348357280221,CE,14,14,0,0.0,14,4.5
989becdce12ebc39863c2bceab6f3ca1,18,18,7840.88,377,0.0005810469209468578,0.720515882648969,PR,18,15,2,0.13333333333333333,18,4.555555555555555
725c32fa80c2faacc4fc88450d27314e,93,89,7838.88,378,0.0005808987113272879,0.7210967813602962,SP,88,88,1,0.011363636363636364,86,4.523255813953488
8476243f92442881ddd5b578975cf115,12,12,7838.00,379,0.000580833499094677,0.7216776148593909,RS,11,11,1,0.09090909090909091,11,4.0
a2e874074c877c5a05abae80ad6e488f,45,43,7827.29,380,0.0005800398365818799,0.7222576546959728,SP,43,40,2,0.05,43,4.023255813953488
73a63f72308aa20a46f4b1632018f196,36,28,7811.80,381,0.0005788919530783106,0.7228365466490511,PR,24,23,0,0.0,23,4.434782608695652
d51e0a403fe2e689ece6c73359d96e12,26,19,7790.00,382,0.000577276468224998,0.7234138231172761,SP,19,18,2,0.1111111111111111,19,4.105263157894737
2dee2ce60de9709b1a24083217181a1f,55,54,7784.50,383,0.0005768688917711807,0.7239906920090472,MT,54,54,1,0.018518518518518517,54,4.425925925925926
7008613ea464bad5cb9b83456e1e6a8f,156,127,7777.00,384,0.0005763131056977932,0.724567005114745,SC,127,123,6,0.04878048780487805,126,4.261904761904762
7bac63f6603d382cc8d0832eb6c100a8,19,19,7751.95,385,0.0005744567802126795,0.7251414618949578,SP,19,19,3,0.15789473684210525,19,4.0
5b925e1d006e9476d738aa200751b73b,63,63,7748.50,386,0.0005742011186189213,0.7257156630135767,SP,63,63,4,0.06349206349206349,63,4.603174603174603
6fd52c528dcb38be2eea044946b811f8,84,67,7743.02,387,0.0005737950242612997,0.726289458037838,SP,67,67,9,0.13432835820895522,66,3.393939393939394
257e61d3251fb5efb9daadddbc2cf7ca,12,12,7729.00,388,0.0005727560748281142,0.726862214112666,PR,12,12,0,0.0,12,4.75
b410bdd36d5db7a65dcd42b7ead933b8,44,44,7726.90,389,0.0005726004547275658,0.7274348145673937,GO,44,42,1,0.023809523809523808,44,4.659090909090909
e5a3438891c0bfdb9394643f95273d8e,254,223,7711.05,390,0.0005714258934924739,0.7280062404608861,SP,220,213,40,0.18779342723004694,218,3.9541284403669725
3bb548e3cb7f70f28e3f11ee9dce0e59,53,46,7690.02,391,0.0005698674693426957,0.7285761079302289,PR,42,42,0,0.0,42,4.357142857142857
0432ead42b6c8a0bdf68154add917fdf,88,83,7669.30,392,0.0005683320176839509,0.7291444399479128,SP,79,78,3,0.038461538461538464,79,4.569620253164557
058fd0aa2bfdb2274e05e1ae971dabb6,64,61,7667.90,393,0.0005682282709502519,0.729712668218863,SP,60,59,4,0.06779661016949153,60,4.45
08633c14ef2db992c11f840f04fad4cd,97,74,7644.30,394,0.0005664793974393264,0.7302791476163024,SP,71,71,5,0.07042253521126761,71,4.394366197183099
4e17c65a516f69d023a2ae78b84f28d6,74,61,7639.26,395,0.0005661059091980101,0.7308452535255004,SP,61,61,4,0.06557377049180328,61,4.229508196721311
52f976b17ea7f2f087f56dcc419328f6,6,6,7630.00,396,0.0005654196986594011,0.7314106732241598,PR,6,6,0,0.0,6,3.6666666666666665
640e21a7d01df7614a3b4923e990d40c,137,116,7598.88,397,0.0005631135569788925,0.7319737867811387,SP,106,105,8,0.0761904761904762,106,4.377358490566038
54065e9aef7e9e9c2dc23b7594db021a,13,13,7578.00,398,0.0005615662485505821,0.7325353530296892,RJ,13,12,0,0.0,13,4.076923076923077
42bde9fef835393bb8a8849cb6b7f245,39,34,7574.00,399,0.0005612698293114422,0.7330966228590007,DF,34,34,1,0.029411764705882353,34,4.352941176470588
8a432f4e5b471f8da497d7dc517666e2,106,95,7555.00,400,0.0005598618379255276,0.7336564846969261,SP,89,89,5,0.056179775280898875,88,4.306818181818182
062ce95fa2ad4dfaedfc79260130565f,60,55,7521.00,401,0.0005573422743928383,0.734213826971319,RS,53,52,2,0.038461538461538464,53,4.037735849056604
4aba391bc3b88717ce08eb11e44937b2,29,28,7486.87,402,0.0005548130772348768,0.7347686400485539,BA,27,26,4,0.15384615384615385,27,3.962962962962963
0bae85eb84b9fb3bd773911e89288d54,146,137,7482.21,403,0.0005544677488212789,0.7353231077973752,SP,131,130,1,0.007692307692307693,131,4.297709923664122
c26a2be5b53b7db6b276280da212a779,18,13,7482.00,404,0.000554452186811224,0.7358775599841864,RJ,13,13,0,0.0,13,3.3846153846153846
bd0389da23d89b726abf911cccc54596,90,87,7472.16,405,0.0005537229954829398,0.7364312829796693,DF,86,86,7,0.08139534883720931,86,4.209302325581396
a420f60ff1aa9acc80d0e42959f2b313,69,67,7443.30,406,0.0005515843306725453,0.7369828673103419,SP,66,66,6,0.09090909090909091,64,4.0
8648b1e89e9b349e32d3741b30ec737e,103,95,7442.55,407,0.0005515287520652066,0.7375343960624071,SP,93,91,10,0.10989010989010989,93,4.096774193548387
512d298ac2a96d1931b6bd30aa21f61d,12,11,7401.94,408,0.0005485193557398384,0.738082915418147,RJ,10,10,0,0.0,10,4.6
e0a366315b1b726b6c7832d664c0f530,51,43,7400.09,409,0.0005483822618417363,0.7386312976799887,SP,42,42,2,0.047619047619047616,42,4.380952380952381
f25e239052084705e17a982bc600ab2a,8,8,7380.00,410,0.0005468934962131561,0.7391781911762019,SP,7,7,0,0.0,7,4.142857142857143
6a51fc556dab5f766ced6fbc860bc613,32,25,7377.77,411,0.0005467282424873356,0.7397249194186892,SP,25,24,2,0.08333333333333333,25,3.88
381c83fdca332ea6afd896da20bf6e4a,46,46,7355.80,412,0.0005451001598163596,0.7402700195785056,PR,46,46,2,0.043478260869565216,46,4.391304347826087
961dff0a659b4561334372337dd897d9,3,3,7297.00,413,0.0005407427970010026,0.7408107623755066,RJ,3,3,2,0.6666666666666666,3,4.666666666666667
b347677812ea483b0f528eaf8cbc09b7,21,21,7288.99,414,0.000540149217474625,0.7413509115929812,PR,20,20,0,0.0,20,4.6
febab0275244b9a49a623f0bd613ca2f,129,109,7272.42,415,0.0005389213007764878,0.7418898328937578,SP,101,98,5,0.05102040816326531,101,4.435643564356436
aced59e9b31ef866a94f9e7f29d8d418,67,61,7268.50,416,0.0005386308099221307,0.7424284637036799,SP,57,57,5,0.08771929824561403,57,4.491228070175438
e333046ce6517bd8bb510291d44f0130,74,68,7268.00,417,0.0005385937575172383,0.7429670574611971,SP,66,66,4,0.06060606060606061,66,4.409090909090909
0873d9f8f36123f8d910f4760e788cfb,6,6,7265.59,418,0.0005384151649256565,0.7435054726261228,SP,5,5,2,0.4,5,3.6
cee48807215b30a12ca2ca10ffb5f250,40,39,7212.23,419,0.0005344609322755298,0.7440399335583981,SP,38,38,6,0.15789473684210525,38,3.8157894736842106
d624126b9206f595fb3fbb6ba03b28a8,28,23,7198.80,420,0.0005334657046801175,0.7445733992630783,PR,23,23,1,0.043478260869565216,22,4.318181818181818
ade45994b717ccee333492330fbf037b,10,10,7196.00,421,0.0005332582112127196,0.7451066574742911,PR,10,10,0,0.0,10,4.5
dbb9b48c841a0e39e21f98e1a6b2ec3e,118,108,7186.85,422,0.0005325801522031871,0.7456392376264942,SP,103,103,4,0.038834951456310676,103,4.300970873786408
d13e50eaa47b4cbe9eb81465865d8cfc,69,67,7155.05,423,0.0005302236192520247,0.7461694612457463,SP,67,66,14,0.21212121212121213,67,4.82089552238806
cc63f0dd2acba93ffed4fe9f8e0321fa,63,55,7096.71,424,0.000525900344649169,0.7466953615903954,SP,55,55,0,0.0,55,4.090909090909091
7722b1df1b0e383e000397b2c11e3e19,145,134,7094.09,425,0.0005257061900475323,0.747221067780443,SP,127,126,4,0.031746031746031744,127,4.275590551181103
87e24fc7052259b1f7f607d61c10d8be,7,7,7073.59,426,0.0005241870414469401,0.7477452548218898,SP,7,7,1,0.14285714285714285,7,3.857142857142857
014c0679dd340a0e338872e7ec85666a,15,14,7058.00,427,0.0005230317474623923,0.7482682865693523,MG,14,14,2,0.14285714285714285,14,3.857142857142857
f1fd5ab1181f827ffad998c1a5de7d74,15,15,7045.99,428,0.0005221417486968746,0.7487904283180491,PR,15,15,0,0.0,15,4.666666666666667
dd55f1bb788714a40e7954c3be6df745,37,35,7041.76,429,0.0005218282853514842,0.7493122566034006,SP,35,35,6,0.17142857142857143,35,3.742857142857143
679769a98cfcc6da877c8486ff1c13f3,21,21,7029.00,430,0.0005208827079786278,0.7498331393113792,MG,21,21,0,0.0,21,4.571428571428571
6fa9202c10491e472dffd59a3e82b2a3,3,3,7014.24,431,0.0005197889209862016,0.7503529282323654,SP,3,3,0,0.0,3,4.333333333333333
b8630e1121437d41cb08e3c749c2c2e2,12,12,6988.00,432,0.0005178444107774437,0.750870772643143,RJ,12,12,2,0.16666666666666666,12,4.333333333333333
d98eec89afa3380e14463da2aabaea72,183,168,6968.53,433,0.0005164015901309301,0.751387174233274,RS,164,164,4,0.024390243902439025,163,4.4079754601226995
1da366cade6d8276e7d8beea7af5d4bf,49,43,6917.59,434,0.0005126266911204832,0.7518998009243943,MG,42,41,5,0.12195121951219512,41,4.0
30829ded4523ab9224b93bc49a62c95f,31,18,6911.71,435,0.0005121909548389475,0.7524119918792332,RS,18,18,1,0.05555555555555555,18,3.7777777777777777
d9bd94811c3338dceb4181f3dbc0c73e,61,54,6911.02,436,0.0005121398225201959,0.7529241317017535,SP,54,54,6,0.1111111111111111,54,4.796296296296297
e3b4998c7a498169dc7bce44e6bb6277,3,3,6897.90,437,0.0005111675674158169,0.7534352992691693,SP,3,1,0,0.0,3,2.6666666666666665
b3b17aab11f273023a5f22ca52e1eb70,13,7,6850.00,438,0.0005076179470271164,0.7539429172161964,PR,7,7,1,0.14285714285714285,7,4.857142857142857
58f1a6197ed863543e0136bdedb3fce2,45,44,6833.00,439,0.0005063581652607717,0.7544492753814571,MG,43,41,1,0.024390243902439025,43,4.255813953488372
5b67882648febfb6e1225e6ad7164f6b,30,27,6813.48,440,0.0005049116393737688,0.754954187020831,PR,25,25,1,0.04,25,4.08
ececbfcff9804a2d6b40f589df8eef2b,104,98,6792.40,441,0.0005033495099835014,0.7554575365308145,SP,96,95,10,0.10526315789473684,96,4.125
33dd941c27854f7625b968cc6195a552,5,5,6787.50,442,0.0005029863964155551,0.75596052292723,ES,5,5,0,0.0,5,4.4
40d54b51e962dbe09cabbcfd33298dee,31,30,6785.56,443,0.0005028426330845723,0.7564633655603147,SP,29,29,0,0.0,29,4.103448275862069
63b464dbf392c7b80d12d932fa7cafed,39,37,6781.00,444,0.0005025047151519527,0.7569658702754666,SP,37,36,2,0.05555555555555555,37,3.7837837837837838
a63bfbaa882c8f4542891b4e2246cc7f,7,7,6772.00,445,0.0005018377718638879,0.7574677080473305,RJ,7,6,1,0.16666666666666666,7,4.428571428571429
ff1fb4c404b2efe68b03350a8dc24122,49,46,6771.00,446,0.0005017636670541029,0.7579694717143846,SP,43,43,7,0.16279069767441862,43,4.162790697674419
ad781527c93d00d89a11eecd9dcad7c1,43,43,6759.58,447,0.0005009173901263584,0.7584703891045109,SP,38,33,12,0.36363636363636365,38,3.1052631578947367
aac29b1b99776be73c3049939652091d,138,98,6755.91,448,0.0005006454254744475,0.7589710345299853,MG,96,92,9,0.09782608695652174,94,4.095744680851064
54219883e72aad869adfb2a54b7bfa0f,5,5,6750.00,449,0.0005002074660486183,0.7594712419960339,SP,5,5,0,0.0,5,3.2
3340ef1913fb70d28420f6ceb685c339,42,32,6731.15,450,0.0004988105903841714,0.7599700525864181,PR,30,30,3,0.1,30,4.4
455c5640e8c5bd1b2ee85c0158f85727,8,8,6729.50,451,0.0004986883174480263,0.7604687409038662,SC,8,8,0,0.0,8,4.5
80ceebb4ee9b31afb6c6a916a574a1e2,1,1,6729.00,452,0.0004986512650431337,0.7609673921689093,PR,1,1,1,1.0,0,
abe021b01ba992245271b9aa422032df,2,2,6720.00,453,0.0004979843217550689,0.7614653764906644,PR,2,2,0,0.0,2,3.5
31ae0774c17fabd06ff707cc5bde005f,11,11,6719.85,454,0.0004979732060336012,0.7619633496966979,SP,11,11,1,0.09090909090909091,11,4.0
83e197e95a1bbabc8c75e883ed016c47,55,47,6693.69,455,0.0004960346242096261,0.7624593843209077,RJ,47,46,1,0.021739130434782608,47,4.808510638297872
fa1a9dec3a9940c072684a46728bf1fc,60,55,6674.00,456,0.0004945755005049598,0.7629539598214126,SC,51,51,0,0.0,51,4.235294117647059
1127b7f2594683f2510f1c2c834a486b,128,110,6669.70,457,0.0004942568498228844,0.7634482166712354,SP,108,108,3,0.027777777777777776,108,4.2407407407407405
33c51922b6e3c16b24a8f28e5833c99d,20,18,6657.87,458,0.0004933801899231281,0.7639415968611586,PR,18,18,1,0.05555555555555555,17,4.235294117647059
b4ffb71f0cb1b1c3d63fad021ecf93e1,165,144,6656.09,459,0.0004932482833617108,0.7644348451445203,SP,140,139,3,0.02158273381294964,140,4.260714285714286
516e7738bd8f735ac19a010ee5450d8d,84,76,6643.09,460,0.000492284920834506,0.7649271300653548,RJ,74,72,4,0.05555555555555555,74,4.621621621621622
5670f4db5b62c43d542e1b2d56b0cf7c,22,22,6630.09,461,0.0004913215583073013,0.7654184516236621,SP,21,21,1,0.047619047619047616,21,4.380952380952381
5d0363b33554b373851fc1622e4d5f3c,95,94,6610.79,462,0.0004898913354784512,0.7659083429591405,SP,91,90,7,0.07777777777777778,91,4.0989010989010985
e5e33c0d8e7e002f398f5dc4cbbb338f,28,27,6596.80,463,0.0004888546091895593,0.7663971975683301,SP,27,26,3,0.11538461538461539,27,4.444444444444445
609e1a9a6c2539919b8205cf7c4e6ff0,130,87,6595.23,464,0.0004887382646381968,0.7668859358329684,SC,78,78,2,0.02564102564102564,76,3.973684210526316
92eb0f42c21942b6552362b9b114707d,365,341,6548.63,465,0.0004852849805022168,0.7673712208134704,SP,335,328,26,0.07926829268292683,332,4.0120481927710845
751bdc4d83a466c7206cd42e8f426b03,69,52,6540.95,466,0.00048471585556306813,0.7678559366690336,SP,50,49,1,0.02040816326530612,48,3.9583333333333335
11305281b50fff20ae8bb473f8e11876,40,35,6528.70,467,0.0004838080716432021,0.7683397447406768,MG,34,34,4,0.11764705882352941,34,4.294117647058823
282f23a9769b2690c5dda22e316f9941,110,99,6505.08,468,0.0004820577160360809,0.7688218024567128,MG,98,97,5,0.05154639175257732,98,4.346938775510204
ee27a8f15b1dded4d213a468ba4eb391,1,1,6499.00,469,0.00048160715879258824,0.7693034096155055,GO,1,1,0,0.0,1,5.0
8e6cc767478edae941d9bd9eb778d77a,112,104,6469.59,470,0.00047942773633681193,0.7697828373518423,MG,103,99,8,0.08080808080808081,101,3.99009900990099
4c03b9dd4c11ee2cb35c96c49efc9420,48,48,6458.60,471,0.00047861332447727504,0.7702614506763195,SP,47,47,1,0.02127659574468085,46,4.173913043478261
34056b8b55c1775a22af2331670a799c,78,78,6455.40,472,0.00047837618908596306,0.7707398268654055,SP,78,77,9,0.11688311688311688,78,4.0
6f892e20a171e98efe17fdb971ff319b,53,44,6438.70,473,0.00047713863876255386,0.771216965504168,SP,44,41,4,0.0975609756097561,43,3.9302325581395348
7dc8c42cc750eeafea6c85712ffee9bf,50,41,6409.68,474,0.0004749881171825938,0.7716919536213507,SP,40,40,2,0.05,40,4.275
376a891762bbdecbc02b4b6adec3fdda,58,57,6406.23,475,0.00047473245558883555,0.7721666860769394,GO,57,57,2,0.03508771929824561,57,4.666666666666667
dbdd0ec73a4817971d962698f2fea022,16,16,6384.00,476,0.00047308510566731543,0.7726397711826067,CE,16,16,1,0.0625,16,4.375
4b5f66b7adcf57f1ecc0d3c07dd6b177,38,23,6381.78,477,0.0004729205929895928,0.7731126917755964,PR,21,21,1,0.047619047619047616,20,4.3
02f623a8eb246f3c5f7c2f96462654e6,44,44,6378.00,478,0.0004726404768086056,0.773585332252405,SP,44,44,4,0.09090909090909091,43,4.558139534883721
ff4ea69c2a729e83e63c7579e4ef8170,8,8,6368.00,479,0.00047189942871075577,0.7740572316811157,SP,8,8,0,0.0,7,5.0
57e632711dec9ec14ca7546769483e7e,65,62,6350.06,480,0.00047056998842321323,0.7745278016695389,SC,60,60,0,0.0,60,4.433333333333334
670c26e0f1bf8d0576271d5cfaec6d2b,87,78,6341.60,481,0.0004699430617324323,0.7749977447312715,PR,77,76,4,0.05263157894736842,77,4.311688311688312
bacb1f0ed56ad24198f5810d2b3fe9a5,39,39,6296.95,482,0.0004666342819755329,0.7754643790132469,SP,38,37,1,0.02702702702702703,37,4.216216216216216
8a32e327fe2c1b3511609d81aaf9f042,173,130,6291.08,483,0.00046619928674209506,0.775930578299989,SP,128,124,4,0.03225806451612903,127,3.8976377952755907
dee656f0f566ed1aa85bd137c943f08f,95,93,6271.98,484,0.0004647838848752019,0.7763953621848643,SP,90,89,5,0.056179775280898875,89,4.393258426966292
bd4889b5e9133b35b66e42a8665cea5c,42,36,6271.90,485,0.00046477795649041913,0.7768601401413547,SP,36,36,0,0.0,35,4.4
6b243f80ed07b10f0e8aa0f21a205f3c,89,79,6260.10,486,0.0004639035197349564,0.7773240436610896,PR,77,77,3,0.03896103896103896,77,4.246753246753247
ea67327e24487bdfac5fbfa37ea124df,34,32,6250.18,487,0.0004631684000218894,0.7777872120611115,SP,30,30,1,0.03333333333333333,30,3.7
2528744c5ef5d955adc318720a94d2e7,5,5,6245.00,488,0.00046278453710720316,0.7782499965982187,SP,5,5,0,0.0,5,2.4
eb3071b9f0b0ddaa2df5ea130f09f26b,11,9,6230.00,489,0.00046167296496042845,0.7787116695631792,SP,9,9,1,0.1111111111111111,9,4.555555555555555
f4c4daa86e30c7e5a553a8d518ac03a5,19,19,6153.16,490,0.00045597875137655055,0.7791676483145556,PR,19,18,1,0.05555555555555555,19,3.8421052631578947
9baf5cb77970f539089d09a38bcec5c3,33,32,6129.67,491,0.0004542380293947014,0.7796218863439504,SP,32,31,0,0.0,32,4.3125
dfc5fb7259bb2b599ca565e6e9448f0f,34,33,6124.63,492,0.0004538645411533851,0.7800757508851037,SP,30,30,1,0.03333333333333333,30,4.3
ba143b05f0110f0dc71ad71b4466ce92,86,85,6110.58,493,0.0004528233685759061,0.7805285742536796,SP,84,82,13,0.15853658536585366,83,4.445783132530121
2c9e548be18521d1c43cde1c582c6de8,174,126,6109.44,494,0.0004527388890927512,0.7809813131427724,SP,125,123,20,0.16260162601626016,123,4.105691056910569
f12ff17ad8bbf01ec5c33b17e506649b,28,28,6101.00,495,0.000452113444498166,0.7814334265872707,SP,28,28,3,0.10714285714285714,28,3.857142857142857
d6b664fa0667064c6d76394e7848d790,6,6,6080.00,496,0.0004505572434926814,0.7818839838307633,SP,6,6,1,0.16666666666666666,6,4.833333333333333
6a8b085f816a1f75f92dbac6eb545f8f,135,127,6018.97,497,0.00044603462695150405,0.7823300184577148,SP,125,123,11,0.08943089430894309,125,4.132
bba74270a87732727b5a3b4fd9ac1c39,41,36,6001.59,498,0.0004447466853574411,0.7827747651430721,MG,36,35,0,0.0,36,3.9722222222222223
37515688008a7a40ac93e3b2e4ab203f,240,228,5986.60,499,0.00044363585425876426,0.783218400997331,SP,222,221,23,0.10407239819004525,220,4.118181818181818
688756f717c462a206ad854c5027a64a,101,83,5966.54,500,0.0004421493117744775,0.7836605503091054,SP,74,72,7,0.09722222222222222,73,3.958904109589041
f84a00e60c73a49e7e851c9bdca3a5bb,99,90,5949.94,501,0.0004409191719320468,0.7841014694810374,RJ,89,87,10,0.11494252873563218,89,3.8202247191011236
91f848e9f4be368f4318775aac733370,73,63,5932.60,502,0.0004396341945303753,0.784541103675568,SP,63,60,2,0.03333333333333333,61,4.278688524590164
b14db04aa7881970e83ffa9426897925,111,83,5898.60,503,0.00043711463099768596,0.7849782183065656,SP,79,74,9,0.12162162162162163,76,3.710526315789474
0691148aee60ca47977c187804f935ae,53,47,5868.51,504,0.0004348848172712559,0.7854131031238368,PR,46,46,1,0.021739130434782608,46,4.25
b19f3ca2ea475913750f25a5c37c8d8f,23,23,5814.75,505,0.00043090094269721533,0.7858440040665341,MG,22,18,6,0.3333333333333333,22,2.9545454545454546
2fdde51ad3e12f297da656d4fbd5d0b5,9,9,5803.00,506,0.0004300302111822418,0.7862740342777162,SC,9,9,0,0.0,9,4.777777777777778
f46490624488d3ff7ce78613913a7711,91,83,5802.85,507,0.00043001909546077407,0.7867040533731771,SP,83,80,10,0.125,83,3.6626506024096384
02d35243ea2e497335cd0f076b45675d,16,14,5794.00,508,0.000429363267894177,0.7871334166410712,RN,12,12,5,0.4166666666666667,12,2.6666666666666665
e8b4225284fbb02d16f200513f1f395d,31,31,5788.52,509,0.0004289571735365553,0.7875623738146077,SP,31,30,3,0.1,31,4.193548387096774
0bf0150d5b9d60d9cd2906003332f085,62,39,5774.60,510,0.00042792563458434835,0.7879902994491922,SP,39,39,8,0.20512820512820512,38,3.789473684210526
05d2173d43ea568aa0540eba70d2ca76,66,62,5759.66,511,0.00042681850872616073,0.7884171179579182,MG,62,62,4,0.06451612903225806,60,4.183333333333334
3ade81dab5a172b88e1871c28ae05260,32,30,5751.60,512,0.00042622122395929383,0.7888433391818777,SP,29,27,4,0.14814814814814814,28,4.035714285714286
b4a476fbd28de64b1e347abf9089366a,38,33,5724.04,513,0.00042417889540161976,0.7892675180772791,SP,32,29,3,0.10344827586206896,31,3.806451612903226
080102cd0a76b09e0dcf55fcacc60e05,130,124,5716.78,514,0.00042364089448258075,0.7896911589717619,MG,122,120,5,0.041666666666666664,122,4.5
9616352088dcf83a7c06637f4ebf1c80,98,92,5703.00,515,0.0004226197302037437,0.7901137787019656,PR,92,91,0,0.0,92,4.304347826086956
94e93ce877be27a515118dbfd2c2be41,35,30,5674.57,516,0.0004205129304615567,0.790534291632427,SP,30,29,0,0.0,29,3.9310344827586206
52ac6f920b7280e4c6d30dd94de6259b,7,6,5657.30,517,0.00041923314039657016,0.7909535247728237,PR,6,6,0,0.0,6,3.6666666666666665
8c16d1f32a54d92897cc437244442e1b,118,108,5642.60,518,0.0004181437996927309,0.7913716685725164,SC,106,106,1,0.009433962264150943,105,4.4
67bf6941ba2f1fa1d02c375766bc3e53,22,16,5610.00,519,0.00041572798289374053,0.7917873965554101,PR,16,15,2,0.13333333333333333,16,4.125
d63c73efd41eb002280e7ec831424edb,2,2,5598.00,520,0.0004148387251763208,0.7922022352805864,SP,2,2,0,0.0,2,4.0
817245bcc3badd82bbd222e0366951a6,45,29,5580.50,521,0.00041354189100508364,0.7926157771715915,SP,29,28,1,0.03571428571428571,28,4.0
e2aee0892199b1d92530e371abd825bf,40,37,5562.67,522,0.0004122206022466174,0.7930279977738381,PR,35,34,5,0.14705882352941177,35,3.914285714285714
f181738b150df1f37cb0bd72e705b193,37,36,5529.70,523,0.0004097773666680066,0.7934377751405062,SP,35,35,4,0.11428571428571428,35,4.457142857142857
04aa0a1c5ce6b222003403a3e11c3cc0,17,11,5518.00,524,0.00040891034039352236,0.7938466854808998,SP,11,11,2,0.18181818181818182,11,4.090909090909091
45ba18c210d42734ec52c0c1c574e9ee,40,37,5489.23,525,0.00040677834501600844,0.7942534638259157,SP,35,33,1,0.030303030303030304,35,4.057142857142857
cc3d14116804f7209f3884f6367f1152,30,27,5477.80,526,0.00040593132704016616,0.7946593951529558,PR,26,26,1,0.038461538461538464,26,4.615384615384615
575df70bde3f9f2b30bf8d2e9910d725,34,27,5410.05,527,0.0004009107261772337,0.7950603058791331,SP,25,25,2,0.08,25,4.24
3f0e48d209018b466fcd3bb4ccfeb520,10,9,5399.00,528,0.0004000918680291097,0.7954603977471623,PR,9,9,0,0.0,9,3.888888888888889
c4af86330efa7a2620772227d2d670c9,4,4,5396.00,529,0.0003998695535997547,0.795860267300762,SP,4,4,0,0.0,3,4.333333333333333
23c38debaffe4a25a30fdbd9b586a13f,46,41,5382.18,530,0.00039884542512852634,0.7962591127258906,SP,40,40,6,0.15,40,4.35
3be634553519fb6536a03e1358e9fdc7,99,83,5370.95,531,0.00039801322811464096,0.7966571259540051,SP,80,77,7,0.09090909090909091,80,4.025
83deb69e889cf80f82be1dc6d5f2d486,42,40,5363.01,532,0.00039742483592494825,0.79705455078993,SC,40,40,2,0.05,40,4.325
2a261b5b644fa05f4f2700eb93544f2c,82,51,5355.00,533,0.00039683125639857056,0.7974513820463286,SP,46,46,10,0.21739130434782608,46,4.0
e62b2d6ac10570a035a30bafcf01d263,71,62,5340.39,534,0.00039574858512761196,0.7978471306314563,SP,60,60,8,0.13333333333333333,57,4.0
916c9de0b5ad957346eeeb12f332687e,27,22,5336.50,535,0.0003954603174175484,0.7982425909488738,PR,22,22,0,0.0,22,4.545454545454546
a4b6b9b992b46e9ef863637af96e04bc,8,6,5293.00,536,0.00039223675819190175,0.7986348277070657,SC,6,6,1,0.16666666666666666,6,3.6666666666666665
b6d44737c043328708f6749c2dbe50bd,79,61,5284.60,537,0.00039161427778970794,0.7990264419848554,SP,56,56,3,0.05357142857142857,56,4.660714285714286
c35affa65afd250151285c5917fc1c8a,9,9,5279.91,538,0.00039126672623181636,0.7994177087110872,SP,9,8,1,0.125,9,4.0
e06f09ec0a4aca210779cf1cfc63cf19,31,29,5279.49,539,0.00039123560221170664,0.799808944313299,SP,29,29,2,0.06896551724137931,29,3.9482758620689653
02ecc2a19303f05e59ce133fd923fff7,24,21,5264.19,540,0.0003901017986219964,0.8001990461119209,SP,20,20,0,0.0,20,4.7
e9c6969d40e6a3d2d0f90013165c2b98,10,10,5239.98,541,0.00038830772117710204,0.800587353833098,SP,10,10,0,0.0,10,4.4
5bffbafbb22daf6d3bfc216a46db8708,23,21,5239.70,542,0.0003882869718303623,0.8009756408049283,RJ,21,21,0,0.0,21,4.761904761904762
4d0041cdbe51b4617d95c70b19decc74,8,8,5235.20,543,0.00038795350018632987,0.8013635943051147,MG,8,8,0,0.0,8,4.5
099095b050cfe8eb1ddff5317587e96e,20,17,5193.83,544,0.0003848877842055252,0.8017484820893203,SP,17,16,3,0.1875,17,3.235294117647059
b39d7fe263ef469605dbb32608aee0af,49,44,5193.10,545,0.00038483368769438224,0.8021333157770146,SP,40,40,2,0.05,39,4.0
0cbcee27c791afa0cdcb08587a2013a8,40,38,5189.15,546,0.00038454097369573147,0.8025178567507104,MG,38,37,4,0.10810810810810811,38,3.9210526315789473
f67efa3f0b6761102a7f8c6b7b571f5d,32,31,5188.68,547,0.0003845061444351326,0.8029023628951455,PR,29,29,0,0.0,29,4.586206896551724
f680f85bee2d253556ac91be391d2c82,54,45,5183.92,548,0.0003841534055405561,0.803286516300686,SP,45,45,1,0.022222222222222223,45,4.333333333333333
5b179e9e8cc7ab6fd113a46ca584da81,36,34,5173.50,549,0.0003833812334225966,0.8036698975341087,SP,34,34,3,0.08823529411764706,33,3.6666666666666665
822bad9bc42b51213ba522fe87b7ab5d,18,18,5160.00,550,0.0003823808184904993,0.8040522783525992,SC,17,17,5,0.29411764705882354,17,4.235294117647059
709e16e2b25c7474d980076c6bfc4806,80,60,5151.90,551,0.000381780569531241,0.8044340589221304,SP,59,59,2,0.03389830508474576,59,4.508474576271187
d566c37fa119d5e66c4e9052e83ee4ea,73,65,5145.70,552,0.0003813211197105741,0.8048153800418409,SP,64,64,2,0.03125,63,4.682539682539683
fad44952713764836814be105382aee5,32,32,5129.00,553,0.00038008356938716494,0.8051954636112281,RJ,31,31,1,0.03225806451612903,31,4.354838709677419
4917cee8d902e13428c3ec4b1ca6f315,31,31,5103.90,554,0.00037822353866156193,0.8055736871498896,SC,31,31,1,0.03225806451612903,31,4.161290322580645
f84fa566034f5e8e880a07ec624c56af,102,91,5093.79,555,0.0003774743390346358,0.8059511614889243,SP,91,89,12,0.1348314606741573,90,4.211111111111111
f7496d659ca9fdaf323c0aae84176632,27,26,5087.57,556,0.0003770134071177732,0.806328174896042,SP,25,24,2,0.08333333333333333,25,4.56
e0878efa0e0b7e5313ac0b43bc04c081,29,27,5065.30,557,0.0003753630930038617,0.8067035379890459,PR,27,26,5,0.19230769230769232,27,3.5185185185185186
835f0f7810c76831d6c7d24c7a646d4d,49,43,5060.10,558,0.0003749777479929798,0.8070785157370389,SP,41,40,13,0.325,41,3.5121951219512195
e067ad2c1c0b48758eb1b5228bcf7a68,61,54,5042.55,559,0.0003736772085812534,0.8074521929456202,SP,54,54,5,0.09259259259259259,54,4.148148148148148
afe0067131b73e40875c9b6c10bd2e21,45,45,5040.50,560,0.00037352529372119416,0.8078257182393415,MG,45,45,2,0.044444444444444446,44,4.2727272727272725
3df020b72d3d44b3af9d110fa3940b65,101,55,5039.90,561,0.00037348083083532316,0.8081991990701767,SP,53,53,7,0.1320754716981132,53,4.018867924528302
3ab971ce71839580d2ae5b4e40fe8044,38,36,5002.90,562,0.0003707389528732789,0.80856993802305,SP,36,35,3,0.08571428571428572,34,3.911764705882353
1bb2bdb95f4841f1bba2c0d2cd83d3c9,85,81,5002.71,563,0.00037072487295941977,0.8089406628960094,SP,81,79,6,0.0759493670886076,80,4.6375
4bf2f4ee540798a61f9636d12cd9cc80,30,29,4995.56,564,0.0003701950235694572,0.8093108579195788,SP,29,29,1,0.034482758620689655,29,4.137931034482759
45213867cefbf2cd4c6177e10216a951,14,14,4955.42,565,0.000367220456504688,0.8096780783760836,SP,14,14,2,0.14285714285714285,14,3.857142857142857
9674754b5a0cb32b638cec001178f799,95,84,4941.73,566,0.00036620596165873163,0.8100442843377422,SP,83,83,3,0.03614457831325301,83,4.132530120481928
dbd66278cbfe1aa1000f90a217ca4695,99,85,4928.90,567,0.00036525519694919034,0.8104095395346914,SP,83,83,5,0.060240963855421686,83,4.542168674698795
e9d99831abad74458942f21e16f33f92,149,130,4922.48,568,0.0003647794440703707,0.8107743189787618,SP,129,129,14,0.10852713178294573,128,3.9453125
9df5750209b83567ec144eb299d7d634,11,11,4917.00,569,0.0003643733497127491,0.8111386923284746,RS,11,11,1,0.09090909090909091,11,4.0
503c1de08ae81a2d86f17951b204db55,22,22,4906.99,570,0.0003636315605668014,0.8115023238890414,SP,22,22,2,0.09090909090909091,22,4.409090909090909
822b63912576852aea9a8436d72317b7,9,8,4905.69,571,0.00036353522431408094,0.8118658591133555,SP,8,6,0,0.0,8,3.875
abcd2cb37d46c2c8fb1bf071c859fc5b,52,45,4880.22,572,0.0003616477748088575,0.8122275068881644,MT,43,42,2,0.047619047619047616,43,4.3023255813953485
f789d2c4f2c2eb38fc4373e7a4b35264,49,44,4864.24,573,0.00036046357994849347,0.8125879704681129,MG,39,39,2,0.05128205128205128,39,4.3076923076923075
0d85bbda9889ce1f7e63778d24f346eb,58,51,4845.20,574,0.00035905262437018745,0.812947023092483,MG,51,51,6,0.11764705882352941,50,4.2
1336efc61c316ddf92c899eb817f7cae,85,74,4837.31,575,0.000358467937420984,0.813305491029904,SP,66,66,7,0.10606060606060606,66,4.257575757575758
4c498c7345e89aebad651544829beca0,48,48,4819.76,576,0.0003571673980092576,0.8136626584279133,SP,45,44,6,0.13636363636363635,45,4.444444444444445
ce69a8021d18961dd2a40269b7c2c293,19,19,4818.00,577,0.000357036973544036,0.8140196954014574,PR,18,18,2,0.1111111111111111,18,4.666666666666667
8f580d36c1e9d6fbce95283403c7d447,8,8,4813.25,578,0.0003566849756975573,0.8143763803771549,SP,8,8,1,0.125,8,4.375
c12b92bf1c350f3e6bf88d3596219c86,17,17,4808.78,579,0.00035635372719781846,0.8147327341043527,SP,16,16,1,0.0625,16,3.8125
f6122bc84774df1b372bdb3bb88ddb9f,3,3,4799.87,580,0.0003556934533426343,0.8150884275576954,SP,3,3,1,0.3333333333333333,3,3.6666666666666665
2a7dc43cecabf23403078e2188437d1d,54,52,4795.91,581,0.0003553999982958858,0.8154438275559911,SP,50,50,4,0.08,50,4.18
fcdd820084f17e9982427971e4e9d47f,27,16,4783.99,582,0.0003545166689632488,0.8157983442249543,SP,16,16,2,0.125,16,3.9375
cfa5ab0e4d3fc212fd0b3410e7081c62,20,15,4780.81,583,0.0003542810156681326,0.8161526252406226,MG,14,14,0,0.0,14,4.071428571428571
dfa0c4c6229ab200a4a1336b4d7128ff,86,77,4777.10,584,0.0003540060868238303,0.8165066313274464,SC,72,72,3,0.041666666666666664,72,4.152777777777778
7e3f87d16fb353f408d467e74fbd8014,94,92,4754.99,585,0.00035236762947948435,0.8168589989569258,SP,91,90,11,0.12222222222222222,91,4.164835164835165
acce39e832338debb07b02385cde5967,44,44,4748.10,586,0.0003518570473400659,0.8172108560042659,MG,43,43,0,0.0,43,4.534883720930233
9add47bf45ce8e8c7db6b9cf670b1e09,44,42,4739.24,587,0.00035120047872537095,0.8175620564829913,PR,41,40,1,0.025,40,4.225
0176f73cc1195f367f7b32db1e5b3aa8,39,38,4733.10,588,0.0003507454751932912,0.8179128019581845,SP,36,35,4,0.11428571428571428,36,4.138888888888889
30a2f535bb48308f991d0b9ad4a8c4bb,87,71,4731.30,589,0.00035061208653567824,0.8182634140447202,SP,66,66,2,0.030303030303030304,66,4.484848484848484
06579cb253ecd5a3a12a9e6eb6bf8f47,72,62,4727.20,590,0.0003503082568155598,0.8186137223015358,SP,61,60,8,0.13333333333333333,61,4.114754098360656
b2479f944e1b90cf8a5de1bbfde284d6,130,102,4716.52,591,0.00034951681744705624,0.8189632391189829,SP,99,98,14,0.14285714285714285,98,3.4591836734693877
0307f7565ff85b299b6e5ef162b1b1a9,6,6,4711.90,592,0.00034917445322584954,0.8193124135722086,SP,6,6,0,0.0,6,3.5
ad420dd0c4f92f8af951ac24b86d0cf5,46,42,4705.29,593,0.00034868462043317086,0.8196610981926419,MG,42,42,3,0.07142857142857142,40,4.125
582d4f8675b945722eda7c0cb61ba4c7,71,59,4702.96,594,0.00034851195622637187,0.8200096101488682,SP,53,53,1,0.018867924528301886,53,4.245283018867925
537eb890efff034a88679788b647c564,173,160,4679.70,595,0.0003467882783507732,0.8203563984272191,RJ,150,148,8,0.05405405405405406,150,4.296666666666667
968268a686aa05d1f529fb07dff08130,12,12,4677.29,596,0.0003466096857591914,0.8207030081129782,SP,12,12,0,0.0,12,3.5
8931a84a914b3fe9b1ddaa4d704947ca,32,29,4668.30,597,0.0003459434835192244,0.8210489515964975,SP,29,29,2,0.06896551724137931,28,4.071428571428571
1a932caad4f9d804097d7f8e615baed1,30,20,4661.00,598,0.0003454025184077941,0.8213943541149052,SP,20,20,4,0.2,20,3.9
ef990a83bbea832f36ebe81376335aa8,44,43,4642.59,599,0.00034403824885965257,0.8217383923637649,SC,40,40,11,0.275,40,3.75
a3dd39f583bc80bd8c5901c95878921e,37,34,4607.81,600,0.000341460883575331,0.8220798532473403,BA,34,34,1,0.029411764705882353,34,4.588235294117647
31da954dc0855f2495c6310f70a2f931,30,29,4583.00,601,0.0003396223432445656,0.8224194755905848,SP,28,28,3,0.10714285714285714,28,4.321428571428571
45d33f715e24d15a6ccf5c17b3a23e3c,59,57,4572.36,602,0.00033883386806845335,0.8227583094586532,SP,52,51,4,0.0784313725490196,52,4.346153846153846
2addf05f476d0637864454e93ba673d5,12,12,4552.00,603,0.0003373250941412312,0.8230956345527946,DF,12,12,0,0.0,12,5.0
c68fb906c8f4b4b946d8386bfa6e5467,48,45,4541.16,604,0.000336521798003162,0.8234321563507977,SP,45,45,1,0.022222222222222223,44,4.5227272727272725
834f8533b2ecb6598dd004ff3de7203a,47,43,4538.29,605,0.00033630911719907913,0.8237684654679966,SP,42,40,6,0.15,42,3.7857142857142856
1fe5540d7c1c37a595fefbacd5570d9e,25,20,4537.60,606,0.0003362579848803275,0.8241047234528771,RJ,20,20,1,0.05,20,4.3
37dd29b36c458d82f74a953c40c43645,8,7,4536.99,607,0.00033621278094635865,0.8244409362338235,SP,7,7,1,0.14285714285714285,7,3.857142857142857
13fa2a6c6b9d0f43cb588d7c82117a12,10,9,4528.00,608,0.00033554657870639166,0.8247764828125299,SP,9,9,3,0.3333333333333333,9,4.111111111111111
c840d3fdbba0790404fdae73d253b253,14,9,4522.28,609,0.0003351226991944216,0.8251116055117242,PR,9,9,0,0.0,9,3.5555555555555554
180c3376aff0e43dd5788709df48a843,10,5,4513.00,610,0.00033443500655961695,0.8254460405182839,SP,5,5,1,0.2,5,4.4
6288c69c4ce638e59925e59193f98b16,22,22,4506.28,611,0.00033393702223786186,0.8257799775405217,SP,22,20,1,0.05,22,3.9545454545454546
b561927807645834b59ef0d16ba55a24,95,85,4501.99,612,0.0003336191126038843,0.8261135966531256,SP,82,82,12,0.14634146341463414,82,4.329268292682927
fc906263ca5083d09dce42fe02247800,119,114,4497.70,613,0.00033330120296990676,0.8264468978560956,MG,113,111,0,0.0,113,4.389380530973451
55d3daac7c404d59e51c2aa2f4dc5a23,28,21,4480.60,614,0.0003320340107225836,0.8267789318668182,SP,21,21,0,0.0,21,4.095238095238095
e81e1f9c3e762e620f3fb60a51499e16,18,17,4465.99,615,0.000330951339451625,0.8271098832062698,SC,17,17,1,0.058823529411764705,16,4.0
4d600e08ecbe08258c79e536c5a42fee,8,8,4465.34,616,0.0003309031713252648,0.827440786377595,PR,8,7,0,0.0,8,4.0
bbad7e518d7af88a0897397ffdca1979,85,69,4462.22,617,0.00033067196431873564,0.8277714583419137,SP,65,64,11,0.171875,64,3.296875
8bd0f31cf0a614c658f6763bd02dea69,35,33,4455.34,618,0.000330162123227415,0.8281016204651411,SP,32,32,1,0.03125,31,4.258064516129032
b90e891671cffd9557f33a97dc523645,39,34,4449.00,619,0.00032969229873337823,0.8284313127638745,PR,33,33,0,0.0,33,4.303030303030303
2ff97219cb8622eaf3cd89b7d9c09824,95,88,4429.00,620,0.0003282102025376786,0.8287595229664121,SP,86,85,5,0.058823529411764705,86,4.534883720930233
d379f449f2a3b271bc01c0782020f705,29,28,4423.06,621,0.00032777001996755584,0.8290872929863797,MG,27,27,1,0.037037037037037035,27,4.0
0ef83d7d83ed97cd2a0049ac8be5f88a,55,48,4421.01,622,0.0003276181051074966,0.8294149110914872,PR,46,46,1,0.021739130434782608,45,4.2444444444444445
f021c962aaba8ef6eb527a9c2c8394d1,5,5,4398.50,623,0.0003259500058392367,0.8297408610973265,SC,5,5,0,0.0,5,4.2
beadbee30901a7f61d031b6b686095ad,68,64,4373.98,624,0.00032413295590330896,0.8300649940532298,SP,63,63,16,0.25396825396825395,63,3.9365079365079363
15aac934c58d886785ac1b17953ea898,26,25,4353.90,625,0.00032264493132282655,0.8303876389845527,ES,25,25,3,0.12,25,4.24
eed78ac17f7f795a19a709745f00cd4e,56,22,4349.50,626,0.0003223188701597727,0.8307099578547125,SP,20,20,0,0.0,20,3.75
a3f0b55de503387383c7b1de3ad7f678,26,24,4348.40,627,0.00032223735486900914,0.8310321952095815,PR,23,23,1,0.043478260869565216,23,4.391304347826087
c500367424994318b9e779ff1ae9a330,9,9,4346.40,628,0.00032208914524943917,0.8313542843548308,SP,9,9,1,0.1111111111111111,9,3.7777777777777777
d66c305afaec317ebee552073a674429,46,40,4320.76,629,0.0003201890979265523,0.8316744734527575,MG,39,37,1,0.02702702702702703,39,4.384615384615385
65febd49fd28ec955651299159b1f527,40,35,4319.70,630,0.0003201105468281802,0.8319945839995856,SP,35,33,2,0.06060606060606061,35,4.314285714285714
c9a06ece156bb057372c68718ec8909b,13,13,4308.90,631,0.0003193102148825024,0.8323138942144681,DF,13,11,0,0.0,13,3.1538461538461537
23613d49c3ac2bd302259e55c06c050c,80,70,4293.00,632,0.00031813194840692123,0.832632026162875,SP,63,62,10,0.16129032258064516,62,3.9516129032258065
9803a40e82e45418ab7fb84091af5231,18,11,4278.75,633,0.00031707595486748526,0.8329491021177425,GO,11,11,0,0.0,11,3.727272727272727
282c7480173bb9c01dd41cc739fec010,8,5,4274.20,634,0.0003167387779829636,0.8332658408957254,SP,5,5,1,0.2,4,4.0
cc5a78bbad32776dc4e3af205218368c,38,33,4269.18,635,0.00031636677183784304,0.8335822076675633,MG,31,31,1,0.03225806451612903,31,4.451612903225806
1fdc574883ef3b33ad41562d93f3a74a,18,18,4251.00,636,0.00031501954639595207,0.8338972272139592,SP,18,18,1,0.05555555555555555,18,4.444444444444445
43f8c9950d11ecd03a0304a49e010da6,41,41,4249.59,637,0.0003149150586141553,0.8342121422725733,SP,41,41,3,0.07317073170731707,41,4.560975609756097
9b1585752613ec342d03bbab9997ec48,3,3,4248.98,638,0.0003148698546801864,0.8345270121272536,RJ,3,3,0,0.0,3,3.6666666666666665
6ec1a01e866584bb679eb9b098345919,32,31,4248.91,639,0.00031486466734350146,0.8348418767945971,SP,30,29,6,0.20689655172413793,29,4.137931034482759
3c03b12bab54d8b37d79d914bfdb1aa0,43,37,4236.34,640,0.00031393316988450427,0.8351558099644816,RJ,36,36,6,0.16666666666666666,35,3.8
98dac6635aee4995d501a3972e047414,195,91,4235.85,641,0.0003138968585277096,0.8354697068230093,SP,84,82,8,0.0975609756097561,83,4.144578313253012
8b9d6eec4a7eb7d0f9d579ce0b38324d,53,49,4232.54,642,0.00031365157160732134,0.8357833583946166,RJ,45,44,8,0.18181818181818182,45,4.2
8a130737016f838139d31878787a39c9,62,56,4222.03,643,0.00031287273005648115,0.8360962311246731,SP,56,56,4,0.07142857142857142,56,4.446428571428571
6b3bd31ad8fcda4b2635ec9f3ff2ecdf,43,36,4198.90,644,0.00031115868580615456,0.8364073898104792,RJ,31,30,3,0.1,31,4.290322580645161
8bb48dc19fccaa8613b6229bf7f452a2,95,82,4190.72,645,0.00031055250846211347,0.8367179423189415,SP,79,79,2,0.02531645569620253,79,4.481012658227848
cac4c8e7b1ca6252d8f20b2fc1a2e4af,83,75,4168.18,646,0.00030888218604956,0.837026824504991,SP,70,69,16,0.2318840579710145,69,3.6449275362318843
5c030029b5916fed0986310385ec9009,10,7,4164.40,647,0.00030860206986857273,0.8373354265748596,SC,7,7,0,0.0,7,4.857142857142857
bccf933e006e9b94a6184af782963e77,46,45,4162.74,648,0.0003084790558843297,0.8376439056307438,SP,45,45,1,0.022222222222222223,44,4.5227272727272725
f76a3b1349b6df1ee875d1f3fa4340f0,24,24,4160.79,649,0.000308334551505249,0.8379522401822491,SP,23,23,9,0.391304347826087,23,3.391304347826087
cd6efc47efaabf134f8bdb654e10b4f1,32,31,4158.55,650,0.00030816855673133063,0.8382604087389804,RJ,30,30,3,0.1,30,4.466666666666667
6fc26fe110feebd80a433e1f012a84f9,72,35,4150.87,651,0.00030759943179218196,0.8385680081707726,SP,35,35,4,0.11428571428571428,34,3.911764705882353
891071be6ba827b591264c90c2ae8a63,97,91,4147.29,652,0.00030733413657315175,0.8388753423073457,SP,88,82,15,0.18292682926829268,88,3.8068181818181817
681fce914360217db47784ae28905a96,24,23,4127.33,653,0.00030585500456984353,0.8391811973119155,PR,19,19,3,0.15789473684210525,18,4.333333333333333
42b729f859728f5079499127a9c2ef37,132,104,4118.86,654,0.00030522733683096474,0.8394864246487466,SP,102,101,8,0.07920792079207921,101,4.4950495049504955
e883aa812c37a7413226856f4579fe91,29,26,4097.10,655,0.0003036148161700436,0.8397900394649166,SP,26,26,1,0.038461538461538464,26,4.153846153846154
2a167ca73899c85001a837d8fb4962f6,3,2,4097.00,656,0.0003036074056890651,0.8400936468706057,SP,2,2,0,0.0,2,4.5
382229d1e840115ffe3dbf5ff460e417,49,46,4096.96,657,0.00030360444149667365,0.8403972513121023,RJ,45,44,5,0.11363636363636363,45,4.2
951e8cef368f09bb3f3d03c00ca4702c,71,64,4092.29,658,0.0003032583720349778,0.8407005096841373,SP,61,59,5,0.0847457627118644,58,4.155172413793103
99002261c568a84cce14d43fcffb43ea,36,36,4088.00,659,0.00030294046240100027,0.8410034501465383,MT,35,35,3,0.08571428571428572,35,3.6857142857142855
2199e7fe213c16213bf5d6a7eadc9a5d,31,25,4078.29,660,0.0003022209046979881,0.8413056710512362,SP,25,24,1,0.041666666666666664,25,4.24
ec8879960bd2221d5c32f8e12f7da711,36,36,4062.40,661,0.00030104337927050473,0.8416067144305068,SP,36,35,6,0.17142857142857143,35,4.314285714285714
d5ba419e26d246a0719437cf37d9b46d,35,34,4061.40,662,0.0003009692744607198,0.8419076837049675,SP,33,32,4,0.125,32,4.0
d20b021d3efdf267a402c402a48ea64b,105,89,4060.18,663,0.0003008788665927821,0.8422085625715603,SP,76,73,15,0.2054794520547945,75,3.8266666666666667
f35b3c613c4f7b2275f4185d0a3c59ec,9,9,4047.25,664,0.0002999206914022623,0.8425084832629626,SP,9,9,2,0.2222222222222222,9,4.555555555555555
a0415d9b25ede3c4b1e477e9916ffc03,10,10,4044.10,665,0.0002996872612514396,0.842808170524214,RJ,10,9,0,0.0,10,3.9
715bbd5ba4e6b74cb0d2f29eb45058b0,64,62,4043.30,666,0.0002996279774036116,0.8431077985016177,SP,60,60,5,0.08333333333333333,60,4.45
3c7c4a49ec3c6550809089c6a2ca9370,160,141,4033.64,667,0.0002989121249410887,0.8434067106265588,SP,137,135,11,0.08148148148148149,137,3.678832116788321
e70053bf73d1b5863932e53a9fa47496,7,7,4025.00,668,0.00029827185938454645,0.8437049824859433,SP,7,7,0,0.0,7,4.285714285714286
55a5b51f93f2b70ea513f5a047b0262a,41,39,4002.30,669,0.0002965896802024274,0.8440015721661457,MG,38,38,3,0.07894736842105263,38,4.526315789473684
cb41bfbcbda0aea354a834ab222f9a59,12,12,4002.00,670,0.00029656744875949194,0.8442981396149052,SP,12,11,4,0.36363636363636365,12,3.3333333333333335
6b333a05bf188ef3e1f1662a86bd9855,13,12,3990.91,671,0.00029574562641897646,0.8445938852413242,DF,12,12,1,0.08333333333333333,12,4.333333333333333
1b938a7ec6ac5061a66a3766e0e75f90,33,30,3987.60,672,0.0002955003394985882,0.8448893855808227,SP,29,28,1,0.03571428571428571,29,4.413793103448276
bede56095ba33c42038fb85f707b8a42,2,2,3973.90,673,0.000294485103604534,0.8451838706844272,SP,2,2,0,0.0,2,4.5
50c9975695009e5e6473912e83a6d1da,68,50,3964.40,674,0.00029378110791157666,0.8454776517923389,MG,49,49,7,0.14285714285714285,48,3.9583333333333335
bf3c6d2a28b2b5501e6c15448982dcc9,43,35,3956.50,675,0.0002931956799142753,0.8457708474722532,SP,35,35,1,0.02857142857142857,35,4.6
3f995f07c49d0d55a99d5c54957f7d81,43,43,3955.70,676,0.0002931363960664473,0.8460639838683195,SP,43,43,1,0.023255813953488372,43,4.209302325581396
81f89e42267213cb94da7ddc301651da,52,46,3955.00,677,0.00029308452269959784,0.8463570683910191,SP,45,45,0,0.0,45,3.7333333333333334
d12c926d74ceff0a90a21184466ce161,99,78,3944.18,678,0.00029228270865772434,0.846649351099677,SP,76,74,1,0.013513513513513514,76,4.328947368421052
11bfa66332777660bd0640ee84d47006,102,76,3925.87,679,0.00029092584959056135,0.8469402769492674,SP,76,76,12,0.15789473684210525,76,3.8947368421052633
fde0cc9ea29c8ccfc0a2c22256a58c71,35,35,3922.00,680,0.0002906390639766935,0.8472309160132442,PR,35,35,1,0.02857142857142857,35,4.485714285714286
232a6014e7b10cba61c6c2b2ea6bb4b0,36,33,3919.87,681,0.00029048122073185146,0.8475213972339759,SP,33,32,2,0.0625,32,4.15625
7f152321c60a266edc53af1925ef96c1,20,20,3919.80,682,0.00029047603339516653,0.8478118732673712,SC,19,19,6,0.3157894736842105,19,3.9473684210526314
d673a59aac7a70d8b01e6902bf090a11,84,79,3908.94,683,0.00028967125516090166,0.8481015445225321,SP,70,70,8,0.11428571428571428,70,4.1
79ed755314cfe6df0daef2c6cd3022cd,25,23,3907.50,684,0.00028956454423481126,0.8483911090667668,SP,23,23,0,0.0,22,4.7272727272727275
3361277dc30b7cccdb0c286b24219756,42,29,3905.05,685,0.0002893829874508381,0.8486804920542177,PR,29,29,2,0.06896551724137931,29,4.344827586206897
f00e21b1e91a79653163b7fd8f293ff1,31,31,3900.09,686,0.0002890154275943046,0.848969507481812,SP,31,31,1,0.03225806451612903,30,4.1
271c58a1d139c45eaf3316107c6d3a3b,29,29,3897.52,687,0.00028882497823315716,0.8492583324600451,SP,29,27,2,0.07407407407407407,29,4.068965517241379
6a0cbc8af2e8abd1bdfb777943d174c6,35,35,3894.05,688,0.0002885678345432033,0.8495469002945885,SP,35,34,3,0.08823529411764706,34,4.0588235294117645
14d7985702e72162bbf13b6beb74ab2b,38,37,3887.00,689,0.0002880453956342192,0.8498349456902227,SP,36,36,5,0.1388888888888889,36,4.361111111111111
02f5837340d7eb4f653d676c7256523a,30,30,3883.05,690,0.0002877526816355685,0.8501226983718582,PR,30,30,1,0.03333333333333333,30,4.833333333333333
8090490573c6c0aa343a7231ebcb8c86,26,26,3871.12,691,0.00028686861125483366,0.850409566983113,SP,26,26,2,0.07692307692307693,26,4.1923076923076925
b17b679f4f5ce2e03ce6968c62648246,55,53,3861.95,692,0.0002861890701491054,0.8506957560532621,SP,53,50,9,0.18,53,3.811320754716981
42fa4ee7240e9b8eb4576358ec142ba7,22,22,3845.70,693,0.00028498486699009946,0.8509807409202522,RS,21,21,0,0.0,20,4.8
7d76b645482be4a332374e8223836592,187,176,3843.93,694,0.00028485370147678004,0.851265594621729,SP,172,168,20,0.11904761904761904,170,3.9705882352941178
8ed8ea9a57c862f2c18c2fe41f601d56,19,19,3831.90,695,0.00028396222061506676,0.8515495568423441,SC,19,19,0,0.0,19,4.473684210526316
13d058e4eeac2ce8217660b2f8a05812,23,23,3829.77,696,0.0002838043773702247,0.8518333612197143,SP,23,22,3,0.13636363636363635,23,4.217391304347826
3f3486b61f45078d4f31ee5e43d8c5bb,40,40,3829.73,697,0.00028380141317783334,0.8521171626328922,SP,40,39,6,0.15384615384615385,40,4.325
6860153b69cc696d5dcfe1cdaaafcf62,84,74,3827.63,698,0.0002836457930772849,0.8524008084259693,SP,74,74,7,0.0945945945945946,73,4.095890410958904
f0b47fbbc6dee9aafe415a6e33051b3f,86,68,3795.91,699,0.0002812951885109053,0.8526821036144803,SP,65,64,7,0.109375,65,4.276923076923077
2e13c71026e1a39ba5cc1b86dcb679aa,28,24,3793.00,700,0.000281079543514431,0.8529631831579947,SP,23,23,2,0.08695652173913043,23,4.521739130434782
38874e327ce94d11390b96eb42d61928,6,6,3779.94,701,0.00028011173469863915,0.8532432948926933,SP,6,6,1,0.16666666666666666,6,4.0
5d9dc90a686a8fddacffab6bab5653a3,12,12,3761.94,702,0.0002787778481225095,0.8535220727408159,SP,12,12,1,0.08333333333333333,12,4.166666666666667
edf96ef93ed595084bbcbd9224bd2894,28,25,3757.00,703,0.00027841177036217173,0.8538004845111781,SP,25,25,3,0.12,25,3.88
2d2c62bef4c8ba0dd74e0e228e808539,16,16,3749.00,704,0.00027781893188389187,0.854078303443062,SP,16,16,2,0.125,16,4.125
1d0997ff06b524ce9289ffd75114ecd3,3,3,3747.00,705,0.0002776707222643219,0.8543559741653263,PE,3,3,1,0.3333333333333333,3,3.6666666666666665
3c4e0452bff7a2a788179488d3d77032,36,32,3746.40,706,0.0002776262593784509,0.8546336004247047,PR,32,32,1,0.03125,31,3.838709677419355
eb4df17aed01d918c65f0f8d650900c0,11,11,3739.87,707,0.000277142354970555,0.8549107427796753,SP,11,11,3,0.2727272727272727,11,3.909090909090909
602044f2c16190c2c6e45eb35c2e21cb,57,50,3739.16,708,0.0002770897405556076,0.8551878325202309,SP,47,45,9,0.2,46,3.1956521739130435
0509040ea3fe50071181bbc359eb7738,98,89,3737.95,709,0.00027700007373576783,0.8554648325939667,MG,89,87,6,0.06896551724137931,87,4.482758620689655
77e4abfd739aed9c46480f90f81c0eb4,18,18,3736.99,710,0.00027692893311837425,0.855741761527085,DF,17,17,0,0.0,17,4.764705882352941
66dc1b1632bd6a3e508510c5b3492107,42,37,3721.39,711,0.00027577289808572853,0.8560175344251708,SP,36,35,1,0.02857142857142857,36,3.611111111111111
23a0ffca143a15b9b5bbdb7d552f626a,24,23,3718.51,712,0.0002755594762335478,0.8562930939014043,SP,22,22,3,0.13636363636363635,22,3.9545454545454546
822166ed1e47908f7cfb49946d03c726,108,69,3714.83,713,0.00027528677053353907,0.8565683806719379,RJ,62,62,1,0.016129032258064516,61,4.065573770491803
ec80e49e69745ab6c14f984bf2149423,12,12,3709.00,714,0.0002748547394924926,0.8568432354114304,SP,12,12,2,0.16666666666666666,11,4.0
99a54764c341d5dc80b4a8fac4eba3fb,67,45,3708.76,715,0.00027483695433814425,0.8571180723657685,SP,42,41,9,0.21951219512195122,41,3.6341463414634148
a44fb5a447105f8469bdf16bf9159f25,19,19,3706.10,716,0.0002746398355441162,0.8573927122013125,RS,19,19,5,0.2631578947368421,19,4.052631578947368
f3da5b2ff499efb8d4a6d371d175d7dd,84,79,3702.29,717,0.0002743574962188354,0.8576670696975315,SP,77,75,11,0.14666666666666667,76,3.835526315789474
520b493b57809f446cb0a233bb3e25c7,73,63,3698.90,718,0.0002741062809136643,0.857941175978445,SP,62,62,2,0.03225806451612903,62,4.346774193548387
c0563dd588b775f2e37747ef6ad6c92c,28,28,3697.20,719,0.00027398030273702984,0.8582151562811822,SP,27,27,3,0.1111111111111111,27,4.444444444444445
4559697a8f7e637227c2eeaed843baff,42,42,3696.00,720,0.0002738913769652879,0.8584890476581475,SP,42,39,3,0.07692307692307693,42,4.0476190476190474
5f5b43b2bffa8656e4bc6efeb13cc649,29,27,3677.20,721,0.00027249820654133024,0.8587615458646887,SP,26,26,1,0.038461538461538464,26,4.423076923076923
b1fecf4da1fa2689bccffa0121953643,20,19,3669.64,722,0.0002719379741793558,0.8590334838388681,MS,19,19,0,0.0,19,4.947368421052632
2745f798279e0ed033addcc1474776d7,32,32,3668.53,723,0.0002718557178404945,0.8593053395567085,SP,31,31,3,0.0967741935483871,30,3.933333333333333
c731d18cea9bf687ffee82a241c25b11,26,24,3662.00,724,0.0002713718134325986,0.8595767113701411,SC,20,20,0,0.0,20,4.7
df560393f3a51e74553ab94004ba5c87,29,28,3661.18,725,0.00027131104748857486,0.8598480224176297,PR,28,26,2,0.07692307692307693,28,3.6785714285714284
33ac3e28642ab8bda860a2f693000e78,35,34,3661.03,726,0.0002712999317671071,0.8601193223493969,SP,33,33,0,0.0,33,4.303030303030303
8b2492b7ff4468839593fafeed55bad9,45,29,3660.08,727,0.0002712295321978114,0.8603905518815947,RJ,29,29,2,0.06896551724137931,29,4.172413793103448
56642bcb79900e777d68e91915cb4267,56,48,3657.64,728,0.00027104871646193603,0.8606616005980565,SP,48,48,4,0.08333333333333333,48,4.0625
7f2617c58d5d06806987308b45654351,23,22,3656.80,729,0.0002709864684217167,0.8609325870664783,SP,22,22,2,0.09090909090909091,22,3.8181818181818183
5d3bb11474a06bdc23fb9e89f1164ee0,32,31,3654.60,730,0.0002708234378401897,0.8612034105043185,SP,31,31,1,0.03225806451612903,31,3.903225806451613
f97e2b0650c2068227e1d366140eb62f,21,16,3654.00,731,0.0002707789749543187,0.8614741894792728,SP,16,16,1,0.0625,15,4.0
6bb0724edf0b62fb91ac404873a97241,18,17,3653.00,732,0.0002707048701445337,0.8617448943494174,SP,17,17,3,0.17647058823529413,15,4.466666666666667
406822777a0b9eb5c50e442dd4cd3ec5,47,45,3648.08,733,0.00027034027448039164,0.8620152346238977,SP,45,44,6,0.13636363636363635,44,4.295454545454546
38e679b9e0064cd94c6f035707344dae,28,27,3644.15,734,0.0002700490425779367,0.8622852836664757,PR,27,27,1,0.037037037037037035,26,4.115384615384615
ed4311e67debd72b8610a5347a743087,26,25,3636.00,735,0.0002694450883781891,0.862554728754854,SP,25,25,2,0.08,24,4.625
1eade46fba20122dc4aefb379f8c636b,75,58,3635.37,736,0.00026939840234802454,0.8628241271572019,SP,58,58,8,0.13793103448275862,58,4.431034482758621
8f119a0aee85c0c8fc534629734e94fd,82,76,3633.78,737,0.0002692805757004664,0.8630934077329024,SP,74,73,4,0.0547945205479452,74,4.297297297297297
e49c26c3edfa46d227d5121a6b6e4d37,35,34,3624.35,738,0.00026858176734419404,0.8633619895002466,PE,33,33,0,0.0,33,4.606060606060606
96804ea39d96eb908e7c3afdb671bb9e,40,38,3610.70,739,0.000267570236690629,0.8636295597369371,MG,37,36,1,0.027777777777777776,37,4.135135135135135
21e83881401b92b49fb09a16d3852291,15,14,3588.05,740,0.00026589176274899925,0.8638954514996862,MG,14,12,0,0.0,14,4.357142857142857
3364a91ec4d56c98e44174de954b94f6,6,6,3579.94,741,0.0002652907727416431,0.8641607422724278,RO,5,5,0,0.0,5,3.6
3c010235b7345c92f125d14ee232a76b,15,15,3578.00,742,0.0002651470094106602,0.8644258892818385,PR,15,15,0,0.0,15,4.666666666666667
3d8fa2f5b647373c8620330c4e077a9f,48,43,3571.73,743,0.0002646823722533084,0.8646905716540918,SP,42,41,1,0.024390243902439025,41,4.2073170731707314
f2336e113377dd21c744d9c4fc8293a9,4,4,3563.00,744,0.0002640354372638855,0.8649546070913557,SP,4,4,0,0.0,4,4.25
218f991754f360af9c2daa5e0b8e990c,17,14,3554.32,745,0.0002633922075149519,0.8652179992988707,SP,14,14,2,0.14285714285714285,14,3.642857142857143
585175ec331ea177fa47199e39a6170a,1,1,3549.00,746,0.00026299796992689575,0.8654809972687976,MG,1,1,0,0.0,1,5.0
71039d19d4303bf9054d69e9a9236699,38,35,3537.20,747,0.00026212353317143296,0.8657431208019689,SP,34,34,8,0.23529411764705882,34,3.8823529411764706
276677b5d08786d5dce7c2149dcce48b,47,33,3522.00,748,0.0002609971400627013,0.8660041179420317,MG,33,31,3,0.0967741935483871,33,3.909090909090909
6750d71153f00fc58829af2a8ef1bcf1,6,6,3514.00,749,0.00026040430158442144,0.866264522243616,RJ,6,6,0,0.0,6,4.166666666666667
e7d5b006eb624f13074497221eb37807,63,28,3478.93,750,0.00025780544590526215,0.8665223276895213,SP,28,28,2,0.07142857142857142,28,3.9285714285714284
244b04680fdbded0acf5aebd9c92b44a,3,3,3477.70,751,0.00025771429698922665,0.8667800419865106,SP,3,2,1,0.5,2,1.0
8ff38bc3969e67c36c48343a07090f66,8,2,3472.00,752,0.0002572918995734523,0.8670373338860841,SP,2,2,0,0.0,2,2.5
ed46f1eb4a638113deb2a1137b5f22e9,4,4,3470.00,753,0.0002571436899538823,0.867294477576038,SC,4,4,0,0.0,4,4.0
bce6a5ecf98e99fd2a8868b15c51f04b,15,14,3464.90,754,0.0002567657554239789,0.8675512433314619,SP,14,14,3,0.21428571428571427,14,4.071428571428571
f0837c8d71434931d9e38e7b79234797,23,22,3446.90,755,0.00025543186884784927,0.8678066752003097,RS,22,22,1,0.045454545454545456,22,4.590909090909091
1b8356dabde1d35e17cef975c3f82730,61,56,3426.39,756,0.0002539119791991593,0.868060587179509,SP,56,55,1,0.01818181818181818,56,4.160714285714286
c394e193cda3b4225ff2094d32184849,12,3,3419.88,757,0.0002534295568874591,0.8683140167363964,SP,3,2,0,0.0,3,3.6666666666666665
4677a5437afda5fa7140b927b07be1cc,11,11,3415.70,758,0.00025311979878255784,0.8685671365351789,PR,11,11,1,0.09090909090909091,11,4.363636363636363
f4db9b37944bcb8873e6b456ee190bbf,22,21,3409.78,759,0.0002526810983086308,0.8688198176334875,SP,21,21,2,0.09523809523809523,21,4.571428571428571
827f8f69dfa529c561901c4f2e0f332f,104,91,3408.39,760,0.00025257809262302963,0.8690723957261106,PR,91,91,9,0.0989010989010989,89,4.286516853932584
070d165398b553f3b4b851c216b8a358,39,32,3393.16,761,0.00025144947637000437,0.8693238452024806,SP,30,29,5,0.1724137931034483,30,3.2666666666666666
cfd7ddab722b902f7ac5b5f3ba6d723d,13,12,3385.03,762,0.00025084700426645254,0.869574692206747,MG,12,12,0,0.0,12,4.75
960945e1a9535cbc0cd6ddd35fbe7ae8,29,28,3381.73,763,0.0002506024583941621,0.8698252946651412,SP,27,27,0,0.0,27,4.62962962962963
2d50d6282f8aa2257819a77bfaa0efe0,45,44,3353.48,764,0.00024850899751773637,0.870073803662659,SP,40,39,6,0.15384615384615385,40,3.925
db4350fd57ae30082dec7acbaacc17f9,146,137,3331.31,765,0.00024686609388480335,0.8703206697565438,SP,129,128,5,0.0390625,128,4.21875
6481e96574816ead57975da2c0f6d80d,43,32,3324.90,766,0.0002463910820540816,0.8705670608385978,SP,31,31,1,0.03225806451612903,31,4.258064516129032
6b90f847357d8981edd79a1eb1bf0acb,47,45,3322.08,767,0.000246182106490488,0.8708132429450883,SP,45,45,2,0.044444444444444446,45,4.355555555555555
8c3b533c63cca56240f94f1e3a6b18ef,8,5,3312.16,768,0.00024544698677742097,0.8710586899318657,MG,4,2,2,1.0,3,1.0
994f04b3718c2bab35c2adfa8afecd2a,55,47,3289.80,769,0.00024379000323062884,0.8713024799350964,SP,46,46,4,0.08695652173913043,46,4.369565217391305
a2b5b6105ea5942300631d2e76f4ffe0,16,16,3286.69,770,0.00024355953727219753,0.8715460394723685,SP,16,16,2,0.125,16,4.75
54c04bdb5ec46762f8f08c7e8f86ed4a,19,18,3281.66,771,0.00024318679007897907,0.8717892262624476,SC,17,17,2,0.11764705882352941,17,4.294117647058823
5b51032eddd242adc84c38acab88f23d,14,12,3280.00,772,0.00024306377609473602,0.8720322900385423,MG,11,11,0,0.0,11,4.2727272727272725
643214e62b870443ccbe55ab29a4dccf,68,66,3270.13,773,0.00024233236162215827,0.8722746224001645,SP,66,65,8,0.12307692307692308,66,4.409090909090909
52562a9f449c3dc3d53f5f5b9ed74903,14,14,3266.60,774,0.00024207077164361727,0.8725166931718081,RN,14,14,0,0.0,14,4.785714285714286
aeb36d67f1414f234d42a29e27cf1f17,4,4,3263.80,775,0.00024186327817621935,0.8727585564499843,SP,4,4,1,0.25,4,4.5
594f9aaa48e5bf431f011ddc5669b0d5,38,37,3248.80,776,0.00024075170602944464,0.8729993081560137,MG,37,37,1,0.02702702702702703,37,4.594594594594595
a938325a4b357fd23a6a4d5bb126408e,25,24,3231.00,777,0.00023943264041527195,0.873238740796429,RJ,23,23,1,0.043478260869565216,23,3.9565217391304346
c64a2aec32cc408a8a4c6d7c46017f91,9,9,3221.50,778,0.00023872864472231466,0.8734774694411513,RS,9,9,0,0.0,9,3.888888888888889
afa6714acee029b2dfdf357e5579cc03,17,16,3220.76,779,0.00023867380716307378,0.8737161432483144,SP,16,16,2,0.125,16,4.25
4c18691b6037662be2df78a765d98ab5,67,63,3195.52,780,0.00023680340176410086,0.8739529466500784,SP,62,62,5,0.08064516129032258,62,3.8548387096774195
bb7a14e229b1c95156719c3d9552eeee,11,11,3190.10,781,0.00023640175369506625,0.8741893484037736,RJ,11,10,1,0.1,11,4.181818181818182
d57e18d5f73c7ccb7f7339b61166898d,63,61,3187.70,782,0.0002362239021515823,0.8744255723059251,SP,60,60,2,0.03333333333333333,60,4.45
e48b04bf1aa1ef711caebeb7aede6180,25,25,3187.10,783,0.0002361794392657113,0.8746617517451908,PR,25,25,0,0.0,25,4.48
e89c4adbe7b1d0819dbb636e16461cf1,25,24,3181.30,784,0.00023574963136895844,0.8748975013765599,SP,24,24,3,0.125,24,3.8333333333333335
5c6d4016c2a288f074fa0848a2b653d2,35,32,3159.00,785,0.00023409709411075338,0.8751315984706706,SP,31,30,3,0.1,31,4.032258064516129
870d0118f7a9d85960f29ad89d5d989a,61,45,3157.20,786,0.00023396370545314038,0.8753655621761237,MG,43,43,2,0.046511627906976744,43,4.093023255813954
c8b3445d737de6befde0c88ede534a5e,36,30,3149.04,787,0.00023335901020529496,0.8755989211863291,SP,29,29,1,0.034482758620689655,29,4.413793103448276
5bc24d989e71e93c33e50a7782431b0e,17,17,3148.00,788,0.0002332819412031186,0.8758322031275322,MG,17,17,0,0.0,17,4.352941176470588
95f83f51203c626648c875dd41874c7f,66,51,3147.56,789,0.00023324933508681318,0.8760654524626189,MG,45,44,2,0.045454545454545456,45,3.7333333333333334
f326006815956455b2859abd58fe7e39,30,9,3147.16,790,0.00023321969316289918,0.8762986721557818,SP,9,9,0,0.0,9,4.666666666666667
3cfa1358a6caa965278721344c8d76f2,5,5,3140.28,791,0.00023270985207157855,0.8765313820078534,SP,5,5,0,0.0,5,4.8
b1ac6ea7895bc3dd6f0f6f4abbdd2821,41,40,3139.00,792,0.00023261499791505375,0.8767639970057685,RS,40,38,0,0.0,40,4.35
238fac594e170b59c6d228f5a4f4f1d9,30,29,3126.00,793,0.000231651635387849,0.8769956486411563,SP,28,28,3,0.10714285714285714,27,4.111111111111111
430315b7bb4b6e4b3c978f9dfa9b0558,21,20,3118.40,794,0.00023108843883348318,0.8772267370799899,SP,20,19,1,0.05263157894736842,19,3.9473684210526314
3bdff180c7e1f6551a643b99c265a120,61,59,3114.90,795,0.00023082907199923575,0.877457566151989,SP,59,56,3,0.05357142857142857,58,4.086206896551724
5b35136197710e16ac5e7b7c2bd4ea85,9,7,3104.20,796,0.00023003615053453642,0.8776876023025236,RJ,7,7,2,0.2857142857142857,7,2.5714285714285716
08cdbae123ff67ca4e36d9d641ce0119,6,4,3098.99,797,0.00022965006447555667,0.8779172523669991,MG,4,4,2,0.5,4,3.25
f61c63d13f7cd800549d5acdd390ae72,26,26,3072.30,798,0.0002276722071023956,0.8781449245741015,SP,26,26,2,0.07692307692307693,26,4.0
bd697db56ff8e7c9cd1abeb7f72029b2,22,22,3069.78,799,0.00022748546298173743,0.8783724100370833,SP,21,20,0,0.0,21,4.285714285714286
aae3bfea055532c57fb453ed3ec80b30,50,48,3057.92,800,0.00022660657993768755,0.878599016617021,SP,47,47,0,0.0,46,3.652173913043478
612a743d294c27884fb7b80d2b19ba35,3,2,3057.70,801,0.00022659027687953483,0.8788256068939004,PR,2,2,0,0.0,2,4.5
d9e8c084b68fe958861d8f2c21202e6b,12,9,3050.00,802,0.0002260196698441905,0.8790516265637447,SP,9,9,0,0.0,9,4.333333333333333
b8555308bfdb4ca1ed54325a58da9a97,28,26,3047.20,803,0.00022581217637679255,0.8792774387401214,SP,26,26,2,0.07692307692307693,26,4.0
0ebd97a106433a45a4aebe57c1799778,32,31,3046.80,804,0.00022578253445287857,0.8795032212745744,MG,28,28,0,0.0,28,4.75
4da0e408c99d2fdc2126dc9fce518060,54,44,3026.00,805,0.00022424115440935097,0.8797274624289837,PR,43,43,0,0.0,43,4.395348837209302
d17f467e4bf608a510c20d82f4ba3b6b,12,12,3021.66,806,0.00022391953953488413,0.8799513819685186,RS,12,11,2,0.18181818181818182,12,4.0
4c8545742faaf58fafd5fd14d25d75cf,4,4,3020.00,807,0.00022379652555064108,0.8801751784940692,SP,4,4,0,0.0,4,4.5
55f7a3319d80f7fdf078b8f03e6725fe,22,22,3013.78,808,0.00022333559363377852,0.880398514087703,SP,22,22,2,0.09090909090909091,22,3.772727272727273
f4aba7c0bca51484c30ab7bdc34bcdd1,117,110,3009.79,809,0.00022303991544273644,0.8806215540031458,SP,109,107,7,0.06542056074766354,107,3.94392523364486
49e7217cfe4e427191c378ec626d8737,14,13,3002.70,810,0.0002225145123413609,0.880844068515487,MG,13,12,0,0.0,13,3.8461538461538463
c9aafcd0621b2207c10e32c649cada4d,52,44,2997.25,811,0.00022211064112803277,0.8810661791566151,SP,42,38,4,0.10526315789473684,42,4.095238095238095
5bc55dbe2f12b6af6d83ed46023e0dc8,21,17,2992.10,812,0.00022172900135764012,0.8812879081579728,MG,14,14,4,0.2857142857142857,14,2.5
8cbac7e12637ed9cffa18c7875207478,82,67,2990.98,813,0.00022164600397068095,0.8815095541619434,SC,65,64,4,0.0625,65,4.2153846153846155
0c7533c71df861ec58ad7ff999ed0e8d,73,61,2989.30,814,0.0002215215078902422,0.8817310756698338,SP,58,58,3,0.05172413793103448,58,4.206896551724138
974cf2cb8f4b7add98709c30df02fe10,33,33,2982.67,815,0.00022103019300136778,0.8819521058628351,SP,33,30,1,0.03333333333333333,33,4.0606060606060606
2156f2671501a81034d7d07f217609d0,22,22,2981.50,816,0.00022094349037391934,0.8821730493532091,SP,22,21,3,0.14285714285714285,22,3.8636363636363638
fce62094ffe6a4009188ec44e681dfdd,11,4,2969.70,817,0.00022006905361845655,0.8823931184068274,SP,4,4,1,0.25,4,4.0
9646c3513289980f17226a2fc4720dbd,76,69,2964.40,818,0.00021967629812659617,0.882612794704954,SP,69,69,2,0.028985507246376812,69,4.449275362318841
b494891378bd8f4560abe576c52deacd,22,20,2958.90,819,0.00021926872167277878,0.8828320634266268,SP,20,19,1,0.05263157894736842,20,4.65
2e3be8a987a30d7544dbbda6861cc14e,16,15,2951.86,820,0.00021874702381189252,0.8830508104504387,MG,15,14,1,0.07142857142857142,15,3.6
e908c0f3646e8b60375734a350d95d71,1,1,2951.00,821,0.00021868329367547744,0.8832694937441141,SP,1,1,0,0.0,1,4.0
dd58ee93286b0821565574c570e9e1dc,2,2,2948.00,822,0.0002184609792461225,0.8834879547233603,PR,2,2,0,0.0,2,5.0
1996942dc085d7773ba77a529b163cd0,10,10,2943.51,823,0.00021812824865018795,0.8837060829720105,SP,9,8,0,0.0,9,4.222222222222222
60562ab00b8054280520d390c8c0045c,17,17,2943.00,824,0.00021809045519719758,0.8839241734272076,SP,17,17,0,0.0,17,4.764705882352941
cb5df0dcb9e280b1780e9d589889f2c7,19,16,2934.72,825,0.00021747686737217794,0.8841416502945799,SP,16,11,2,0.18181818181818182,15,2.6
be9a160a9011f627c3e121d076c1ec7b,7,7,2934.00,826,0.00021742351190913277,0.884359073806489,SC,7,5,0,0.0,7,3.5714285714285716
f44b6f775a2b390380e0e30b5c9d3eee,10,10,2930.00,827,0.00021712709266999284,0.884576200899159,SP,9,9,0,0.0,9,4.888888888888889
606ce7768feac12c5e8bd58db8b08f0f,5,5,2916.60,828,0.0002161340882188741,0.8847923349873779,SP,4,4,0,0.0,4,4.75
a6fe7de3d16f6149ffe280349a8535a0,52,51,2904.80,829,0.00021525965146341135,0.8850075946388414,SP,51,50,8,0.16,50,3.98
b1204cfda1d4948679db3cfc0d3cb95c,11,7,2903.70,830,0.00021517813617264784,0.8852227727750139,SP,7,6,0,0.0,7,4.0
20d83f3ef0e6925fd74bfd59170babf7,54,40,2903.60,831,0.00021517072569166934,0.8854379435007056,SP,34,34,2,0.058823529411764705,34,4.470588235294118
d3dcf0604eabf0224fbd5948b5e02f69,9,9,2902.30,832,0.00021507438943894888,0.8856530178901446,SP,9,9,3,0.3333333333333333,9,3.888888888888889
4305fe92735c8a43d154ff6dd2b8d927,21,19,2885.90,833,0.00021385907055847521,0.8858668769607031,MG,19,17,0,0.0,19,3.9473684210526314
1771297ac436903d1dd6b0e9279aa505,36,28,2881.27,834,0.00021351596528917073,0.8860803929259922,SP,28,28,1,0.03571428571428571,27,4.62962962962963
1987cd4be10fe09ee50454f9c354d1c6,16,14,2877.70,835,0.00021325141111823835,0.8862936443371103,MG,14,14,1,0.07142857142857142,14,4.357142857142857
cb3dd9ce66268c7a3ca7241ac70ab58c,51,49,2868.31,836,0.0002125555669543574,0.8865061999040648,SP,49,48,3,0.0625,49,4.214285714285714
4342d4b2ba6b161468c63a7e7cfce593,20,20,2867.10,837,0.00021246590013451755,0.8867186658041992,RJ,20,2,1,0.5,19,1.263157894736842
977f9f63dd360c2a32ece2f93ad6d306,25,24,2858.87,838,0.00021185601754998717,0.8869305218217494,SP,18,17,3,0.17647058823529413,18,4.055555555555555
fec6275253471ace26d209bbaa64cd0f,10,9,2840.00,839,0.0002104576597893446,0.8871409794815387,RJ,9,9,0,0.0,9,4.555555555555555
b335c59ab742f751a85db9c411a86739,34,32,2835.47,840,0.00021012196500101862,0.8873511014465396,MG,31,29,1,0.034482758620689655,31,3.870967741935484
432c37c9dfba871172ec162e20118b8c,56,45,2828.87,841,0.00020963287325643774,0.8875607343197961,DF,45,44,4,0.09090909090909091,45,4.177777777777778
d32e3909cfb714fb2a6cb092c85b9c5f,11,10,2827.90,842,0.00020956099159094634,0.8877702953113871,SP,10,10,3,0.3,10,3.5
730937bf88cb151eb2eb849f642fc213,26,22,2821.20,843,0.00020906448936538696,0.8879793598007524,SP,21,21,1,0.047619047619047616,21,4.571428571428571
1838dd9b8977065acf51d95e0053ea7a,67,64,2820.30,844,0.0002089977950365805,0.8881883575957891,MG,64,62,3,0.04838709677419355,64,4.265625
dd533b429f380718b70ad9922c294bae,45,41,2819.77,845,0.00020895851948739443,0.8883973161152764,SP,38,36,5,0.1388888888888889,38,3.8684210526315788
f593898ec748b7a8cb81fc04edafd98a,23,20,2813.04,846,0.00020845979411754153,0.8886057759093939,SP,19,18,3,0.16666666666666666,19,3.6315789473684212
5f1dc28029d2c244352a68107ec2b542,78,62,2807.30,847,0.00020803443250937573,0.8888138103419033,SP,60,60,4,0.06666666666666667,59,4.47457627118644
820cc752a266cdc6c1a1e61dd4583330,15,15,2802.80,848,0.00020770096086534333,0.8890215113027686,PR,15,15,2,0.13333333333333333,15,4.133333333333334
2a1348e9addc1af5aaa619b1a3679d6b,54,51,2793.10,849,0.000206982144210429,0.8892284934469792,MG,48,45,13,0.28888888888888886,47,3.25531914893617
df56d7b40d437f88407c5f78b63bc328,25,22,2791.28,850,0.00020684727345662035,0.8894353407204357,PR,22,22,1,0.045454545454545456,22,4.090909090909091
f7ccf836d21b2fb1de37564105216cc1,74,70,2787.40,851,0.00020655974679465464,0.8896419004672304,SP,67,66,7,0.10606060606060606,65,3.830769230769231
62c50c1af4dfdc4149d25c5222043d39,19,14,2785.72,852,0.00020643525071421584,0.8898483357179445,SP,14,12,0,0.0,14,3.7142857142857144
ae7ab174effdead6c241e547e4ca13f0,7,6,2778.60,853,0.0002059076244685468,0.8900542433424131,PR,5,5,0,0.0,5,4.2
8d79c8a04e42d722a75097ce5cbcf2ef,28,27,2777.72,854,0.000205842412235936,0.890260085754649,CE,26,25,4,0.16,26,4.423076923076923
3fd1e727ba94cfe122d165e176ce7967,37,36,2769.30,855,0.00020521844973754648,0.8904653042043866,SP,35,34,7,0.20588235294117646,35,3.914285714285714
c4f7fee5b0db50e87766f5a4d1b1b758,5,5,2762.03,856,0.00020467970777040967,0.890669983912157,SP,5,5,0,0.0,5,4.0
f125f3a310c2e5f822d116147de1e474,22,16,2761.40,857,0.00020463302174024515,0.8908746169338972,SP,16,16,2,0.125,16,4.1875
8f54d64f28a993550aa7943f12572959,16,15,2755.50,858,0.00020419580336251375,0.8910788127372598,MG,15,15,1,0.06666666666666667,15,3.7333333333333334
a1474fd46fd3430168f7ec202da39408,14,12,2752.50,859,0.0002039734889331588,0.891282786226193,SP,12,12,2,0.16666666666666666,12,4.333333333333333
1444c08e64d55fb3c25f0f09c07ffcf2,1,1,2749.00,860,0.00020371412209891138,0.8914865003482918,BA,1,1,0,0.0,1,1.0
052577151711aec5c744fe12e66db3e1,4,4,2748.00,861,0.0002036400172891264,0.8916901403655809,SC,4,1,0,0.0,4,2.25
f805b96fa705ba7995a221f1749dc141,7,7,2744.44,862,0.00020337620416629188,0.8918935165697472,PR,7,7,0,0.0,7,4.428571428571429
3b872fd4747f01cc56206f2934198618,27,25,2726.74,863,0.0002020645490330977,0.8920955811187803,SP,25,25,4,0.16,25,3.88
5cbbd5a299cab112b7bf23862255e43e,38,36,2726.06,864,0.0002020141577624439,0.8922975952765428,PR,33,33,0,0.0,33,4.424242424242424
33576ec5412fb5905d876f12f33bfde6,32,31,2718.00,865,0.00020141687299557698,0.8924990121495384,PR,31,31,1,0.03225806451612903,31,4.096774193548387
458d868c9642f55f18f04e951a3fdde6,2,2,2718.00,866,0.00020141687299557698,0.892700429022534,RS,2,2,0,0.0,2,5.0
78744a20ee2f80ba64f6804c25def2b8,6,6,2715.00,867,0.00020119455856622203,0.8929016235811001,PE,6,6,1,0.16666666666666666,6,4.166666666666667
fe26f3ecb51a15e6d8335cd92da42562,7,7,2708.96,868,0.00020074696551512075,0.8931023705466152,SP,7,7,1,0.14285714285714285,7,4.428571428571429
d93844a9c55ba7ce353388bcf849ea56,14,12,2708.50,869,0.00020071287730261966,0.8933030834239178,PR,12,12,1,0.08333333333333333,12,4.25
51702dc2a3e106c76dbff722b5bf0726,14,13,2705.10,870,0.00020046092094935073,0.8935035443448673,SP,13,13,0,0.0,13,4.3076923076923075
e99e927c81e3f51739c94fcdfca9f10f,25,22,2702.83,871,0.0002002927030311388,0.8937038370478985,MG,20,19,4,0.21052631578947367,20,3.8
31561f325664a8a7aba4c8d0c3a9b3db,38,36,2702.19,872,0.00020024527595287643,0.8939040823238513,SP,35,35,1,0.02857142857142857,35,4.685714285714286
0015a82c2db000af6aaaf3ae2ecb0532,3,3,2685.00,873,0.0001989714142726726,0.8941030537381239,SP,3,3,0,0.0,3,3.6666666666666665
a17f621c590ea0fab3d5d883e1630ec6,78,63,2677.92,874,0.00019844675221939497,0.8943015004903434,SP,58,58,5,0.08620689655172414,56,4.25
ffa6adafb71b807dc13159e26431354c,18,18,2669.90,875,0.00019785243164491942,0.8944993529219883,PR,18,17,0,0.0,18,3.7777777777777777
d93919c944be9cff128f6c9cb899eacb,33,33,2666.70,876,0.00019761529625360747,0.8946969682182419,SP,33,33,6,0.18181818181818182,33,4.0
9c068d10aca38e85c50202e17b4a7e88,17,17,2658.90,877,0.00019703727873728464,0.8948940054969792,MS,14,14,3,0.21428571428571427,13,4.3076923076923075
d25aa0aaacb370e912f8cf6efeba38b3,21,17,2658.45,878,0.00019700393157288137,0.895091009428552,SC,16,16,1,0.0625,16,4.5625
6f229cc508fc6915ed5c499efd93baa4,14,13,2654.80,879,0.0001967334490171662,0.8952877428775692,RJ,13,13,2,0.15384615384615385,13,4.384615384615385
0885aaf116795758dfeb5f1032487bcd,30,28,2648.00,880,0.00019622953631062833,0.8954839724138799,SP,24,23,1,0.043478260869565216,24,4.541666666666667
850913d59ce317156b00f3705f1c3edb,33,31,2648.00,881,0.00019622953631062833,0.8956802019501905,SP,30,28,5,0.17857142857142858,30,3.566666666666667
bc302730ea8cf49b5c74f579febb5bbf,11,11,2640.90,882,0.00019570339216115498,0.8958759053423516,SP,11,11,1,0.09090909090909091,11,3.8181818181818183
f1b93673502375d491780bb49d615dbc,10,8,2638.93,883,0.00019555740568587857,0.8960714627480375,SP,8,8,2,0.25,8,3.125
1b7e5006cb25dd23ce8686691013b121,11,11,2636.74,884,0.00019539511615244946,0.89626685786419,SP,11,11,2,0.18181818181818182,11,4.363636363636363
ccf8813e5a7d6c84d865cd38bfc2b130,26,26,2635.50,885,0.0001953032261883161,0.8964621610903784,SP,24,24,2,0.08333333333333333,24,4.666666666666667
9906e7aa42a3c067b7c9a564d01c4320,16,12,2619.00,886,0.0001940804968268639,0.8966562415872051,PR,11,11,2,0.18181818181818182,11,4.545454545454546
8ab42aa58097fd4668d60cc648225d5f,26,20,2616.75,887,0.0001939137610048477,0.89685015534821,GO,19,19,0,0.0,19,4.368421052631579
a369d693961cb93b61ca2cc518872a85,18,11,2597.00,888,0.00019245019101159433,0.8970426055392217,SP,10,10,0,0.0,10,4.2
fdaaf5bfda82b7b80535610c831b8d09,15,10,2588.90,889,0.000191849942052336,0.897234455481274,SP,10,10,1,0.1,10,4.2
244c2f1bff6afe1f2eaf9bfe9b2aed38,27,23,2580.00,890,0.00019119040924524966,0.8974256458905192,SP,23,23,2,0.08695652173913043,23,3.782608695652174
04aba03279157f6d4e0fe8ccaf21963c,16,16,2575.90,891,0.00019088657952513125,0.8976165324700442,RJ,16,15,1,0.06666666666666667,16,4.3125
2c4c47cb51acd5ea5db5e0ae0e26542a,15,12,2575.90,892,0.00019088657952513125,0.8978074190495694,SP,11,11,0,0.0,11,4.636363636363637
b76dba6c951ab00dc4edf0a1aa88037e,169,159,2574.78,893,0.00019080358213817208,0.8979982226317077,SP,159,157,5,0.03184713375796178,157,4.178343949044586
41ab63a91b8b264e8c8780368bf1dd5b,13,12,2571.95,894,0.00019059386552648056,0.898188816497234,MG,11,11,0,0.0,11,4.545454545454546
1ce3ae5a399804d1a87e706f8a813c3e,44,40,2563.00,895,0.000189930627478905,0.898378747124713,SC,35,35,4,0.11428571428571428,35,3.8857142857142857
4e8dacf3d38f281ae26c3e0321d92d88,10,9,2555.45,896,0.0001893711361650284,0.898568118260878,SP,9,8,1,0.125,9,2.888888888888889
cd06602b43d8800bd0afad514919d35c,52,43,2555.31,897,0.00018936076149165848,0.8987574790223697,SP,41,41,2,0.04878048780487805,41,3.8292682926829267
323ce52b5b81df2cd804b017b7f09aa7,30,30,2554.20,898,0.00018927850515279717,0.8989467575275224,SP,30,29,5,0.1724137931034483,29,4.310344827586207
157c3e4b42f81ac4a44e8b1ca2fe9876,31,23,2548.50,899,0.00018885610773702278,0.8991356136352594,SP,18,18,2,0.1111111111111111,18,3.9444444444444446
bb5bd94c8f59cc050072d2930c869cac,17,16,2543.87,900,0.00018851300246771832,0.8993241266377272,SP,13,13,1,0.07692307692307693,13,4.3076923076923075
47efca563408aae19bb7206c2d969ea9,12,12,2522.00,901,0.0001868923302777208,0.8995110189680049,PI,11,10,0,0.0,11,4.0
318f287a62ab7ac10b703ac37435a231,62,52,2517.48,902,0.00018655737653749268,0.8996975763445425,SP,52,51,5,0.09803921568627451,52,3.8653846153846154
3d39fbf22a665714baf62fae36029e23,8,8,2504.20,903,0.00018557326466354812,0.899883149609206,SP,8,8,0,0.0,8,4.75
de0c78824586e9a5f5f04fd84e25df39,16,14,2489.30,904,0.00018446910299775194,0.9000676187122038,SP,13,13,0,0.0,13,4.923076923076923
cce6ab8d1682639fe45ab70234f1665f,65,62,2482.70,905,0.00018398001125317104,0.9002515987234568,SP,62,61,3,0.04918032786885246,62,4.451612903225806
cea729054f157f5870bdd321a958d994,26,24,2482.10,906,0.00018393554836730006,0.9004355342718242,SP,21,21,1,0.047619047619047616,21,4.142857142857143
6989574bd97d9773f10d232b6c07da59,7,7,2478.40,907,0.00018366136057109566,0.9006191956323952,PR,7,7,0,0.0,7,4.857142857142857
fe49ee029e61e789a1f3a5525f57ba8d,16,16,2473.69,908,0.0001833123269170084,0.9008025079593123,SP,16,16,1,0.0625,16,4.25
5eeb9c756d9780b96283e5a2ac6da334,9,9,2471.00,909,0.0001831129849786868,0.9009856209442909,SP,9,9,2,0.2222222222222222,9,4.222222222222222
c2d70ce2c5d0a2eb75e78668236e6dc8,15,13,2470.90,910,0.0001831055744977083,0.9011687265187887,SP,13,13,0,0.0,13,4.615384615384615
3a734b715d333a2588a3d54a0c9b8746,24,18,2463.52,911,0.00018255868100149514,0.9013512851997901,SP,17,14,1,0.07142857142857142,17,4.0
1c40343cc5d18c2d8248ac2f3366de34,22,21,2461.41,912,0.00018240231985284882,0.901533687519643,SP,18,18,2,0.1111111111111111,18,4.555555555555555
fa74b2f3287d296e9fbd2cc80f2d1cf1,11,11,2459.89,913,0.00018228968054197564,0.901715977200185,SP,11,5,2,0.4,11,2.3636363636363638
a08692680c77d30a0b4280da5df01c5a,17,6,2433.00,914,0.00018029700220685753,0.9018962742023918,SP,6,6,0,0.0,6,5.0
ede0c03645598cdfc63ca8237acbe73d,49,45,2431.95,915,0.0001802191921565833,0.9020764933945484,SP,45,43,15,0.3488372093023256,43,3.511627906976744
efcd8d2104f1a05d028af7bad20d974b,51,47,2424.78,916,0.000179687860670425,0.9022561812552189,SP,41,40,1,0.025,41,4.390243902439025
ed859002ad59dbf8cf3602696a6c3000,13,7,2421.70,917,0.00017945961785628724,0.9024356408730752,PR,7,6,0,0.0,7,3.7142857142857144
4b0fdb526525f9890eb145bf1534640e,20,18,2419.00,918,0.0001792595348698678,0.902614900407945,SP,17,17,0,0.0,17,4.0
888faa8bfb0b159c37de6d898b961c31,23,19,2418.30,919,0.00017920766150301834,0.902794108069448,SC,17,17,0,0.0,17,4.235294117647059
d06d019f72a04e5497a0b64190af170c,17,17,2415.93,920,0.0001790320331038279,0.9029731401025519,SP,17,17,1,0.058823529411764705,17,4.529411764705882
d3f39f05462b79a4562d35893a28f159,38,34,2411.30,921,0.00017868892783452347,0.9031518290303865,SP,31,30,4,0.13333333333333333,31,3.838709677419355
1354d51653f645349064725ed204e85e,20,18,2410.00,922,0.00017859259158180298,0.9033304216219683,SP,18,18,1,0.05555555555555555,18,3.888888888888889
76833248bbc0e65a0293ec62023e4396,2,2,2399.98,923,0.0001778500613877575,0.9035082716833559,SP,2,2,0,0.0,2,5.0
82bd0703a4aefd6b599e5bfdaed378fb,23,20,2394.28,924,0.0001774276639719831,0.903685699347328,SP,19,19,1,0.05263157894736842,19,4.105263157894737
0bb738e4d789e63e2267697c42d35a2d,31,30,2388.30,925,0.00017698451720946892,0.9038626838645374,SP,30,28,1,0.03571428571428571,30,4.6
6bbcb8924baf70b7fe2fe2097e8cd407,11,10,2382.50,926,0.00017655470931271603,0.90403923857385,SC,10,10,0,0.0,10,4.5
acadd4d36859671cb635527c6c977533,12,12,2381.00,927,0.00017644355209803854,0.9042156821259482,SP,12,12,2,0.16666666666666666,12,4.25
cfe94489ddd337d1e29e12f2a7205d10,24,20,2376.00,928,0.00017607302804911366,0.9043917551539973,SP,20,20,2,0.1,20,4.3
8a87611c08849ffeeccab52aa798b6c7,14,13,2369.80,929,0.0001756135782284468,0.9045673687322258,PR,12,5,0,0.0,12,2.6666666666666665
120476eb7a04c149d14772edaf5d9bf2,6,4,2368.80,930,0.0001755394734186618,0.9047429082056443,RJ,4,4,0,0.0,4,4.25
5160d23075764e18e07c1f4a87fad743,38,33,2359.00,931,0.00017481324628276898,0.9049177214519271,SP,30,30,1,0.03333333333333333,30,4.566666666666666
4978a02ea9c8be7a9b5480680f40334e,19,18,2356.61,932,0.0001746361357873829,0.9050923575877146,SP,17,17,0,0.0,17,3.5294117647058822
8603f0038fe0e52fedd3382d266723de,10,10,2355.00,933,0.00017451682704362905,0.9052668744147582,SC,10,10,0,0.0,10,4.4
c004e5ea15737026cecaee0447e00b75,1,1,2350.00,934,0.00017414630299470417,0.9054410207177529,SP,1,1,1,1.0,1,1.0
3504c0cb71d7fa48d967e0e4c94d59d9,53,53,2349.94,935,0.00017414185670611707,0.905615162574459,SP,52,52,0,0.0,52,4.480769230769231
4391ea5c5990502176a1dcda44a2373d,5,3,2349.00,936,0.00017407219818491918,0.905789234772644,RS,3,3,0,0.0,3,4.666666666666667
5a93f3ab0ef4c84ed5e1b5dbf23978bc,44,39,2338.25,937,0.00017327557147973064,0.9059625103441237,SP,39,38,1,0.02631578947368421,39,4.6923076923076925
34f563c82a85b99ae9e6d60db5fc2e28,8,8,2332.30,938,0.00017283464786151,0.9061353449919852,RS,7,7,0,0.0,7,4.714285714285714
1d4587203296c8f4ad134dc286fa6db0,43,42,2323.30,939,0.0001721677045734452,0.9063075126965585,SP,41,39,2,0.05128205128205128,41,4.2926829268292686
df91910b6a03bb2e3358fa6a35e32f6f,14,14,2312.10,940,0.00017133773070385338,0.9064788504272624,SP,13,12,0,0.0,13,4.461538461538462
daeb5653dd96c1b11860f72209795012,41,40,2305.90,941,0.00017087828088318651,0.9066497287081456,MG,40,38,3,0.07894736842105263,40,4.0875
fd386aa7bed2af3c7035c65506c9b4a3,76,69,2304.15,942,0.00017074859746606282,0.9068204773056117,SP,65,65,7,0.1076923076923077,65,4.3538461538461535
f1c1ac3f3efc07e659c035008e615e66,9,3,2294.96,943,0.00017006757426413883,0.906990544879876,SP,3,3,0,0.0,3,3.3333333333333335
6338ea67c41078a46ad99cc009654956,44,37,2286.09,944,0.00016941026460134606,0.9071599551444772,RS,36,36,0,0.0,34,4.617647058823529
7238a95bb63ef7e498389fb863b834a1,15,15,2265.70,945,0.0001678992675298303,0.907327854412007,SP,15,15,1,0.06666666666666667,15,4.733333333333333
e8f6dc8e6a1dcde89d20e3995c8d90b3,48,36,2256.34,946,0.0001672056465102429,0.9074950600585172,SP,34,33,3,0.09090909090909091,34,3.911764705882353
8fe8786ee000001ab51d030dfd4a7bf1,5,5,2255.00,947,0.00016710634606513101,0.9076621664045824,SC,5,5,0,0.0,5,4.6
655220df33262c7e0c4949a147366f94,15,13,2245.00,948,0.0001663652979672812,0.9078285317025496,SP,13,13,2,0.15384615384615385,13,4.076923076923077
7b8e8ec35bad4b0ef7e3963650b0a87b,5,5,2244.28,949,0.00016631194250423602,0.9079948436450539,SC,5,5,1,0.2,5,4.8
1b1ae47a313a825a7ccceb8e2e30fa9d,11,11,2243.90,950,0.00016628378267651773,0.9081611274277304,PR,11,10,0,0.0,10,3.9
3e8bd881d92466e63ba9e3e809cd3c50,10,9,2242.28,951,0.00016616373288466608,0.9083272911606152,RJ,9,8,3,0.375,8,4.125
5abb8ea023c77787f2c15da891c8d384,13,13,2241.00,952,0.0001660688787281413,0.9084933600393433,SC,13,13,3,0.23076923076923078,13,3.923076923076923
54583ab379489add547fe47b628db589,10,10,2240.00,953,0.0001659947739183563,0.9086593548132617,SP,10,10,0,0.0,10,4.8
e5f9e61ceb5f523cc966e0f34095032f,4,4,2238.00,954,0.00016584656429878634,0.9088252013775604,SC,4,4,1,0.25,4,4.0
cac876b37d3abcd6bd76caca30277996,33,27,2229.77,955,0.00016523668171425596,0.9089904380592746,PR,26,26,1,0.038461538461538464,25,4.52
b83cedfb587e7911540e3f576d6917ce,25,24,2224.95,956,0.00016487949653109233,0.9091553175558057,SP,23,23,2,0.08695652173913043,23,4.173913043478261
9a84ba99f5367fdbd4598363496f1ea2,15,15,2223.38,957,0.00016476315197972994,0.9093200807077855,GO,15,15,0,0.0,15,3.8
b74d1c09cb380e1d03a6f859c6f4224b,39,31,2221.60,958,0.00016463124541831264,0.9094847119532038,RJ,28,27,4,0.14814814814814814,28,4.214285714285714
fb89df7f89fd1b8f03fa2acca1ba7364,25,22,2220.00,959,0.00016451267772265668,0.9096492246309265,PR,22,22,2,0.09090909090909091,22,3.8636363636363638
747e73c01a4593d4cf60dcf970fd2689,3,3,2217.99,960,0.00016436372705498886,0.9098135883579814,PE,3,3,0,0.0,3,4.333333333333333
77a515caa36327151d1cc6c32a9f00e1,26,26,2217.39,961,0.00016431926416911788,0.9099779076221506,SP,26,26,3,0.11538461538461539,26,4.423076923076923
abbf6046bbdf1028606a5bc7f00c99e7,7,7,2217.15,962,0.0001643014790147695,0.9101422091011653,SC,7,6,0,0.0,7,4.142857142857143
f214d28e8d8e3ef068748498ccc2f813,59,54,2212.41,963,0.00016395022221638868,0.9103061593233817,SP,53,51,4,0.0784313725490196,52,4.134615384615385
4992e76a42cb3aad7a7047e0d3d7e729,74,57,2211.10,964,0.00016385314491557037,0.9104700124682973,SP,53,52,4,0.07692307692307693,53,3.8867924528301887
e5475dcab1e07b63d7f6e902d8f5eda8,19,19,2192.00,965,0.00016243774304867722,0.910632450211346,SP,19,19,1,0.05263157894736842,19,4.105263157894737
91f0eec23d4a61d7d7caeefa3f0ad1ca,11,11,2190.80,966,0.00016234881727693527,0.9107947990286228,SC,11,11,3,0.2727272727272727,11,3.5454545454545454
0725b8c0f3f906e58f70cbe76b7c748c,37,17,2190.30,967,0.0001623117648720428,0.910957110793495,SP,16,15,6,0.4,16,3.65625
14a08204d03bb6b6bde8029f801ae0eb,38,28,2185.40,968,0.00016194865130409638,0.9111190594447991,SP,27,27,0,0.0,27,3.962962962962963
30c7f28fd3a5897b2c82d152bb760c17,7,7,2178.27,969,0.00016142028401032945,0.9112804797288093,RJ,7,6,3,0.5,6,1.6666666666666667
8ca1551acf9832a4cf467bbbac15851f,12,11,2176.40,970,0.00016128170801603153,0.9114417614368254,PR,10,10,1,0.1,10,4.2
53d00c40e32aeb924a84ce72b1af869d,17,17,2165.85,971,0.0001604999022728,0.9116022613390982,SP,16,16,4,0.25,16,4.375
2be17df1c49978426251562096c3cc09,16,16,2165.00,972,0.00016043691318448275,0.9117626982522827,SC,15,15,1,0.06666666666666667,15,4.2
0ffa40d54288e4f3499b8780dd0f144f,35,33,2162.80,973,0.0001602738826029558,0.9119229721348856,SP,33,33,5,0.15151515151515152,33,4.484848484848484
7fc87cc3e89b3d1d5cabdca32f8485aa,14,14,2153.90,974,0.0001596143497958695,0.9120825864846814,SP,14,14,4,0.2857142857142857,14,3.5714285714285716
72bc2cce903c872fe376a8faaa81d237,18,17,2149.20,975,0.00015926605718988006,0.9122418525418714,SP,17,17,0,0.0,17,4.647058823529412
b56906f7fd1696e043f1bcce164c487b,42,40,2148.49,976,0.00015921344277493272,0.9124010659846462,SP,39,39,2,0.05128205128205128,39,4.051282051282051
373ee4a3a775a733770ca3f790b8b9ac,22,13,2141.49,977,0.00015869470910643784,0.9125597606937527,RJ,13,13,1,0.07692307692307693,13,3.923076923076923
0ed6ce5d87fd9c69eaacaeb778d67235,43,43,2141.42,978,0.00015868952176975292,0.9127184502155224,SP,43,42,6,0.14285714285714285,42,4.404761904761905
723cd880edaacdb998898b67c8f9da30,12,11,2136.53,979,0.0001583271492499044,0.9128767773647725,SP,10,10,1,0.1,10,4.1
8bdd8e3fd58bafa48af76b2c5fd71974,10,10,2135.83,980,0.00015827527588305488,0.9130350526406555,SP,10,9,1,0.1111111111111111,10,4.9
f5f2ab9bdb6b30c14c61be68c5ed37da,18,18,2134.68,981,0.00015819005535180214,0.9131932426960073,SP,18,18,2,0.1111111111111111,18,4.277777777777778
87d30a6a0cbf89356e49324971ab1d24,17,17,2134.13,982,0.00015814929770642042,0.9133513919937136,SP,17,17,1,0.058823529411764705,17,4.352941176470588
9bcdfa7b615b3abb9461d9e3ad9886ae,20,14,2126.07,983,0.0001575520129395535,0.9135089440066532,SC,14,14,1,0.07142857142857142,14,4.428571428571429
13074f016982ff2bd6c58ced8682f000,15,14,2116.00,984,0.00015680577750501871,0.9136657497841582,RS,14,13,4,0.3076923076923077,14,3.9285714285714284
8f78f0903005064036736c7173a5c2ed,21,13,2113.70,985,0.00015663533644251325,0.9138223851206008,MG,13,13,1,0.07692307692307693,13,3.769230769230769
cf2384dd2f1dddea3f838efed0945e65,16,16,2101.50,986,0.0001557312577631365,0.9139781163783639,SP,16,16,0,0.0,16,3.9375
ffdd9f82b9a447f6f8d4b91554cc7dd3,20,18,2101.20,987,0.000155709026320201,0.9141338254046841,PR,18,18,0,0.0,18,4.333333333333333
e9511df20ccd82658a30c37b7fb343af,30,22,2096.60,988,0.0001553681441951901,0.9142891935488793,SP,22,22,0,0.0,22,4.318181818181818
3bfba5a77604f6dfae7e6dd7aaf65821,4,4,2095.50,989,0.00015528662890442661,0.9144444801777837,PR,4,4,0,0.0,4,5.0
7f7b8245c336066a1f9933c359f11d77,43,38,2094.36,990,0.00015520214942127175,0.914599682327205,SP,38,38,1,0.02631578947368421,38,4.552631578947368
8de8fe3af4449ed695d2434c933ed73e,1,1,2090.00,991,0.00015487905245060922,0.9147545613796556,SP,1,1,0,0.0,1,5.0
165b1235e9e9942cb5fae67103576fb0,16,11,2085.15,992,0.00015451964412315208,0.9149090810237787,SP,11,11,1,0.09090909090909091,11,4.363636363636363
f7720c4fa8e3aba4546301ab80ea1f1b,78,60,2083.45,993,0.0001543936659465176,0.9150634746897253,PR,58,57,3,0.05263157894736842,58,4.232758620689655
6aa3928696eab49a19a466e665a649fd,22,18,2075.00,994,0.0001537674803038345,0.9152172421700291,RJ,16,16,1,0.0625,16,4.6875
082e0bf4cb865a6533b1e8e498cc0255,23,11,2073.30,995,0.00015364150212720008,0.9153708836721562,SP,11,11,2,0.18181818181818182,11,3.272727272727273
e6a69c4a27dfdd98ffe5aa757ad744bc,28,23,2070.16,996,0.0001534088130244752,0.9155242924851807,SP,22,20,0,0.0,22,4.136363636363637
6b536a23086fba0d58c08d68814397f6,23,19,2068.80,997,0.00015330803048316764,0.9156776005156639,RJ,19,18,1,0.05555555555555555,19,3.9473684210526314
e38db885400cd35c71dfd162f2c1dbcf,32,30,2066.80,998,0.0001531598208635977,0.9158307603365274,DF,30,30,4,0.13333333333333333,30,4.466666666666667
ea65d8b58316a6f2362f2a9e4b3e86ad,16,9,2061.40,999,0.0001527596548907588,0.9159835199914182,SP,9,9,0,0.0,9,4.0
f615fe7efbef0f4f08fd3086bc7a3e60,23,22,2061.37,1000,0.00015275743174646524,0.9161362774231648,SP,19,19,2,0.10526315789473684,19,4.631578947368421
412a4720f3e9431b4afa1476a1acddbe,22,21,2058.10,1001,0.00015251510901846834,0.9162887925321832,SP,21,21,1,0.047619047619047616,21,4.238095238095238
9449f25aeaf531019b76999ea49a6949,10,10,2046.45,1002,0.00015165178798447334,0.9164404443201677,RJ,10,9,2,0.2222222222222222,10,4.0
bc2ac6b95e1accce9858528ee566c17e,22,18,2045.00,1003,0.00015154433601028512,0.916591988656178,SP,18,18,0,0.0,18,4.555555555555555
c6381d2d013342748761e906d45aff76,28,15,2042.98,1004,0.00015139464429451944,0.9167433833004724,RS,15,15,0,0.0,15,3.8666666666666667
f41ce2e25237f9092cd8e6e7516c7a2f,28,27,2030.90,1005,0.0001504994581923169,0.9168938827586648,SP,27,26,0,0.0,27,4.296296296296297
78c99c6dff4eeae5be99bf635ed21e3f,39,31,2030.88,1006,0.0001504979760961212,0.9170443807347609,SP,30,30,3,0.1,30,4.533333333333333
71592660bbcb6a4664e97b6f8b68babc,7,6,2027.18,1007,0.00015022378829991675,0.9171946045230609,SP,6,6,0,0.0,6,4.333333333333333
bf84056e679dbe9c69929847a40e338f,40,36,2024.04,1008,0.00014999109919719192,0.917344595622258,SP,36,35,3,0.08571428571428572,36,3.75
fac1a9017ade7bdc94058fc1c969f355,10,9,2010.84,1009,0.00014901291570803017,0.917493608537966,SP,9,9,0,0.0,9,4.666666666666667
1782ce2db72c3dda627d5e7c898104e1,10,9,2010.80,1010,0.00014900995151563876,0.9176426184894817,SP,9,9,1,0.1111111111111111,9,4.333333333333333
3a1a1fec38dd360f15fc912e821e169d,15,15,2007.38,1011,0.00014875651306617415,0.9177913750025478,SP,14,14,4,0.2857142857142857,14,3.7857142857142856
dc8798cbf453b7e0f98745e396cc5616,50,40,2007.30,1012,0.00014875058468139134,0.9179401255872293,SP,40,35,2,0.05714285714285714,40,3.1375
116ccb1a1604bc88e4d234a8c23f33de,73,61,2004.89,1013,0.00014857199208980954,0.9180886975793191,SP,59,59,3,0.05084745762711865,59,4.694915254237288
d6ab728cf30867cf3f1a2e216ae2f9b7,14,12,2002.00,1014,0.00014835782918953095,0.9182370554085086,SP,12,12,0,0.0,12,4.416666666666667
3d2531eccfbde1d7c8db7a3a12fb267a,10,10,1999.54,1015,0.0001481755313574599,0.9183852309398661,MG,10,10,0,0.0,9,4.222222222222222
8ec76bb0965af3f007692b26fa9d6623,1,1,1999.00,1016,0.000148135514760176,0.9185333664546262,SC,1,1,0,0.0,1,5.0
17908cf9b444ee34047cadd5c0f4a516,11,11,1993.99,1017,0.00014776424966315326,0.9186811307042895,GO,11,11,1,0.09090909090909091,11,4.545454545454546
bf100ecb7997df312b285358fb32f92c,21,20,1991.90,1018,0.00014760937061070265,0.9188287400749001,PR,20,20,0,0.0,18,4.444444444444445
c013e57c075a06e5b5c48ee03c525719,45,42,1971.55,1019,0.0001461013377315783,0.9189748414126316,SP,40,40,3,0.075,40,4.3
91f5779a8731baca4809fdeade81803f,6,6,1971.46,1020,0.00014609466829869765,0.9191209360809304,RJ,6,6,0,0.0,6,3.8333333333333335
1690cada046eb7e92c12f98b1f8a8167,11,11,1959.00,1021,0.00014517132236877678,0.9192661074032992,SP,11,10,1,0.1,11,4.545454545454546
93b9a99027bd8bd6af682aff18dd19bf,21,20,1953.00,1022,0.0001447266935100669,0.9194108340968092,SP,19,18,0,0.0,19,4.052631578947368
6df688df543f90e9b38f4319e75a9d88,56,40,1949.96,1023,0.00014450141488832056,0.9195553355116975,MG,40,39,0,0.0,40,4.575
4e5725ba188db8252977a4f0227bd462,25,22,1930.59,1024,0.0001430660047227855,0.9196984015164202,SP,22,21,6,0.2857142857142857,22,3.409090909090909
cd843d4cf8ef32827de0396605163ba3,5,5,1915.00,1025,0.00014191071073823763,0.9198403122271586,MG,5,5,0,0.0,5,3.8
9dda5bbacd45e18d6485fee649205d09,22,19,1912.60,1026,0.0001417328591947537,0.9199820450863534,MG,17,17,2,0.11764705882352941,17,4.352941176470588
f5f1f2c5f923f36ad79ea1d07185ddc9,13,12,1912.15,1027,0.00014169951203035045,0.9201237445983836,SP,12,10,1,0.1,12,3.25
901b460cdce0c64e471230d7f2f9f3a3,5,5,1904.00,1028,0.00014109555783060285,0.9202648401562142,RS,5,5,0,0.0,5,4.4
e2c92f9c1c7746d899d18f2e158bbff7,14,14,1894.70,1029,0.00014040638309960253,0.9204052465393139,SP,14,12,0,0.0,14,4.071428571428571
112453736dbe3889cfb74e1aaa0ba0c1,14,7,1890.00,1030,0.00014005809049361312,0.9205453046298075,SP,7,7,0,0.0,7,4.142857142857143
5ab05b6d86d417796c69ffd6774ec832,12,10,1886.10,1031,0.0001397690817354517,0.920685073711543,SP,10,10,1,0.1,10,3.8
65b081a070633e057c462abdd6fb9dd8,20,19,1885.09,1032,0.00013969423587756885,0.9208247679474205,GO,19,19,0,0.0,19,4.315789473684211
5debea795b07621e1f90532e18f96145,33,25,1883.78,1033,0.00013959715857675054,0.9209643651059973,PR,25,25,0,0.0,25,4.36
4c8b8048e33af2bf94f2eb547746a916,23,19,1882.45,1034,0.00013949859917973653,0.921103863705177,SP,17,17,2,0.11764705882352941,17,3.588235294117647
7ade73f1b9b4e965f9009a4c3a7e2c15,28,27,1880.30,1035,0.0001393392738386988,0.9212432029790157,SP,26,25,0,0.0,25,4.84
e24d3429d294b2eb200b064ebb035879,22,19,1878.58,1036,0.00013921181356586865,0.9213824147925815,SP,19,19,1,0.05263157894736842,19,4.2631578947368425
5b33b527da3c5b969cc99dc435cad09a,17,16,1872.79,1037,0.00013878274671721362,0.9215211975392988,PR,16,16,1,0.0625,16,4.125
95ec4458365c4d11f452ccf538377619,31,27,1866.76,1038,0.00013833589471421017,0.921659533434013,SP,24,24,1,0.041666666666666664,23,4.739130434782608
0417b067eeab773d2f7061a726dc477f,13,13,1859.18,1039,0.00013777418025604003,0.921797307614269,SC,13,13,4,0.3076923076923077,13,3.923076923076923
c8467937e403e76a8ee9f0ab13f6f5ef,33,30,1853.79,1040,0.00013737475533129898,0.9219346823696004,MG,30,30,4,0.13333333333333333,28,4.071428571428571
4b1eaadf791bdbbad8c4a35b65236d52,8,8,1849.79,1041,0.00013707833609215907,0.9220717607056925,SP,8,5,1,0.2,8,2.0
a4bd6e9adf39b63f43dc545d3ca1f53d,5,4,1848.59,1042,0.0001369894103204171,0.9222087501160129,RJ,4,4,0,0.0,4,4.5
74bafed391319577bce6f4d2acc0589a,3,3,1847.00,1043,0.00013687158367285896,0.9223456216996857,SP,3,3,0,0.0,3,2.6666666666666665
272f092de69afedd4d2969440b37f18f,39,25,1846.33,1044,0.00013682193345030303,0.922482443633136,SP,24,24,0,0.0,23,3.9347826086956523
d97df38225e5abadaff1e72cb72b823c,29,29,1846.00,1045,0.00013679747886307398,0.9226192411119991,SP,28,27,5,0.18518518518518517,26,4.038461538461538
a36b125ac6d5fdbc7f50de85c9157bdc,26,24,1843.64,1046,0.00013662259151198144,0.9227558637035111,SP,24,23,3,0.13043478260869565,24,3.9583333333333335
3a4127e1ba7208ea37044c5092aae170,5,5,1842.70,1047,0.00013655293299078355,0.9228924166365019,SP,5,5,0,0.0,5,4.0
ffeee66ac5d5a62fe688b9d26f83f534,14,14,1839.86,1048,0.0001363424753309942,0.9230287591118329,SP,14,14,2,0.14285714285714285,14,4.214285714285714
6a38087bc8ad4f89ff453561005f6dea,22,15,1833.43,1049,0.00013586598140407678,0.923164625093237,GO,15,15,0,0.0,15,4.6
c679fb69a36e1d8349e8c50a217b4d58,17,14,1825.68,1050,0.0001352916691282432,0.9232999167623652,RS,12,12,2,0.16666666666666666,11,4.363636363636363
2f09f7d37a97956d11cc1a7cadd5262b,11,10,1825.00,1051,0.0001352412778575894,0.9234351580402228,SP,9,6,1,0.16666666666666666,9,3.111111111111111
729b2d09b2a0bdab221076327f13d050,61,49,1822.11,1052,0.0001350271149573108,0.9235701851551801,SP,49,48,4,0.08333333333333333,49,4.489795918367347
55bb6fe5bebe5012e2d7d9928e1128ff,16,15,1816.55,1053,0.0001346150922149063,0.9237048002473951,SP,15,15,2,0.13333333333333333,15,3.466666666666667
a5a1bfcf728ab0e19182959cf0771ee4,24,21,1812.96,1054,0.00013434905594777823,0.9238391493033428,SP,19,19,2,0.10526315789473684,19,4.315789473684211
5b85809efd0d0e4dea1a9544e1280ed9,14,12,1804.60,1055,0.0001337295397379758,0.9239728788430809,SP,12,12,0,0.0,12,4.25
411f3b52d857390502ee4e4d5ceabc2d,30,21,1804.01,1056,0.00013368581790020265,0.9241065646609811,SP,20,20,3,0.15,18,4.055555555555555
7fdb0720c8d7c9075538b365dc8c3a22,10,9,1804.00,1057,0.00013368507685210482,0.9242402497378331,PR,7,7,1,0.14285714285714285,7,2.7142857142857144
2ff6b7bff164ef05590a52734e1296da,7,7,1803.59,1058,0.00013365469388009296,0.9243739044317132,PR,7,7,0,0.0,7,4.714285714285714
15fa791d5e017f66402dc28c44480657,8,8,1802.00,1059,0.00013353686723253485,0.9245074412989458,SP,8,8,1,0.125,8,4.25
c3e1abd72a42fe690fcd89cf5720fe29,13,13,1798.61,1060,0.00013328565192736376,0.9246407269508731,SP,13,13,0,0.0,13,4.461538461538462
1976a05ecf2996d6ffb7b5430e635fe7,9,8,1796.20,1061,0.00013310705933578196,0.924773834010209,SP,8,8,2,0.25,8,3.875
dfc475d54e1b6dbeeb7d7d9bdaa63827,21,19,1793.76,1062,0.0001329262435999066,0.9249067602538088,PR,18,17,1,0.058823529411764705,18,4.5
406740ee611378a662d274c7d8c43c4a,10,8,1790.00,1063,0.0001326476095151151,0.925039407863324,ES,8,8,1,0.125,8,4.375
fa3a0b5aabb344b9a92e3524b0202123,7,7,1789.00,1064,0.0001325735047053301,0.9251719813680293,SP,7,7,1,0.14285714285714285,7,4.142857142857143
1b8b75e227c9a9c100d0c210fb6176ce,18,18,1784.84,1065,0.00013226522869662458,0.9253042465967259,SP,18,15,1,0.06666666666666667,18,3.5
293dee954235e4e4e43f129313625ebe,8,8,1778.92,1066,0.0001318265282226975,0.9254360731249486,DF,8,8,0,0.0,8,5.0
07bf9669d84d1f11be443a9dd938f698,24,18,1776.00,1067,0.00013161014217812536,0.9255676832671267,SP,18,18,0,0.0,18,3.7222222222222223
3481aa57cd91f9f9d3fa1fa12d9a3bf7,25,25,1773.03,1068,0.00013139005089306396,0.9256990733180197,SP,24,24,0,0.0,24,3.8333333333333335
5075aaa8404020ae6aa8bf4792099b41,22,12,1772.81,1069,0.00013137374783491127,0.9258304470658547,MG,12,10,0,0.0,11,3.6363636363636362
ca4b77513ac2040591b0d8fae6958380,15,14,1772.45,1070,0.00013134707010338867,0.925961794135958,SP,14,14,3,0.21428571428571427,14,4.5
d5b9a084373da994a6e37f732169a853,7,7,1769.00,1071,0.00013109140850963048,0.9260928855444677,SP,6,6,2,0.3333333333333333,6,4.0
3ca08eeb8d5595949fed424bd3677742,14,14,1768.87,1072,0.00013108177488435843,0.9262239673193521,PR,14,13,0,0.0,14,4.428571428571429
c8417879a15366a17c30af34c798c332,36,26,1767.90,1073,0.00013100989321886703,0.9263549772125709,SP,25,24,3,0.125,24,4.25
f63d8f293af3a6454377546bd9dd19ff,28,17,1751.82,1074,0.00012981828787752452,0.9264847955004484,SP,17,17,2,0.11764705882352941,17,4.470588235294118
cb810bd318f51b3dc3c753944d61a1fa,1,1,1750.00,1075,0.00012968341712371587,0.9266144789175721,RJ,1,1,0,0.0,1,4.0
dd4d95ba2d15c071e6c695e2ef6ce169,4,4,1748.00,1076,0.0001295352075041459,0.9267440141250762,ES,4,4,2,0.5,4,4.25
4bf658053d453036c70976bccb2c31b2,2,2,1742.99,1077,0.00012916394240712316,0.9268731780674834,SP,2,2,0,0.0,2,4.5
198c7ea11960a9844b544d9bcdca860c,25,25,1733.75,1078,0.00012847921396470994,0.9270016572814481,MG,25,25,3,0.12,25,3.88
6ddc28b61be28373b4503a1f61cf98a9,11,11,1732.90,1079,0.0001284162248763927,0.9271300735063245,SP,10,10,1,0.1,10,4.3
c5f7feb04a6a1fb3596322bfc3cf1917,11,11,1720.60,1080,0.00012750473571603743,0.9272575782420405,SP,9,9,1,0.1111111111111111,9,4.555555555555555
d3674f271c91f824f82d24d92011f669,20,20,1718.30,1081,0.00012733429465353199,0.9273849125366941,DF,20,20,2,0.1,20,4.1
a70e9066dbfd10b6b97a3f54a1356762,4,2,1716.00,1082,0.00012716385359102652,0.9275120763902851,PR,2,2,0,0.0,2,5.0
8378eb36b6b70c5734e83ad7b8cdc3b7,13,7,1714.80,1083,0.00012707492781928453,0.9276391513181044,SC,7,7,1,0.14285714285714285,7,3.857142857142857
7139dc5186aa238b006e066d8fbab2e4,24,22,1712.00,1084,0.00012686743435188661,0.9277660187524562,SP,22,22,3,0.13636363636363635,21,4.0
656591be56071d4c9ef4e5fee78a578a,11,7,1702.00,1085,0.0001261263862540368,0.9278921451387102,SP,7,7,2,0.2857142857142857,7,4.571428571428571
6b1c4d4d9ccf0be3d8544eb0e71e5318,1,1,1699.00,1086,0.00012590407182468184,0.928018049210535,RS,1,1,0,0.0,1,5.0
1dfe5347016252a7884b694d4f10f5c4,27,21,1693.50,1087,0.00012549649537086445,0.9281435457059058,SP,19,18,5,0.2777777777777778,18,3.4444444444444446
731ef20c231d9a7103a425e83fd91271,3,2,1692.00,1088,0.000125385338156187,0.9282689310440619,SC,2,2,0,0.0,2,3.5
f9903dd0f812c7e771fcad47b6fff231,15,10,1684.85,1089,0.00012485548876622438,0.9283937865328283,SC,8,8,0,0.0,8,3.375
3935fe5fe0f82787a9dcb8deb62be09d,17,16,1681.69,1090,0.00012462131756730386,0.9285184078503956,SP,16,16,2,0.125,16,4.0
bafc5aa11e413978be29040f51342e70,9,9,1679.55,1091,0.000124462733274364,0.9286428705836699,MG,9,9,1,0.1111111111111111,9,3.7777777777777777
e64d65bc8dbec2accda90c58de5d1246,12,12,1678.80,1092,0.00012440715466702524,0.9287672777383369,SP,12,12,4,0.3333333333333333,12,3.0833333333333335
0b18d63d0cd1d723567903fd34a07df2,14,9,1678.14,1093,0.00012435824549256717,0.9288916359838295,SP,9,9,0,0.0,9,4.777777777777778
0ac4201fda2c68ebc0e47cb9423cf3c9,14,13,1676.88,1094,0.0001242648734322381,0.9290159008572617,SP,13,13,1,0.07692307692307693,13,4.230769230769231
392e0502231ae2f8b29994ef6398cd77,19,19,1672.70,1095,0.00012395511532733687,0.9291398559725892,SP,19,17,2,0.11764705882352941,18,4.166666666666667
1dc2de47ee26a0a5b12dc14fd6dc0dea,27,25,1670.30,1096,0.0001237772637838529,0.929263633236373,SP,24,24,3,0.125,24,4.541666666666667
77fccaae319668a8ab6cd0fd16aec48c,12,11,1667.00,1097,0.00012353271791156248,0.9293871659542845,RJ,11,11,0,0.0,11,4.454545454545454
7586919161935337bf6b6d7ff5779648,18,11,1664.71,1098,0.00012336301789715487,0.9295105289721817,RJ,11,11,2,0.18181818181818182,11,3.8181818181818183
5f67c6082caacb26e431a7b17940cece,14,13,1662.60,1099,0.00012320665674850855,0.9296337356289301,PR,13,13,4,0.3076923076923077,13,3.5384615384615383
53b0300ca793f9834cd69c0678d35ee8,10,5,1662.15,1100,0.00012317330958410533,0.9297569089385143,SP,5,5,0,0.0,5,5.0
a1040efe9ff4a6f93c28b0499eada8f5,1,1,1658.83,1101,0.0001229272816156192,0.9298798362201299,SP,1,1,0,0.0,1,5.0
25cf099de44674fde97473224f9d59ab,50,50,1654.36,1102,0.0001225960331158803,0.9300024322532457,SP,50,50,2,0.04,49,4.326530612244898
df0f42bc4c2142eacf0eaf2cffd0cfbb,16,14,1654.00,1103,0.00012256935538435774,0.9301250016086301,SC,13,13,0,0.0,13,4.384615384615385
b2a6d334e2833acea353624840e25a0e,26,25,1650.98,1104,0.0001223455588588071,0.9302473471674889,SP,24,24,0,0.0,24,4.625
26e2c91ef821e1ff8985f408788fe35b,14,12,1649.40,1105,0.00012222847325934683,0.9303695756407483,SP,12,12,5,0.4166666666666667,12,3.0
ffc470761de7d0232558ba5e786e57b7,31,28,1649.01,1106,0.00012219957238353068,0.9304917752131319,SP,28,27,1,0.037037037037037035,27,4.444444444444445
edc518ba25576a0188a0e8f2c3af186f,8,6,1647.39,1107,0.00012207952259167903,0.9306138547357234,SP,5,5,0,0.0,5,4.0
0887a9f087bcd5d9f6642b52f897fc6c,12,12,1642.00,1108,0.00012168009766693797,0.9307355348333903,SP,12,12,1,0.08333333333333333,12,4.416666666666667
5b581417df4480f632484ba681e53944,12,11,1641.60,1109,0.00012165045574302397,0.9308571852891335,SC,11,11,3,0.2727272727272727,11,3.727272727272727
7a2d2949aea47fab95fd98d6c9f618b1,12,11,1638.99,1110,0.00012145704218948518,0.930978642331323,PR,11,11,0,0.0,11,4.2727272727272725
2a6fbeaa7ab9e5d59a35841a8da71ce4,30,30,1632.79,1111,0.0001209975923688183,0.9310996399236917,SC,28,28,2,0.07142857142857142,27,4.148148148148148
3092c0b297aacfb4bb6e056ebe13b9b8,21,19,1623.90,1112,0.00012033880060982983,0.9312199787243016,SP,17,14,0,0.0,17,3.823529411764706
f1ed6bd0a9b11b581f16c851c6a5a527,18,17,1622.77,1113,0.0001202550621747728,0.9313402337864763,RS,17,17,1,0.058823529411764705,17,4.411764705882353
15cd6eefe58588619aaed41dfa6621b1,18,16,1622.74,1114,0.00012025283903047925,0.9314604866255068,MG,15,15,1,0.06666666666666667,15,4.466666666666667
b0f2a6122a90a93eb03e68653dd960e3,7,6,1620.30,1115,0.00012007202329460389,0.9315805586488015,PR,6,6,0,0.0,6,4.833333333333333
013900e863eace745d3ec7614cab5b1a,26,23,1619.70,1116,0.00012002756040873291,0.9317005862092101,PR,23,23,0,0.0,23,4.695652173913044
02c988090b766852e088c69d7fb3b551,17,13,1618.65,1117,0.00011994975035845868,0.9318205359595687,SP,13,12,0,0.0,12,4.583333333333333
d354c38a7182125a748cb10474fe963b,20,18,1610.33,1118,0.00011933319834104762,0.9319398691579097,RJ,18,17,1,0.058823529411764705,17,4.294117647058823
8daab2245ebdc277c51098d01c5ad8ef,16,16,1604.59,1119,0.00011890783673288184,0.9320587769946426,SP,16,16,1,0.0625,16,4.625
427165bf50f8ca07efc7bdc2bfcf1688,5,5,1603.50,1120,0.00011882706249021621,0.9321776040571328,SP,5,5,3,0.6,5,3.2
7813ea3ebd9411dc600b4dd01f7a97b9,9,9,1599.40,1121,0.00011852323277009781,0.932296127289903,SP,9,9,1,0.1111111111111111,9,3.888888888888889
850857dfac77488c307e2b1cbd84ab5a,1,1,1599.00,1122,0.0001184935908461838,0.9324146208807491,PR,1,1,0,0.0,1,5.0
8a1ff5c35f6595a73fef4c7b96e4908a,2,2,1598.00,1123,0.00011841948603639882,0.9325330403667855,PR,2,2,0,0.0,2,5.0
081acf3de680d554796c9cf041be7bc2,8,4,1597.30,1124,0.00011836761266954933,0.932651407979455,MG,3,3,1,0.3333333333333333,3,4.0
41b86b552e54e3a7009596125aa8b167,11,10,1595.30,1125,0.00011821940304997938,0.932769627382505,SP,10,10,0,0.0,10,4.3
8a2d12a90e92f012ce5226fc6592b653,18,18,1594.65,1126,0.00011817123492361915,0.9328877986174287,PR,17,17,0,0.0,17,4.588235294117647
70f84699be677ec988d1fa824aef7d90,5,5,1588.30,1127,0.00011770066938148451,0.9330054992868101,MG,5,5,0,0.0,5,4.6
845e8036c3f7bf62099352f5ed910240,24,21,1584.60,1128,0.00011742648158528007,0.9331229257683953,RJ,17,17,0,0.0,17,4.117647058823529
f3c38ab652836d21de61fb8314b69182,15,15,1581.00,1129,0.00011715970427005416,0.9332400854726653,SP,15,15,1,0.06666666666666667,15,4.266666666666667
134285d1f41da5c13a756ee8142c8a4e,4,3,1572.70,1130,0.00011654463434883883,0.9333566301070143,SP,3,3,0,0.0,3,3.3333333333333335
1660ad786c27fd935378b6192a90b417,13,12,1570.00,1131,0.00011634455136241937,0.9334729746583768,SP,11,11,1,0.09090909090909091,11,4.909090909090909
c4fb51fb1c5b7c07bc5e67be6e7e8f6e,16,15,1567.90,1132,0.00011618893126187091,0.9335891635896386,PR,15,15,2,0.13333333333333333,15,3.533333333333333
9b00ed88b7fdb95d6ff76e27c1b52d16,50,46,1567.88,1133,0.00011618744916567523,0.9337053510388043,SP,45,45,3,0.06666666666666667,45,4.533333333333333
47648caee88ccfe951fbb27fbf7b4cbe,3,3,1564.99,1134,0.00011597328626539662,0.9338213243250696,SP,3,3,1,0.3333333333333333,3,3.6666666666666665
39d54ff918774174706fb065d7f9dc07,24,22,1554.69,1135,0.00011521000672461132,0.9339365343317942,SP,20,20,3,0.15,20,4.3
8b87cd0d43d49b9bdf40f56229364d59,5,5,1552.90,1136,0.00011507735911509622,0.9340516116909093,SP,5,2,0,0.0,5,2.6
817f85dbb65aa3e70831d90fe75cdf89,11,11,1552.27,1137,0.00011503067308493166,0.9341666423639943,SP,11,11,0,0.0,11,4.545454545454546
0eaa7e33d73809f1f925f7d07c506cbd,15,15,1552.00,1138,0.00011501066478628972,0.9342816530287805,SP,15,15,0,0.0,14,4.714285714285714
3785b653b1b82de85ab47dd139938091,24,21,1552.00,1139,0.00011501066478628972,0.9343966636935668,PR,20,20,0,0.0,20,4.7
fe701d88b67eaca109dffd464d1be9f9,11,11,1548.90,1140,0.00011478093987595629,0.9345114446334428,RJ,11,10,1,0.1,11,4.0
78a4d36f65a019172c6154468831a69f,7,7,1545.50,1141,0.00011452898352268735,0.9346259736169655,SP,7,7,1,0.14285714285714285,7,4.285714285714286
49cdc90518a4f82676b38b3c1aa43ff6,5,5,1539.50,1142,0.00011408435466397747,0.9347400579716295,SP,5,5,0,0.0,5,3.8
06bb3a2fe5e7b7a845b13e8fb91bd944,18,17,1536.19,1143,0.00011383906774358919,0.934853897039373,MG,17,17,0,0.0,17,4.588235294117647
cbf09e831b0c11f6f23ffb51004db972,10,10,1535.20,1144,0.00011376570398190205,0.934967662743355,SP,10,10,0,0.0,10,4.4
3a490ba60afa30ece0e7d50cfe74a4f0,8,8,1529.20,1145,0.00011332107512319217,0.9350809838184782,MG,8,8,0,0.0,8,4.625
5bf397d04035b5f45cc41e82ec106803,4,3,1525.00,1146,0.00011300983492209525,0.9351939936534003,SP,3,3,0,0.0,3,4.333333333333333
3586b8580d9c917874e053a1bb37b5ff,43,36,1524.70,1147,0.00011298760347915976,0.9353069812568795,SP,36,36,1,0.027777777777777776,36,4.416666666666667
01bcc9d254a0143f0ce9791b960b2a47,11,11,1521.21,1148,0.00011272897769301018,0.9354197102345724,GO,11,10,0,0.0,10,4.4
a7c88262832dfc683781d6a421edefae,5,5,1520.00,1149,0.00011263931087317035,0.9355323495454456,SP,5,5,0,0.0,5,4.2
5b97c06a046398e7005b2b7c0d707a92,4,4,1519.96,1150,0.00011263634668077896,0.9356449858921264,MG,4,3,2,0.6666666666666666,4,3.25
866558b3bccef2dbc6d29a2b5995016f,6,5,1519.40,1151,0.00011259484798729937,0.9357575807401136,PR,5,5,0,0.0,5,4.8
094ced053e257ae8cae57205592d6712,19,19,1519.20,1152,0.00011258002702534237,0.935870160767139,SP,18,18,0,0.0,18,4.111111111111111
1dd33b8119b3cb1056ed5dc88cd0aaf4,8,8,1513.00,1153,0.00011212057720467549,0.9359822813443437,SP,8,8,1,0.125,8,3.75
a23266650e7c84bb93fbbba502137478,16,11,1512.40,1154,0.0001120761143188045,0.9360943574586625,RS,11,11,0,0.0,11,3.8181818181818183
6eb94e1466490d327a09abf8f3552a50,10,10,1511.95,1155,0.00011204276715440125,0.9362064002258169,SP,10,9,1,0.1111111111111111,9,4.444444444444445
9b522ba7eae9e1d04082f267144583cc,6,4,1507.60,1156,0.00011172041123183658,0.9363181206370487,SP,4,3,1,0.3333333333333333,4,4.25
b33aaadd1a8891d2dfef0c4c3bdf0371,17,16,1504.00,1157,0.00011145363391661066,0.9364295742709653,SP,16,16,2,0.125,16,3.9375
714b9a1332840f257b49f476bea4e341,6,6,1499.94,1158,0.00011115276838888364,0.9365407270393543,SP,6,6,2,0.3333333333333333,6,3.3333333333333335
9a03a4e9eb0b947652fae4f6121a3f5e,7,7,1497.00,1159,0.00011093490024811579,0.9366516619396024,SP,6,6,1,0.16666666666666666,6,4.333333333333333
02dcd3e8e25bee036e32512bcf175493,17,14,1491.90,1160,0.0001105569657182124,0.9367622189053205,MG,14,13,4,0.3076923076923077,14,3.857142857142857
c7b7db6c8f3c64a7cc1afa634db21d50,1,1,1489.00,1161,0.00011034206176983595,0.9368725609670904,SP,1,1,1,1.0,1,1.0
431050a06a317f2b38168dec3dcd2b46,12,12,1487.80,1162,0.00011025313599809397,0.9369828141030885,SP,12,10,0,0.0,12,4.25
659e8466eb3ff1b0e8740d74fb7bbedd,14,11,1486.80,1163,0.00011017903118830899,0.9370929931342769,BA,11,11,0,0.0,11,4.363636363636363
2a61c271b1ac763450d846849783e922,22,17,1486.77,1164,0.00011017680804401544,0.9372031699423209,SP,17,17,3,0.17647058823529413,17,4.117647058823529
b6e1504972665f739dec4facb9943775,14,14,1484.48,1165,0.00011000710802960783,0.9373131770503504,SP,14,14,1,0.07142857142857142,14,4.357142857142857
9da1ca0bef29ee170e541927a5aeabdc,6,6,1484.40,1166,0.00011000117964482505,0.9374231782299952,SP,6,6,2,0.3333333333333333,6,3.0
52f0fe436a347ddad7ed5f9aa4e27eaa,23,21,1484.37,1167,0.00010999895650053149,0.9375331771864958,SP,19,17,3,0.17647058823529413,19,3.736842105263158
f918546be4bec7104d117789ba758b2b,23,20,1483.00,1168,0.00010989743291112606,0.9376430746194069,SP,20,20,4,0.2,20,3.85
6806dad1da97bfb5a9038eac6881f706,14,10,1477.00,1169,0.00010945280405241618,0.9377525274234594,PR,10,10,1,0.1,10,3.95
4d232b78ab7ef10393dc3807d827bc0d,5,5,1475.00,1170,0.00010930459443284623,0.9378618320178922,MG,5,5,0,0.0,5,4.4
e256a62e0ac58c0edfba09966142d561,14,12,1474.11,1171,0.00010923864115213758,0.9379710706590443,PR,12,12,0,0.0,12,4.416666666666667
5e105f5c9f63f5f1fd75d6cb942e55b1,8,8,1471.90,1172,0.0001090748695225128,0.9380801455285668,SP,8,8,1,0.125,8,4.5
d1ef48b38baca7e831711c4a0aeb398f,35,29,1469.12,1173,0.00010886885815131053,0.9381890143867181,PR,28,27,3,0.1111111111111111,28,4.428571428571429
7ecd59e5e20407131822c1a68ac59c1f,29,24,1466.71,1174,0.00010869026555972874,0.9382977046522779,DF,24,24,4,0.16666666666666666,24,4.416666666666667
01ed254b9ff8407dfb9d99ba1e17d923,5,5,1465.99,1175,0.00010863691009668356,0.9384063415623746,SP,5,5,0,0.0,5,5.0
4ba52dfeba874da5b9ee7b17c7494f04,11,11,1463.00,1176,0.00010841533671542645,0.93851475689909,SP,11,11,1,0.09090909090909091,11,4.363636363636363
1284de4ae8aa26997e748c851557cf0e,3,3,1459.97,1177,0.00010819079914177797,0.9386229476982317,SP,3,3,0,0.0,3,2.6666666666666665
5145090ab595c0d0b8557199f5701fbf,4,4,1459.60,1178,0.00010816338036215752,0.938731111078594,PR,4,4,0,0.0,4,4.25
97512d3fc193b2d1dfcdba0f9d1f0f8a,13,12,1458.87,1179,0.00010810928385101448,0.9388392203624449,SP,12,12,1,0.08333333333333333,12,4.25
d7827b2af99326a03b0ed9c7a24db0d3,1,1,1455.00,1180,0.00010782249823714662,0.9389470428606821,SP,1,1,0,0.0,1,5.0
a414555ce331b8c8aea4a9cb8395194d,8,7,1450.95,1181,0.00010752237375751745,0.9390545652344395,SP,7,7,0,0.0,6,3.3333333333333335
0ad80de75c811326389cfb1daba7d45e,6,6,1449.40,1182,0.00010740751130235073,0.9391619727457419,RJ,6,6,0,0.0,5,5.0
2dcf93836ae3ce0d7c93e2f10876467a,12,9,1443.80,1183,0.00010699252436755482,0.9392689652701095,SP,8,8,2,0.25,8,4.0
dace965ca58120f92f8d742a9fa1864b,8,8,1442.00,1184,0.00010685913570994187,0.9393758244058195,SP,8,8,0,0.0,8,4.625
66fd84ee7528c0c0de85d0f44a73d5ab,21,11,1438.11,1185,0.00010657086799987829,0.9394823952738193,RS,11,11,1,0.09090909090909091,11,3.3636363636363638
5b0cc932433fa5184b5b94bfe6bcc256,17,12,1437.80,1186,0.00010654789550884494,0.9395889431693282,SP,12,12,3,0.25,12,3.5833333333333335
3771c85bac139d2344864ede5d9341e3,30,26,1433.30,1187,0.00010621442386481254,0.9396951575931929,SP,26,26,4,0.15384615384615385,26,3.8461538461538463
ec933281fb017b5020d06df29c3f77e8,8,8,1432.00,1188,0.00010611808761209206,0.939801275680805,SP,8,8,0,0.0,8,5.0
c5f7e746b7e6d07def6c0dae9903279b,11,10,1429.00,1189,0.00010589577318273712,0.9399071714539877,PR,9,9,0,0.0,9,4.555555555555555
0aea4c6ae1505b3228ddf3dd7822ee5b,8,8,1427.91,1190,0.0001058149989400715,0.9400129864529279,SP,8,8,2,0.25,8,3.875
d9a84e1403de8da0c3aa531d6d108ba6,59,54,1425.20,1191,0.0001056141749055542,0.9401186006278335,SP,52,51,3,0.058823529411764705,52,4.653846153846154
adcf50477d6a1f5d91bb9d54c4903cb5,38,19,1425.14,1192,0.0001056097286169671,0.9402242103564503,MG,19,16,3,0.1875,19,3.263157894736842
f5f46307a4d15880ca14fab4ad9dfc9b,10,9,1422.94,1193,0.00010544669803544014,0.9403296570544859,SC,9,9,1,0.1111111111111111,9,4.111111111111111
491a5ada3aa1678414e990262c4bbdc1,1,1,1420.00,1194,0.0001052288298946723,0.9404348858843805,SP,1,1,0,0.0,1,5.0
89c127985a8b130cfa45c1d36764017a,7,7,1419.57,1195,0.00010519696482646475,0.9405400828492069,SP,7,6,0,0.0,6,3.0
0b0ddbc7b9d9584f442c7ac92b0ff6c9,3,3,1416.76,1196,0.00010498873031096896,0.940645071579518,SP,3,3,0,0.0,3,4.666666666666667
010543a62bd80aa422851e79a3bc7540,2,2,1416.00,1197,0.00010493241065553237,0.9407500039901735,SP,2,2,0,0.0,2,4.5
17eea220a40cc0d2c0c5346379682398,4,4,1414.98,1198,0.0001048568237495517,0.940854860813923,SP,4,3,2,0.6666666666666666,4,3.75
af3ef48d0e13835e529c29ac573c63e5,21,21,1405.63,1199,0.00010416394377806214,0.9409590247577011,SP,21,21,1,0.047619047619047616,21,3.761904761904762
921323538c9f1c4e816f2720eac02bea,17,15,1401.84,1200,0.00010388308654897705,0.9410629078442501,SP,15,15,3,0.2,15,3.933333333333333
8ff1a9df749e454105c55cda13e79143,14,13,1400.60,1201,0.00010379119658484367,0.9411666990408348,SP,12,12,0,0.0,10,4.0
d4ffeb15b67e81ff9af2b4252d99fb7e,12,11,1400.40,1202,0.00010377637562288668,0.9412704754164578,SP,11,11,0,0.0,10,4.3
04843805947f0fc584fc1969b6e50fe7,2,1,1400.00,1203,0.00010374673369897269,0.9413742221501568,RS,1,1,1,1.0,1,5.0
d4e12e7884759a14fa0f5f896c791cae,32,29,1400.00,1204,0.00010374673369897269,0.9414779688838557,SP,29,29,2,0.06896551724137931,29,4.620689655172414
b8114f2f589a6804810f04f99b36b498,11,8,1399.62,1205,0.00010371857387125439,0.941581687457727,SP,8,8,0,0.0,8,4.75
8e2b3afb420011ef0c88c9d5f11ea526,11,11,1384.50,1206,0.00010259810914730549,0.9416842855668742,SP,10,10,1,0.1,10,4.5
863d2ebcd347ce4922de7a0f9a5581d6,19,18,1382.36,1207,0.00010243952485436563,0.9417867250917287,RJ,18,17,3,0.17647058823529413,18,3.888888888888889
e7f3bf1ecd8526eb7f3b18059e6716e5,18,17,1382.04,1208,0.00010241581131523444,0.9418891409030439,SP,16,16,0,0.0,16,4.625
81336a0f57a33776419727a300249e90,19,16,1374.85,1209,0.00010188299773288042,0.9419910239007767,SP,16,15,3,0.2,16,3.875
88cf19ec1fc2c58f161aee259d57142c,14,14,1372.97,1210,0.00010174368069048467,0.9420927675814672,SP,14,14,0,0.0,14,4.5
8185694b58b2ba6de20fd41ae608bbea,8,8,1372.30,1211,0.00010169403046792872,0.9421944616119352,SP,8,8,0,0.0,8,4.5
985c92cc412091f8529c12d7f23d3fef,12,12,1368.50,1212,0.00010141243219074581,0.942295874044126,MG,12,12,1,0.08333333333333333,12,4.75
0bebbb2cea103a4a020c95d43fd7d754,9,9,1367.20,1213,0.00010131609593802534,0.942397190140064,SP,9,9,0,0.0,9,4.888888888888889
2e1a7d075abe038c1b2743005fe42ff1,22,18,1366.80,1214,0.00010128645401411133,0.9424984765940781,SP,17,17,3,0.17647058823529413,17,4.411764705882353
556a6409838156ea299c9d1f9e2dde43,4,4,1362.80,1215,0.00010099003477497142,0.942599466628853,PR,4,4,0,0.0,4,3.25
36890be00bbfc1cdb9a4a38a6af05a69,13,13,1361.30,1216,0.00010087887756029394,0.9427003455064134,SP,13,13,3,0.23076923076923078,13,4.230769230769231
5a425cc503b39b262a847fd6212bf53b,15,15,1360.59,1217,0.0001008262631453466,0.9428011717695587,PR,15,14,1,0.07142857142857142,14,4.214285714285714
091065b789659bc3cd9af9cb3a6253ff,2,2,1359.00,1218,0.00010070843649778849,0.9429018802060565,RS,2,2,0,0.0,2,3.5
2f73e04d12cdf0c945ded66bb3fcf6c7,3,3,1359.00,1219,0.00010070843649778849,0.9430025886425543,ES,3,3,0,0.0,3,3.3333333333333335
42ef3192a9ff87a22d1867b74b3ee205,23,23,1354.09,1220,0.00010034458188174423,0.943102933224436,SP,23,23,0,0.0,23,4.6521739130434785
9f50216bfd01913736a55a11b55ea842,19,17,1354.00,1221,0.00010033791244886359,0.9432032711368848,SP,16,16,3,0.1875,16,4.4375
04e38a233f726ef161074ab1c9b0399a,28,23,1352.20,1222,0.00010020452379125063,0.9433034756606761,SP,23,19,3,0.15789473684210525,23,3.652173913043478
b9a03475e6447e631b6799ec8274800f,11,10,1349.10,1223,9.997479888091718e-05,0.9434034504595571,PR,10,10,0,0.0,10,4.2
c3ee2331a724e6fc02c4b698b57a73f3,3,2,1347.00,1224,9.981917878036872e-05,0.9435032696383374,SP,2,2,0,0.0,2,3.0
7e26c750b4cb9f6766f58265ff9ebe95,27,23,1344.30,1225,9.961909579394927e-05,0.9436028887341313,MG,23,23,0,0.0,23,4.434782608695652
b43d8b707f887a30f4675391098354a0,4,3,1342.00,1226,9.944865473144383e-05,0.9437023373888628,SP,2,2,1,0.5,2,4.0
186cdd1b2df32caa72cfb410bba768d3,6,6,1341.45,1227,9.940789708606208e-05,0.943801745285949,SC,6,6,0,0.0,6,5.0
8ea394aed8138685abe1eb9f25e1021d,2,2,1340.00,1228,9.930044511187386e-05,0.9439010457310608,SP,2,2,0,0.0,2,4.0
7357b52d27cbaa90f81a96cbc1279396,12,12,1328.02,1229,9.841266949064979e-05,0.9439994584005514,MG,12,12,1,0.08333333333333333,12,4.333333333333333
058cb5aeb36d7c0fcae20fc85d5e0a59,13,12,1328.00,1230,9.84111873944541e-05,0.9440978695879458,RJ,12,11,1,0.09090909090909091,12,3.5833333333333335
3faf68a3b0af94b10bac70d86077be49,7,7,1322.93,1231,9.803547600884424e-05,0.9441959050639547,SP,7,7,0,0.0,7,4.571428571428571
5d9f3746e112e696f98ea22c56b3e912,1,1,1322.64,1232,9.80139856140066e-05,0.9442939190495687,SP,1,1,0,0.0,1,5.0
e439f7176d763f92de325271111b2fd5,6,6,1320.90,1233,9.788504324498073e-05,0.9443918040928138,SC,6,6,0,0.0,6,5.0
d2e753bb80b7d4faa77483ed00edc8ca,15,14,1320.70,1234,9.787022228302374e-05,0.9444896743150967,BA,11,11,1,0.09090909090909091,11,4.0
2bd05d410a8fd26dc4184a15f4f2f588,7,6,1316.73,1235,9.757602618817736e-05,0.9445872503412849,MG,6,6,0,0.0,6,5.0
5151aea44289d6c6b090ee31c2132508,7,7,1315.30,1236,9.747005631018484e-05,0.944684720397595,SP,7,7,0,0.0,6,1.8333333333333333
3f8034bfc6b8b4135534975d49f04c63,16,12,1313.90,1237,9.736630957648587e-05,0.9447820867071716,PR,12,11,0,0.0,12,3.75
4eb61f060e7dcc1d5a80d806c35cc541,8,8,1313.00,1238,9.729961524767939e-05,0.9448793863224192,SP,7,7,0,0.0,7,3.857142857142857
c794dab4928dd97beb41d05514441e86,16,16,1312.40,1239,9.725515236180841e-05,0.944976641474781,SP,16,16,2,0.125,16,4.375
f4a04f7be452aa3bb31760bf00055dd0,18,18,1312.10,1240,9.723292091887289e-05,0.9450738743956999,SP,18,18,1,0.05555555555555555,18,4.666666666666667
e63e8bfa530fb16910dd6956e592bb81,43,42,1311.70,1241,9.720327899495891e-05,0.9451710776746948,SP,37,36,2,0.05555555555555555,37,4.243243243243243
626ab1cd96932367f0eeec2e47046c12,3,3,1310.00,1242,9.707730081832444e-05,0.9452681549755131,SP,3,3,0,0.0,3,4.666666666666667
7f40d06aa0b5f1aa4f41af8c0480e2ef,6,6,1309.94,1243,9.707285452973734e-05,0.945365227830043,SP,6,6,1,0.16666666666666666,6,4.833333333333333
9a1aea68d3efa00862ec88c0768037d0,8,7,1309.20,1244,9.701801697049646e-05,0.9454622458470134,SP,7,7,0,0.0,7,4.428571428571429
0e982cff76cc0579f632cea8a0e38c9d,12,7,1307.34,1245,9.688018202429639e-05,0.9455591260290377,SC,6,5,0,0.0,6,4.166666666666667
a13580f0e8f782b7a543885a0ef99f08,10,10,1304.90,1246,9.669936628842105e-05,0.9456558253953261,RJ,10,10,2,0.2,10,4.4
83b08de96980757220871b31bf6cffca,7,5,1304.17,1247,9.664526977727801e-05,0.9457524706651034,RJ,5,5,2,0.4,5,4.0
542917da124346b47ea1ac79a93ce454,20,20,1303.90,1248,9.662526147863607e-05,0.9458490959265821,PR,19,19,1,0.05263157894736842,19,4.105263157894737
45a3d05fb00435e52a28859dd03703b3,1,1,1299.00,1249,9.626214791068966e-05,0.9459453580744928,SP,1,1,0,0.0,1,5.0
56e361f411e38dcef17cdc2a3d99628b,10,5,1298.00,1250,9.618804310090468e-05,0.9460415461175936,SP,5,5,1,0.2,5,4.0
d101c6da914ae3d53f7bee42283f2fe2,16,13,1297.40,1251,9.61435802150337e-05,0.9461376896978088,SP,13,13,1,0.07692307692307693,13,3.6153846153846154
51ed72984a04e5dd35c2b27e77179038,7,7,1294.30,1252,9.591385530470025e-05,0.9462336035531134,SP,7,7,1,0.14285714285714285,7,3.5714285714285716
f08c008c8a8d31417763738a1788a2a8,23,22,1291.72,1253,9.572266489545501e-05,0.9463293262180088,PR,19,17,3,0.17647058823529413,18,3.4444444444444446
b9ca8e8baa5d4aa038394a700f63e69f,14,14,1289.77,1254,9.557816051637429e-05,0.9464249043785252,SP,14,14,1,0.07142857142857142,14,4.214285714285714
25e47381a6c510ddeb36084e33b89f0c,17,16,1289.60,1255,9.556556269871084e-05,0.9465204699412239,SP,16,16,0,0.0,16,4.25
141440cad9341e553f8401c574a2aa38,12,11,1288.20,1256,9.546181596501187e-05,0.9466159317571889,PR,11,11,0,0.0,11,4.454545454545454
bc07d855eac23aab5ac8a120f21d16b2,13,12,1283.11,1257,9.508462248320631e-05,0.9467110163796721,SP,12,11,2,0.18181818181818182,12,4.166666666666667
e3d3b3efac954a60d61be70b7e05b49b,3,3,1282.05,1258,9.500607138483423e-05,0.946806022451057,SP,3,3,0,0.0,3,4.333333333333333
4eeb99008a0f59d2c7759c59f9a346eb,2,2,1282.00,1259,9.5002366144345e-05,0.9469010248172014,SP,2,2,0,0.0,2,4.5
269cff2d3c8d205c11f37a52402ea93b,5,4,1281.59,1260,9.497198317233315e-05,0.9469959968003737,SP,4,4,0,0.0,4,4.5
a478c7961d6a992065b24e63b366f90b,9,8,1281.50,1261,9.49653137394525e-05,0.9470909621141131,SC,8,8,0,0.0,8,4.875
5795aebfe331fbcd02a2c4b679fb7952,6,6,1280.00,1262,9.485415652477503e-05,0.9471858162706379,SC,5,5,0,0.0,5,4.4
fec8cd45395b3cb0c2b173d7739706a1,4,4,1280.00,1263,9.485415652477503e-05,0.9472806704271627,SP,4,4,0,0.0,4,3.75
2709af9587499e95e803a6498a5a56e9,47,26,1279.56,1264,9.482155040846963e-05,0.9473754919775711,SP,25,24,3,0.125,24,3.7916666666666665
1dcfa3835714681d4ba4a93bc1e0fd41,15,13,1278.50,1265,9.474299931009756e-05,0.9474702349768811,SP,13,12,0,0.0,12,4.0
bb5d956dece964a06c12bceb66b923ae,2,2,1278.36,1266,9.473262463672765e-05,0.947564967601518,RJ,2,2,0,0.0,2,5.0
718539d38d07dd351c76db862760e2e2,43,35,1273.01,1267,9.433616390437801e-05,0.9476593037654223,SP,34,34,0,0.0,34,4.617647058823529
52f9db5cfb423382a2fa5c9e39303202,23,22,1269.77,1268,9.409606432067468e-05,0.9477533998297429,SP,22,21,0,0.0,22,4.136363636363637
128f9bfbe4c7d5185033914b1de3d39a,15,13,1267.39,1269,9.391969487338643e-05,0.9478473195246164,SP,13,13,1,0.07692307692307693,13,4.769230769230769
c8c1bea22194a4eefa2dc9a9fa89f536,13,7,1266.00,1270,9.38166891877853e-05,0.9479411362138042,SC,7,7,0,0.0,7,5.0
2646baaf662d4d92ac48f047e35db92d,18,15,1263.05,1271,9.35980799989196e-05,0.948034734293803,SP,15,15,2,0.13333333333333333,15,4.466666666666667
9ed65337433adfbedefd23dd76eaa494,6,6,1262.60,1272,9.356473283451636e-05,0.9481282990266376,SP,6,6,0,0.0,6,4.833333333333333
da7039f29f90ce5b4846ffc0fcc93beb,18,17,1259.10,1273,9.330536600026893e-05,0.9482216043926379,SP,16,16,1,0.0625,16,4.75
9140bd1d9de28b197dce077bdd687438,8,6,1258.87,1274,9.328832189401838e-05,0.9483148927145318,SP,6,6,0,0.0,6,4.166666666666667
8a9260f2b0340411d6d2a56bcf4f7378,9,8,1256.00,1275,9.307564108993549e-05,0.9484079683556218,MG,8,8,1,0.125,8,4.75
b8578d2d823bd8e251f6fdd02b40902d,9,9,1255.60,1276,9.30459991660215e-05,0.9485010143547877,SC,8,8,0,0.0,8,4.875
4cf490a58259286ada5ba8525ba9e84a,8,8,1254.20,1277,9.294225243232254e-05,0.9485939566072202,SP,8,7,0,0.0,8,3.125
734def04b237117a09321dd6d8f3f2a2,2,2,1252.43,1278,9.281108691900313e-05,0.9486867676941392,SP,2,2,0,0.0,2,5.0
402916f742e5c740cc751493d9cf5053,10,9,1252.00,1279,9.277922185079557e-05,0.94877954691599,MG,9,9,0,0.0,9,4.666666666666667
ecccfa2bb93b34a3bf033cc5d1dcdc69,18,14,1250.65,1280,9.267918035758585e-05,0.9488722260963476,PR,14,12,2,0.16666666666666666,13,2.6923076923076925
b5abf4f36adc043117b4fca82c22984c,12,11,1247.80,1281,9.246798164969866e-05,0.9489646940779972,DF,10,7,2,0.2857142857142857,10,2.5
30a81d8cf85fb2ada1b1b094c9583a95,20,17,1245.42,1282,9.22916122024104e-05,0.9490569856901996,SP,17,17,0,0.0,17,4.823529411764706
3fac58ce0ad699020c7944d53c41329c,16,10,1244.95,1283,9.225678294181146e-05,0.9491492424731415,SP,8,8,2,0.25,8,4.625
671585f5a2af58b6e276bc01003c0d2b,27,27,1244.00,1284,9.218638337251573e-05,0.949241428856514,PR,27,27,0,0.0,27,4.703703703703703
5d76d80a2f5f39c891b996a1bf4c9853,6,6,1238.50,1285,9.177880691869834e-05,0.9493332076634327,SP,5,5,0,0.0,5,4.8
67225bff54a172ff67579aaf583efd78,8,8,1238.00,1286,9.174175451380585e-05,0.9494249494179465,PA,8,8,1,0.125,8,4.5
002100f778ceb8431b7a1020ff7ab48f,55,51,1234.50,1287,9.148238767955842e-05,0.9495164318056261,SP,49,48,9,0.1875,49,3.938775510204082
4fb41dff7c50136976d1a5cf004a42e2,3,3,1230.00,1288,9.1148916035526e-05,0.9496075807216616,BA,3,3,1,0.3333333333333333,3,4.0
a36ac007a4d18f865c8d32c3b2402c2d,8,8,1229.79,1289,9.113335402547115e-05,0.949698714075687,SP,8,8,0,0.0,8,2.75
7daca0837f033a41a6f3428c18657533,7,7,1228.98,1290,9.107332912954533e-05,0.9497897874048166,SP,7,7,2,0.2857142857142857,7,3.5714285714285716
0afccdb8a34ee5c79f7c06faf2b4d56e,25,25,1225.50,1291,9.081544439149359e-05,0.9498806028492081,MG,25,24,2,0.08333333333333333,24,4.041666666666667
2d518637f53161b973e01f56ea4bb88e,13,13,1219.89,1292,9.039971640859986e-05,0.9499710025656167,SP,13,13,0,0.0,13,4.923076923076923
9c4d31c7e46ab03a43fc06e3142afd4e,2,2,1218.90,1293,9.032635264691273e-05,0.9500613289182637,RJ,2,2,0,0.0,2,4.5
7a425d299613df3e613bcf9d2eaf5c49,18,18,1218.80,1294,9.031894216593422e-05,0.9501516478604295,RJ,18,18,1,0.05555555555555555,18,4.111111111111111
2cb6eb1b7185064167657fa09f541105,7,6,1217.90,1295,9.025224783712775e-05,0.9502419001082667,MG,6,6,0,0.0,6,4.5
093805f8f2aeb63881444571e1f48f30,27,22,1215.79,1296,9.009588668848142e-05,0.9503319959949551,SP,22,22,1,0.045454545454545456,22,4.181818181818182
f9d010e39375d9c91dce3f40b73a2f84,5,4,1212.00,1297,8.981502945939635e-05,0.9504218110244145,SP,4,4,1,0.25,4,3.5
57c764b4a836300be881e2ff86e449f9,30,29,1211.00,1298,8.974092464961137e-05,0.9505115519490641,SP,28,27,4,0.14814814814814814,27,4.2592592592592595
788e857f317e53de488d393e65a80f45,11,11,1210.00,1299,8.966681983982639e-05,0.9506012187689039,SP,11,11,0,0.0,11,4.909090909090909
6426d21aca402a131fc0a5d0960a3c90,23,23,1209.64,1300,8.96401421083038e-05,0.9506908589110122,SP,23,23,1,0.043478260869565216,23,4.173913043478261
01fd077212124329bac32490e8ef80d9,39,31,1208.00,1301,8.951861022025644e-05,0.9507803775212326,SP,29,29,1,0.034482758620689655,29,4.344827586206897
b566ab0ef88016e00422755e305103c6,5,5,1208.00,1302,8.951861022025644e-05,0.9508698961314528,MG,5,5,1,0.2,5,3.2
7238f877570096ae403c51898fa64566,3,3,1200.00,1303,8.892577174197659e-05,0.9509588219031948,SP,3,3,0,0.0,3,5.0
6bef34c5be6f2bbd70aa5165f6df94b1,2,2,1198.00,1304,8.877756212240663e-05,0.9510475994653171,SC,2,2,0,0.0,2,2.0
11fb6f6d341adbe19e81733701704635,3,3,1197.00,1305,8.870345731262164e-05,0.9511363029226297,SP,3,3,0,0.0,3,5.0
a20d8058c866dbaeca014d2cd20ac62e,2,2,1194.00,1306,8.848114288326671e-05,0.951224784065513,SP,2,2,1,0.5,2,5.0
f235413f677777a0738ff215d0184901,2,2,1191.98,1307,8.833145116750104e-05,0.9513131155166806,SP,2,2,0,0.0,2,5.0
d8c7ba53e7e38711eaef8c2849d6d2e1,22,22,1190.87,1308,8.824919482863971e-05,0.9514013647115092,PR,21,21,0,0.0,21,4.476190476190476
700f03c207639c22d933381ff60b35c2,4,4,1189.86,1309,8.817434897075689e-05,0.9514895390604801,SP,4,4,2,0.5,4,4.0
c0098efcf800861dcae589affca31408,9,9,1189.28,1310,8.81313681810816e-05,0.951577670428661,SP,9,9,1,0.1111111111111111,9,4.777777777777778
1710c3aaa9c6b44ec3883ee0fe300e21,2,2,1188.90,1311,8.810320835336331e-05,0.9516657736370144,SP,2,2,0,0.0,2,5.0
e504a4e2efaa45cbff7e268a2c58c956,12,11,1188.80,1312,8.809579787238481e-05,0.9517538694348867,SP,10,9,3,0.3333333333333333,10,3.8
c273175f7c6c80fb02f051e2fc6d0d72,14,14,1188.23,1313,8.805355813080736e-05,0.9518419229930176,SP,14,14,1,0.07142857142857142,14,3.7857142857142856
439a47cc365d6e3bd526812ea9de3c29,13,8,1186.50,1314,8.792535680987935e-05,0.9519298483498274,SP,8,8,1,0.125,8,4.25
a5259c149128e82c9d6d46e0c1c812bb,8,8,1182.26,1315,8.761115241639103e-05,0.9520174595022438,RO,8,8,0,0.0,8,3.875
7ff588a03c2aeae4fbd23f9ae64b760d,16,14,1182.20,1316,8.760670612780394e-05,0.9521050662083718,SP,14,14,0,0.0,14,4.642857142857143
327b89b872c14d1c0be7235ef4871685,3,3,1177.00,1317,8.722136111692203e-05,0.9521922875694886,AM,3,3,2,0.6666666666666666,3,2.3333333333333335
b1aaae6b66ad3c40f54b389d7ea4bee0,17,15,1176.50,1318,8.718430871202954e-05,0.9522794718782007,SP,14,14,0,0.0,14,4.357142857142857
20b54c376b794ed028df09a3cd88e8dc,9,9,1175.63,1319,8.711983752751662e-05,0.9523665917157281,SP,9,7,2,0.2857142857142857,9,3.111111111111111
dbec9a0a7efeff029d4d9dce7dc4cc95,3,3,1170.00,1320,8.670262744842717e-05,0.9524532943431765,MG,3,3,0,0.0,3,4.0
f1b854361f4e15d5851b494df66f22b2,4,3,1168.80,1321,8.66137016766852e-05,0.9525399080448532,RJ,3,3,0,0.0,3,3.3333333333333335
8629c241b3622ac12cd4118afdc8d394,13,13,1167.66,1322,8.652922219353032e-05,0.9526264372670468,SP,13,13,1,0.07692307692307693,13,4.076923076923077
5ee7fd217d08dfe5d3e2f51f96a12c9a,9,9,1165.50,1323,8.636915580439476e-05,0.9527128064228512,SP,9,9,2,0.2222222222222222,9,3.4444444444444446
c8e135e7b21ecbc36c1153a29d2f5a06,7,7,1165.50,1324,8.636915580439476e-05,0.9527991755786556,SP,7,7,0,0.0,7,4.857142857142857
5f3ae9136c875522250f8184f253413a,46,43,1158.00,1325,8.58133697310074e-05,0.9528849889483866,SP,43,42,3,0.07142857142857142,42,4.642857142857143
d1c7fa84e48cfa21a0e595167c1c500e,12,12,1156.03,1326,8.566738325573099e-05,0.9529706563316424,RS,11,11,0,0.0,11,4.545454545454546
d1b9d4be4b6f9ebd85f8acd6745ba612,11,11,1154.35,1327,8.554288717529223e-05,0.9530561992188176,MG,10,10,0,0.0,10,4.5
2d378dbb39815785238c0139c7647fb7,2,2,1154.00,1328,8.551695049186749e-05,0.9531417161693094,SC,2,2,0,0.0,2,5.0
432c67955c0acd1fd6b0b5d678766a71,3,3,1151.00,1329,8.529463606251254e-05,0.953227010805372,SP,3,1,0,0.0,3,2.3333333333333335
c35672b10ad50968f567ea3f4b91e877,22,18,1150.57,1330,8.5262770994305e-05,0.9533122735763663,RJ,18,18,1,0.05555555555555555,18,4.5
5fd924b4836098a5be0ecf81ba054ce0,8,7,1148.80,1331,8.513160548098559e-05,0.9533974051818473,SP,7,7,0,0.0,7,4.0
1d2732ef8321502ee8488e8bed1ab8cd,5,4,1148.00,1332,8.507232163315761e-05,0.9534824775034805,RJ,4,4,1,0.25,4,3.0
d4910f1cdcfdabd48d6b316e395d4a23,12,11,1146.88,1333,8.498932424619844e-05,0.9535674668277266,SP,11,11,1,0.09090909090909091,11,4.909090909090909
10ff823eda2b032e2c93d17a7d294736,8,8,1144.98,1334,8.484852510760696e-05,0.9536523153528342,SP,8,8,0,0.0,8,4.25
1ca4bdb0cd7fc48e949bac066188ed26,3,3,1140.00,1335,8.447948315487776e-05,0.953736794835989,MG,3,3,1,0.3333333333333333,3,5.0
10089e9f2fd0c668a8fd4e52e1698888,3,3,1139.90,1336,8.447207267389927e-05,0.953821266908663,SP,3,3,0,0.0,3,4.333333333333333
5f26c1408a65b42a7224cd463bdf3292,10,10,1139.80,1337,8.446466219292076e-05,0.953905731570856,PR,10,10,0,0.0,10,4.8
6562efe88ce0826a4ca4f189f03b4b84,21,9,1135.90,1338,8.417565343475934e-05,0.9539899072242907,PR,9,8,1,0.125,9,3.888888888888889
6b89abe95848c850399130d149a39b63,8,8,1135.20,1339,8.412378006790985e-05,0.9540740310043586,GO,8,8,0,0.0,8,4.375
5b07547f10dd980738a1a27f685af669,14,13,1134.60,1340,8.407931718203886e-05,0.9541581103215406,SP,13,13,2,0.15384615384615385,13,4.461538461538462
9485a23c0430ba1d58d359391606fce6,5,5,1129.90,1341,8.373102457604946e-05,0.9542418413461168,SP,5,4,1,0.25,5,3.2
713e3a23ca5e47786eb6f0d99f94cfac,4,4,1126.00,1342,8.344201581788803e-05,0.9543252833619347,PR,4,4,0,0.0,4,4.75
138dbe45fc62f1e244378131a6801526,58,49,1125.56,1343,8.340940970158264e-05,0.9544086927716361,SP,44,44,2,0.045454545454545456,44,4.2727272727272725
9bc484c87d79cd4874e05ca182658045,9,9,1120.00,1344,8.299738695917815e-05,0.9544916901585953,SP,9,8,2,0.25,9,4.0
c878515173c84a492ebe50d6b493230b,10,9,1118.84,1345,8.291142537982757e-05,0.9545746015839752,PR,9,9,2,0.2222222222222222,9,4.111111111111111
cda598c48d7c614bc1cad7d8ff6f0010,18,17,1118.60,1346,8.289364022547917e-05,0.9546574952242007,SP,16,16,0,0.0,16,4.125
365e445f796710c3431557e85caa25db,5,4,1115.00,1347,8.262686291025325e-05,0.9547401220871109,SP,4,4,0,0.0,4,4.5
75fbb52eda0cbc24f479d3b2fbfa8d3e,42,39,1111.09,1348,8.233711310399397e-05,0.9548224592002149,GO,38,37,2,0.05405405405405406,37,4.4324324324324325
1b65c144b17e607c0f37f10bb7dfec8d,5,5,1109.50,1349,8.221928645643585e-05,0.9549046784866714,SC,4,4,0,0.0,4,1.5
b586cd24c010a13916af621b0325fbba,7,6,1108.94,1350,8.217778776295628e-05,0.9549868562744342,SC,6,6,0,0.0,6,3.8333333333333335
6c6cc59a5c00cacc5054ca06d65cc282,1,1,1107.00,1351,8.20340244319734e-05,0.9550688902988662,RS,1,1,0,0.0,1,5.0
abc015ebac1d283a323ca9db35ede4b9,13,12,1106.80,1352,8.20192034700164e-05,0.9551509095023363,SP,12,12,0,0.0,12,4.416666666666667
a425f92c199eb576938df686728acd20,18,16,1106.30,1353,8.198215106512391e-05,0.9552328916534014,PR,16,16,0,0.0,16,4.5
457fe919b032a3f7dadba6fb92cf7855,12,9,1104.89,1354,8.187766328332711e-05,0.9553147693166847,SP,9,9,1,0.1111111111111111,9,4.777777777777778
596849622429351f47b32e6cae1055ff,14,14,1104.70,1355,8.186358336946795e-05,0.9553966329000542,SP,12,11,0,0.0,11,4.454545454545454
48328ec9a579151d9cc6a86d4a59336c,1,1,1099.00,1356,8.144118595369356e-05,0.9554780740860078,RS,1,1,0,0.0,1,2.0
c88f62b4c386a59281014d677864d016,1,1,1099.00,1357,8.144118595369356e-05,0.9555595152719616,PR,1,0,0,,1,1.0
4b39558c138930b9e5489c93b6df5fe3,5,4,1096.70,1358,8.12707448911881e-05,0.9556407860168528,SE,4,4,0,0.0,4,4.5
b55638ad525e906c698fa2ce742c1742,12,11,1094.80,1359,8.112994575259664e-05,0.9557219159626054,SC,11,11,2,0.18181818181818182,11,4.181818181818182
119d1aef1b4144adba89163f6cd9f5d4,4,4,1094.00,1360,8.107066190476866e-05,0.9558029866245101,SP,4,4,0,0.0,4,4.75
8b655f0855926bcb49f5835d38dfddf6,5,5,1089.50,1361,8.073719026073624e-05,0.9558837238147708,SP,5,5,1,0.2,5,4.8
f205b1a3ca9a34e0f8a228bae6e4c7b3,8,8,1088.00,1362,8.062603304605878e-05,0.9559643498478169,RS,8,8,0,0.0,8,4.875
76ea5315acb3f5f7ade3cd261faf922a,15,15,1087.06,1363,8.055637452486089e-05,0.9560449062223418,SP,13,13,1,0.07692307692307693,13,4.461538461538462
fe87f472055fbcf1d7e691c00b1560dc,6,6,1085.80,1364,8.046300246453181e-05,0.9561253692248064,SP,6,6,1,0.16666666666666666,6,4.5
e48cc16ab70bfa09e1401740dce0b3d7,17,14,1084.83,1365,8.039112079904038e-05,0.9562057603456054,SP,13,13,0,0.0,13,3.769230769230769
39f776d2974049026ff531fc42ef2a3e,4,3,1084.04,1366,8.033257799931025e-05,0.9562860929236047,GO,3,3,0,0.0,3,3.6666666666666665
71dc18fd8cbf5fd77f45dd8b427abb34,9,4,1080.00,1367,8.003319456777893e-05,0.9563661261181724,PR,4,4,0,0.0,4,5.0
4091f77d8c768fc3e81c20761471761d,8,8,1079.00,1368,7.995908975799395e-05,0.9564460852079304,SP,8,8,2,0.25,8,2.75
4736e9d642ef4257cd7622516931eb51,20,16,1078.87,1369,7.99494561327219e-05,0.9565260346640633,SP,16,16,0,0.0,16,4.125
03a2a6dcbe45d639c4dc2a0d24769c40,9,9,1078.41,1370,7.991536792022082e-05,0.9566059500319833,SP,9,9,1,0.1111111111111111,9,4.111111111111111
a066df7361163e7ddc5d7452dd17448b,17,15,1078.30,1371,7.990721639114446e-05,0.9566858572483745,SP,15,15,3,0.2,15,4.4
577719699805dd125d5b6fdde5943bba,8,8,1077.80,1372,7.987016398625197e-05,0.9567657274123609,RS,8,8,1,0.125,8,4.375
167fd940acebc789debd6eb418c46e38,5,5,1077.58,1373,7.985386092809927e-05,0.9568455812732889,SP,5,5,1,0.2,5,3.0
3d4b1ae7539303b5704493798893e82c,9,6,1076.00,1374,7.9736775328639e-05,0.9569253180486176,SP,6,6,0,0.0,6,4.833333333333333
334cab711dee080b079fa5779b584783,26,11,1069.70,1375,7.926991502699363e-05,0.9570045879636445,SP,10,10,0,0.0,10,4.9
b18871c324516afa228a13e8f1ef0ae9,23,9,1064.60,1376,7.889198049709022e-05,0.9570834799441416,SP,9,9,1,0.1111111111111111,9,3.4444444444444446
eb72802c83dc7547529c9546d1a9b8ef,8,8,1063.92,1377,7.884158922643645e-05,0.957162321533368,SP,8,8,0,0.0,8,4.625
8fbd63429be6d3e5e6d1a709b6464802,8,6,1061.40,1378,7.86548451057783e-05,0.9572409763784738,SP,6,6,0,0.0,6,4.833333333333333
b2eecf5ea250510da76590ca79d60e5d,11,9,1060.00,1379,7.855109837207932e-05,0.9573195274768459,SP,9,9,0,0.0,9,5.0
f5fea3ffed6c2e889bab72705557c63a,3,3,1059.90,1380,7.854368789110084e-05,0.9573980711647371,RJ,3,1,1,1.0,3,3.6666666666666665
1464afc72f696af775557a821c2e253f,30,29,1059.36,1381,7.850367129381692e-05,0.9574765748360308,RJ,29,29,1,0.034482758620689655,29,4.241379310344827
de9727ca376d1be6ec121b110aa7954c,12,10,1058.70,1382,7.845476211935885e-05,0.9575550295981502,PR,9,8,1,0.125,9,3.6666666666666665
226b05fe067266c59c15dae208213d06,11,10,1056.90,1383,7.832137346174589e-05,0.9576333509716118,PR,10,10,0,0.0,10,4.5
55dedd83e501d8248880557d9073cbfd,9,8,1055.30,1384,7.820280576608991e-05,0.957711553777378,RJ,7,7,0,0.0,7,4.857142857142857
9d7a1d34a5052409006425275ba1c2b4,16,13,1054.82,1385,7.816723545739311e-05,0.9577897210128354,SP,13,13,1,0.07692307692307693,13,4.384615384615385
fcf16b7a8697e559f0123190bb30177d,7,3,1052.80,1386,7.801754374162746e-05,0.957867738556577,SP,3,3,2,0.6666666666666666,3,3.3333333333333335
4324dd16853115efb0fd9d0d131ba6f4,18,12,1052.25,1387,7.797678609624573e-05,0.9579457153426733,SP,11,11,1,0.09090909090909091,11,4.090909090909091
bb135baca94c82fcb731335ad5b04a03,38,18,1049.80,1388,7.779522931227252e-05,0.9580235105719855,SP,16,16,0,0.0,16,3.125
b7d5b4b87af9d42b601865d3f3810bff,2,2,1049.00,1389,7.773594546444454e-05,0.95810124651745,SC,2,1,0,0.0,2,2.0
49067458c68f7701fd334ce326accbe0,37,17,1047.65,1390,7.763590397123482e-05,0.9581788824214212,MG,15,15,1,0.06666666666666667,15,3.6666666666666665
ea6b12bf9ffe2bac34602ec631d97a47,9,9,1047.30,1391,7.760996728781007e-05,0.958256492388709,SP,9,9,0,0.0,9,4.333333333333333
1cbd32d00d01bb8087a5eb088612fd9c,12,11,1045.47,1392,7.747435548590356e-05,0.9583339667441949,SP,11,11,1,0.09090909090909091,11,4.181818181818182
c03121937e54a93fcc1825c3098bbb6e,7,7,1043.00,1393,7.729131660573465e-05,0.9584112580608006,PR,7,7,0,0.0,7,5.0
89f69225956f951295ca4c7fb1266553,12,11,1041.30,1394,7.716533842910018e-05,0.9584884233992298,RJ,11,11,1,0.09090909090909091,11,4.2727272727272725
3d4824f20035949c710eaf111f869d39,10,9,1041.04,1395,7.714607117855609e-05,0.9585655694704083,SP,7,6,1,0.16666666666666666,7,4.428571428571429
1bc2e21de46adfea6b98cc96b00f3b40,5,3,1039.95,1396,7.706529693589046e-05,0.9586426347673443,SC,3,3,0,0.0,3,3.3333333333333335
7c5b05cbdb5542049f38d90d7815b97d,24,22,1038.96,1397,7.699193317420334e-05,0.9587196267005185,SP,22,21,1,0.047619047619047616,22,4.363636363636363
633ecdf879b94b5337cca303328e4a25,6,6,1037.60,1398,7.689115063289576e-05,0.9587965178511513,SP,6,6,4,0.6666666666666666,5,1.8
7df1fc11cc5cbc518b39faa60cf5d67c,5,5,1037.60,1399,7.689115063289576e-05,0.9588734090017842,MS,5,5,0,0.0,5,4.2
c54679b132454625907c773d273d4126,8,7,1032.00,1400,7.647616369809987e-05,0.9589498851654823,SP,6,6,0,0.0,6,4.833333333333333
8c5e007d7bd5693fa1386ffefbc99f6c,24,9,1029.11,1401,7.626200079782126e-05,0.9590261471662802,SP,9,9,0,0.0,9,4.333333333333333
8f2b51a30523cdecddc2f179f351c7d6,8,7,1027.90,1402,7.617233397798145e-05,0.9591023195002581,SP,7,7,0,0.0,7,4.142857142857143
76c47a299e4a8fe992316a85865acbe9,10,6,1024.46,1403,7.591741343232112e-05,0.9591782369136904,SP,6,6,2,0.3333333333333333,6,4.666666666666667
e58a5b390e28abc0b216cfb0e07d27d7,7,7,1022.60,1404,7.577957848612105e-05,0.9592540164921766,RJ,7,7,0,0.0,7,4.857142857142857
26785a546900236d66f2e4197c211158,15,15,1019.20,1405,7.552762213285212e-05,0.9593295441143095,SP,15,15,0,0.0,15,4.666666666666667
7aa538dd6e114e503a2e6154ea352253,5,5,1016.68,1406,7.534087801219396e-05,0.9594048849923217,SP,5,5,0,0.0,5,4.4
a13aaf2d2886ab9fb30fb9a920160b8f,4,4,1011.52,1407,7.495849719370347e-05,0.9594798434895153,SC,4,4,1,0.25,4,4.5
28872dc528e978a639754bc8c2ce5a4c,1,1,1009.90,1408,7.483844740185179e-05,0.9595546819369172,RS,1,1,0,0.0,1,5.0
5b664594895aefb418afaee6d40a9a23,22,16,1008.80,1409,7.475693211108832e-05,0.9596294388690283,RJ,15,15,0,0.0,15,4.133333333333334
00720abe85ba0859807595bbf045a33b,26,13,1007.50,1410,7.466059585836785e-05,0.9597040994648867,SP,12,12,2,0.16666666666666666,12,3.6666666666666665
fb3cfbc8a86f5d7fbb4d36b8df63f60d,15,10,1007.30,1411,7.464577489641085e-05,0.959778745239783,RJ,9,9,0,0.0,9,4.333333333333333
980640c45d7a4635885491d077167e4d,14,14,1004.29,1412,7.442271941895805e-05,0.9598531679592021,SP,14,14,1,0.07142857142857142,14,4.642857142857143
ef9952469137ff190bacafe117f51537,5,5,1002.66,1413,7.430192857900853e-05,0.9599274698877811,MG,5,5,0,0.0,5,4.8
515d781150feed28a6ac091bb0e3cb8c,6,6,1002.35,1414,7.42789560879752e-05,0.960001748843869,MS,6,6,0,0.0,6,4.166666666666667
2379bdc3888025689a9deb7b141507d5,9,9,999.50,1415,7.4067757380088e-05,0.9600758166012491,SP,9,9,3,0.3333333333333333,9,4.333333333333333
41c9d3997dd3c072c31139dc5bb5761f,3,3,998.80,1416,7.401588401323851e-05,0.9601498324852623,MG,3,3,0,0.0,3,4.333333333333333
cb4a705d00e100b9732d0ca34817d441,2,1,998.00,1417,7.395660016541053e-05,0.9602237890854277,SC,1,1,0,0.0,1,1.0
b5e3e38609125694d2ea2417522a60b7,17,16,995.04,1418,7.373724992844699e-05,0.9602975263353561,SC,16,16,4,0.25,16,4.3125
8a43128d7f9a3db592b866e6861a6cce,4,3,990.60,1419,7.340822457300167e-05,0.9603709345599292,SP,3,3,0,0.0,3,2.3333333333333335
7ecef8194babfec876ca720714327841,8,7,990.50,1420,7.340081409202317e-05,0.9604443353740212,SP,7,7,1,0.14285714285714285,7,4.285714285714286
d1582f4043306e6b91afa6a8a884f898,9,9,990.00,1421,7.336376168713068e-05,0.9605176991357083,SP,9,9,1,0.1111111111111111,9,4.111111111111111
6025c79c035c3d772133b8b8238463b2,4,2,989.74,1422,7.33444944365866e-05,0.9605910436301449,PR,2,2,0,0.0,2,5.0
8fdca8e349553f99bc738833a62c8802,29,22,989.34,1423,7.331485251267261e-05,0.9606643584826576,SP,22,22,1,0.045454545454545456,21,4.190476190476191
edd066cd02126d7800f9b66e980e9931,6,6,987.70,1424,7.319332062462524e-05,0.9607375518032821,DF,6,6,1,0.16666666666666666,6,5.0
e84ad2127668df3aafc6b73531a0beb8,23,19,987.00,1425,7.314144725777575e-05,0.9608106932505399,SP,19,19,1,0.05263157894736842,19,4.368421052631579
77dcbb67ccb3659bd58eaf5661560a30,2,2,984.00,1426,7.29191328284208e-05,0.9608836123833684,RS,2,0,0,,2,1.0
7a9c12e235c36247c3c81f50d6ea9cea,5,5,983.90,1427,7.29117223474423e-05,0.9609565241057159,SP,5,5,0,0.0,5,4.6
325f3178fb58e2a9778334621eecdbf9,46,36,981.70,1428,7.274869176591535e-05,0.9610292727974818,SP,32,32,0,0.0,32,4.5625
83645b1645cdee8953ee54c29ceed564,14,14,978.90,1429,7.25411982985174e-05,0.9611018139957802,PR,14,14,0,0.0,14,4.428571428571429
e0eabded302882513ced4ea3eb0c7059,8,8,978.40,1430,7.250414589362491e-05,0.9611743181416739,SP,8,8,0,0.0,8,4.625
a99504ac23ed125aaf5302af6cc30af9,1,1,978.00,1431,7.247450396971092e-05,0.9612467926456436,SP,1,1,0,0.0,1,5.0
8e670472e453ba34a379331513d6aab1,1,1,975.00,1432,7.225218954035598e-05,0.9613190448351839,MG,1,1,1,1.0,1,1.0
3f2af2670e104d1bcb54022274daeac5,7,6,973.60,1433,7.214844280665701e-05,0.9613911932779906,PR,6,6,1,0.16666666666666666,6,3.3333333333333335
ef2fbc2b607d8492bcffe657a4645434,22,20,970.80,1434,7.194094933925905e-05,0.9614631342273299,RJ,18,17,2,0.11764705882352941,18,3.9444444444444446
528bcf6680c36dddf07620bd35b33a6f,2,2,969.98,1435,7.188018339523538e-05,0.9615350144107252,SP,2,2,1,0.5,2,4.5
ec4608a1f76453166bb312b2968aeaf4,29,17,968.81,1436,7.179348076778695e-05,0.9616068078914929,SP,15,15,3,0.2,15,3.466666666666667
3c3017960b2dbd72711a61f0400aab8f,10,10,968.80,1437,7.17927397196891e-05,0.9616786006312126,SC,10,9,0,0.0,10,4.0
9261d76c62caaf0b24677c2ceb7f8f20,7,6,968.70,1438,7.17853292387106e-05,0.9617503859604513,SC,6,6,0,0.0,6,3.8333333333333335
9e9b539eb2806acee3f5c28085c1db9f,3,3,967.00,1439,7.165935106207614e-05,0.9618220453115133,MG,3,3,1,0.3333333333333333,3,3.6666666666666665
bc47d5d1490df2b36add65d733eafaba,23,22,964.80,1440,7.149632048054917e-05,0.9618935416319939,SP,19,18,2,0.1111111111111111,19,3.8421052631578947
04fdea0c111866e6cf812f1570d6b5bd,9,9,960.00,1441,7.114061739358127e-05,0.9619646822493875,SP,9,8,1,0.125,9,3.4444444444444446
b19c48688808720822399ffa9f2dbe2f,1,1,959.99,1442,7.113987634548343e-05,0.962035822125733,SP,1,1,0,0.0,1,5.0
b45d7ebfb7378630f1bcd74b6ff86ff7,4,4,959.60,1443,7.111097546966728e-05,0.9621069331012027,MG,4,3,0,0.0,4,3.5
05730013efda596306417c3b09302475,4,4,952.00,1444,7.054777891530143e-05,0.962177480880118,SC,4,4,0,0.0,4,5.0
05a940b4ecae36cadfd8e93bd9c43257,10,10,952.00,1445,7.054777891530143e-05,0.9622480286590332,GO,10,9,0,0.0,10,3.9
f0e103c63864d5405b958d984b6e94c9,11,11,951.70,1446,7.052554747236594e-05,0.9623185542065057,SP,11,11,0,0.0,11,4.7272727272727275
5b2e94f2c22b39ccc24d34ad0f669672,10,10,949.78,1447,7.038326623757877e-05,0.9623889374727432,SP,9,9,1,0.1111111111111111,9,4.888888888888889
07017df32dc5f2f1d2801e579548d620,9,8,946.49,1448,7.013946141338619e-05,0.9624590769341567,PB,8,8,0,0.0,8,4.0
4f1f1c8666cdb6442f775c4e8caed465,2,2,944.98,1449,7.002756315061086e-05,0.9625291044973073,MG,2,2,0,0.0,2,5.0
4e06067cc08b3f41d837768d392c3ee3,46,31,941.72,1450,6.978598147071183e-05,0.9625988904787779,MG,30,30,1,0.03333333333333333,30,4.2
69b5eaa096c3f9d1e5c398c597f567d6,2,2,938.00,1451,6.95103115783117e-05,0.9626684007903562,SP,2,2,0,0.0,2,5.0
79a679c36c08d606b3fd47ead9de109b,7,3,935.00,1452,6.928799714895676e-05,0.9627376887875052,SP,3,3,1,0.3333333333333333,3,2.0
db46ca7bce82b11f7e247539271fc390,16,16,933.97,1453,6.921166919487823e-05,0.9628069004567001,RJ,15,15,0,0.0,15,4.8
3d621842b2ed28e2b474132480edac3c,10,10,928.91,1454,6.883669885736623e-05,0.9628757371555575,SP,10,8,0,0.0,10,3.9
4ebdc7e6cd6102a022dadc49156d4ea8,32,29,928.70,1455,6.882113684731138e-05,0.9629445582924048,SP,28,28,1,0.03571428571428571,28,3.892857142857143
c8025364abeecb115431bf95c11a747f,2,2,928.00,1456,6.87692634804619e-05,0.9630133275558852,RS,2,2,1,0.5,2,4.5
bfd938b22bc99bce1ae60dc602889f52,12,6,922.80,1457,6.838391846958e-05,0.9630817114743548,RJ,6,4,0,0.0,6,3.8333333333333335
343e716476e3748b069f980efbaa294e,24,17,922.60,1458,6.8369097507623e-05,0.9631500805718625,SP,17,16,1,0.0625,16,4.3125
2d42ebcda99fd55f6f4bc2f1ca035d50,11,10,921.50,1459,6.828758221685953e-05,0.9632183681540792,GO,10,10,0,0.0,10,4.3
670a9dda115b5a88b18cfadee8de2332,11,11,918.90,1460,6.809490971141857e-05,0.9632864630637907,SP,11,11,0,0.0,11,4.454545454545454
7d7d2b7a51328016102d4528c411d630,7,7,918.80,1461,6.808749923044007e-05,0.9633545505630211,SP,5,5,1,0.2,5,4.2
1caf283236cd69af44cbc09a0a1e7d32,37,33,917.60,1462,6.79985734586981e-05,0.9634225491364798,RJ,33,33,3,0.09090909090909091,33,4.606060606060606
dc7192adf8ba09569261f4a8d576afe0,8,7,917.00,1463,6.79541105728271e-05,0.9634905032470528,SP,6,6,0,0.0,6,4.333333333333333
e9729944ba65dc3ce425e0c5a22ae7b2,4,4,916.70,1464,6.793187912989162e-05,0.9635584351261826,RJ,3,3,1,0.3333333333333333,3,3.6666666666666665
08d2d642cf72b622b14dde1d2f5eb2f5,21,17,914.00,1465,6.773179614347217e-05,0.963626166922326,SP,17,16,3,0.1875,16,4.3125
32e5635e63cb374eb63afdd242fb6134,1,1,910.00,1466,6.743537690433224e-05,0.9636936022992304,RJ,1,1,0,0.0,1,5.0
70849ca4f400aaabb62cb7462a6f1428,12,12,909.58,1467,6.740425288422256e-05,0.9637610065521146,MG,12,12,2,0.16666666666666666,12,4.416666666666667
3f9c56764fabca627406093dcb3ef0b4,7,7,909.30,1468,6.738350353748276e-05,0.963828390055652,RJ,7,7,0,0.0,7,4.714285714285714
e5cbe890e679490127e9a390b46bbd20,2,2,908.99,1469,6.736053104644941e-05,0.9638957505866984,SP,2,2,0,0.0,2,4.5
9198786624eaeb375793215cad26cfa6,10,9,908.30,1470,6.730939872769778e-05,0.9639630599854262,SC,9,8,0,0.0,9,3.7777777777777777
4a1f694197d05fe70026b016a7316b41,23,14,907.77,1471,6.727012317851174e-05,0.9640303301086047,SP,13,13,1,0.07692307692307693,13,4.538461538461538
e250d617a0ad591ba9bd663e584a895d,20,8,904.12,1472,6.699964062279656e-05,0.9640973297492276,SP,7,7,0,0.0,7,3.857142857142857
ae45df84722b1d15c5f32b23a095746c,12,9,901.83,1473,6.682994060838895e-05,0.9641641596898359,SP,9,9,0,0.0,9,4.777777777777778
e1c76f339ebd5460999f25a2aa8c92c5,1,1,899.90,1474,6.668691832550394e-05,0.9642308466081614,SP,1,1,0,0.0,1,5.0
7dc9a3355bae96dd82008b313d3a456c,1,1,899.00,1475,6.662022399669746e-05,0.964297466832158,MG,1,1,0,0.0,1,5.0
e51f22821f0c12a16ad5c020cdcd55e9,4,4,898.71,1476,6.659873360185982e-05,0.9643640655657599,SP,4,4,0,0.0,4,4.75
4ef4c39cf3c24f326434cf0b2e48046a,9,8,891.00,1477,6.602738551841761e-05,0.9644300929512784,SP,7,6,1,0.16666666666666666,7,3.7142857142857144
f8201cab383e484733266d1906e2fdfa,10,10,889.00,1478,6.587917589884766e-05,0.9644959721271772,SC,10,10,2,0.2,10,4.1
160e4f13fd3a64b1b86807be88b5ffb0,4,4,886.00,1479,6.565686146949272e-05,0.9645616289886467,PR,4,4,0,0.0,4,4.25
e1dc0754bada9ee4cfe9713f22f61292,12,12,885.00,1480,6.558275665970773e-05,0.9646272117453064,RJ,12,12,0,0.0,12,3.8333333333333335
ffad1e7127fb622cb64a900751590acd,15,10,884.30,1481,6.553088329285824e-05,0.9646927426285994,SP,10,10,0,0.0,10,4.8
6b9b80d53ba3676eafe60268a810b5a1,10,10,882.70,1482,6.541231559720228e-05,0.9647581549441965,SP,10,9,0,0.0,10,3.9
48985c61529077fa4f1e38bcff0f2ed3,7,7,879.30,1483,6.516035924393334e-05,0.9648233153034405,RS,7,7,0,0.0,7,4.428571428571429
e644cbadf7eeb30d0d29f335ce7d52ec,10,8,878.90,1484,6.513071732001935e-05,0.9648884460207604,SP,8,7,0,0.0,8,3.625
134a288e7de827ec5ec62e3ec9c3a295,9,9,877.45,1485,6.502326534583114e-05,0.9649534692861063,SP,9,9,0,0.0,9,4.777777777777778
68f86ba270525243e68ae74044f992b9,12,11,876.50,1486,6.49528657765354e-05,0.9650184221518828,RJ,11,10,1,0.1,11,4.363636363636363
1f867308a0ce13133a4e639ff4de0c02,13,7,875.10,1487,6.484911904283644e-05,0.9650832712709256,PR,6,6,0,0.0,6,4.666666666666667
cac63f48c38cd7d002a7e846dcd99a23,10,10,874.00,1488,6.476760375207295e-05,0.9651480388746777,SP,9,9,0,0.0,9,4.777777777777778
efff9341f3f8f5237b44ff67ed36a7bf,5,5,872.99,1489,6.469275789419012e-05,0.9652127316325719,ES,5,5,0,0.0,5,4.4
9c690ceacd5c66731bf443ea810195cb,12,10,871.80,1490,6.460457317054599e-05,0.9652773362057424,MG,10,10,0,0.0,10,4.3
bf00385a5f7fc1ef39a13c2e9ee50a5f,29,29,870.30,1491,6.449341595586852e-05,0.9653418296216983,SP,29,28,0,0.0,29,4.310344827586207
400f221ab83037c0ea78f1267da9624d,1,1,865.00,1492,6.410066046400812e-05,0.9654059302821624,SP,1,0,0,,0,
a67780aba9dd436e7ac0aa1f889e73ec,6,6,863.00,1493,6.395245084443816e-05,0.9654698827330068,SP,6,6,2,0.3333333333333333,6,3.6666666666666665
41da412d33e8da4f22baf55cb1bde82c,21,15,862.90,1494,6.394504036345967e-05,0.9655338277733703,ES,15,15,0,0.0,15,4.666666666666667
20cb7c2fde3e5bf10f0bbe7394e1c6a9,51,32,861.90,1495,6.387093555367469e-05,0.965597698708924,PR,32,31,3,0.0967741935483871,32,4.0
6a8a889bde935bafa76d7848782dfaf9,30,26,860.82,1496,6.379090235910691e-05,0.965661489611283,SP,25,25,2,0.08,25,4.16
5011f0d93373a4c5753adf58ca77af8d,21,11,859.52,1497,6.369456610638644e-05,0.9657251841773894,SP,11,11,1,0.09090909090909091,11,4.090909090909091
c4fabeea6e569d42d02993bb1f4f1cbc,11,11,859.30,1498,6.367826304823373e-05,0.9657888624404376,CE,11,11,1,0.09090909090909091,11,4.0
2c43fb513632d29b3b58df74816f1b06,3,3,858.00,1499,6.358192679551326e-05,0.965852444367233,MG,3,3,0,0.0,3,3.6666666666666665
e8dba4d70f7f2b20e775d09cae01142d,9,9,855.91,1500,6.342704774306265e-05,0.9659158714149761,SP,8,8,1,0.125,8,4.5
f783a638e9c6af4a7d0dbfde811e7a81,5,5,849.80,1501,6.297426735527642e-05,0.9659788456823315,SP,5,5,1,0.2,5,4.0
1099a00e0ee3a50935e6c2447ca090c5,3,3,849.70,1502,6.296685687429792e-05,0.9660418125392057,RJ,3,3,1,0.3333333333333333,3,3.6666666666666665
010da0602d7774602cd1b3f5fb7b709e,5,1,849.50,1503,6.295203591234092e-05,0.9661047645751181,SP,1,1,0,0.0,1,1.0
4221a7df464f1fe2955934e30ff3a5a1,5,5,849.50,1504,6.295203591234092e-05,0.9661677166110304,BA,5,5,0,0.0,5,4.8
a0d7fbb07bb5ebc3b05980e750db56f3,4,3,848.99,1505,6.291424245935059e-05,0.9662306308534898,SP,2,2,0,0.0,2,3.0
3dbbce181edfaa4a597ec858c382d2ec,20,17,848.30,1506,6.286311014059895e-05,0.9662934939636305,PR,17,17,2,0.11764705882352941,17,4.235294117647059
fe1b067411b8c5066e962aa146ccee03,8,8,847.78,1507,6.282457563951076e-05,0.96635631853927,SP,8,8,0,0.0,8,4.625
113e3a788b935f48aad63e1c41dac1bd,48,39,847.35,1508,6.279271057130322e-05,0.9664191112498411,SP,39,39,2,0.05128205128205128,38,4.315789473684211
2dd1fb6f0e42a2243b8a01e40cd41216,5,4,845.89,1509,6.268451754901715e-05,0.9664817957673902,PR,4,3,0,0.0,4,3.0
2b03ac196f5ed62ac483960fe0fa3b65,7,7,843.10,1510,6.247776512971705e-05,0.9665442735325199,SP,7,7,1,0.14285714285714285,7,4.142857142857143
ddd51ae8cda92f3995a51fc0f0f3eec7,25,8,842.70,1511,6.244812320580306e-05,0.9666067216557258,RJ,8,8,0,0.0,8,4.625
0791d9fc1e30678ecf03d3e55fa108d3,11,5,842.00,1512,6.239624983895358e-05,0.9666691179055648,MG,5,5,0,0.0,5,4.0
a1544b9ea0b2390e020537d4daa89049,8,8,841.20,1513,6.23369659911256e-05,0.9667314548715559,SP,8,8,0,0.0,8,3.875
a3b42d266fa8afc874b909422ce88582,6,1,839.40,1514,6.220357733351262e-05,0.9667936584488894,SP,1,1,0,0.0,1,5.0
c37b2059d4f90d4feead554e5246565e,16,12,839.30,1515,6.219616685253412e-05,0.9668558546157419,SP,9,9,3,0.3333333333333333,9,4.111111111111111
6e4f5ff6b086632ba8dcb558fb10249e,5,5,838.90,1516,6.216652492862013e-05,0.9669180211406705,RS,5,5,0,0.0,5,3.4
82cb9f452fe8334df74b22d37824b431,18,14,838.20,1517,6.211465156177065e-05,0.9669801357922323,RS,13,13,0,0.0,13,4.6923076923076925
eba88037e1dca898cd02881f67ced679,6,6,838.10,1518,6.210724108079215e-05,0.9670422430333131,SP,6,6,1,0.16666666666666666,6,4.333333333333333
b81e3a6c866a764974fe849821abeebd,11,8,836.15,1519,6.196273670171144e-05,0.9671042057700149,SP,8,8,0,0.0,8,4.625
28f10b1c5e5abb9d4857745bede6147c,28,28,835.00,1520,6.187751617045871e-05,0.9671660832861854,SP,28,28,6,0.21428571428571427,28,4.0
297d5eccd19fa9a83b2630071ff105e4,8,8,834.97,1521,6.187529302616517e-05,0.9672279585792114,PR,8,8,0,0.0,8,5.0
1bb3812d5f0747a3ab7348f199001a10,9,9,834.40,1522,6.183305328458772e-05,0.967289791632496,SP,9,9,0,0.0,9,4.888888888888889
91543f9849d68d023e17194926598543,6,4,834.00,1523,6.180341136067373e-05,0.9673515950438567,SC,4,4,0,0.0,4,4.5
c00396cbdd2e088fe4281baa5920aef1,3,1,832.41,1524,6.16855847131156e-05,0.9674132806285698,PR,1,1,0,0.0,1,5.0
ffff564a4f9085cd26170f4732393726,16,16,831.65,1525,6.162926505767903e-05,0.9674749098936275,SP,16,8,0,0.0,16,2.25
8602a61d680a10a82cceeeda0d99ea3d,19,17,826.99,1526,6.128393664408102e-05,0.9675361938302716,SP,12,12,1,0.08333333333333333,12,4.583333333333333
1cd9e0cc1839d55516843def5600816d,5,5,825.00,1527,6.11364680726089e-05,0.9675973302983442,SP,5,5,0,0.0,5,5.0
51e4e89242cbb846c2deff3dc015650e,16,16,822.58,1528,6.095713443292926e-05,0.9676582874327772,RS,16,16,0,0.0,16,4.625
10076e5788b8ee532724bcd460baf762,26,23,821.48,1529,6.0875619142165775e-05,0.9677191630519192,SP,22,22,1,0.045454545454545456,22,4.590909090909091
28ea411b354f14b1a494be4e79f0ce02,6,6,820.00,1530,6.0765944023684004e-05,0.9677799289959429,SP,6,6,1,0.16666666666666666,6,4.666666666666667
973f21788dfab357250f69a8dcb7ddee,19,9,819.00,1531,6.069183921389902e-05,0.9678406208351568,MG,8,8,5,0.625,8,2.25
0aa2205ca24f113f4658a5c536667426,11,4,815.62,1532,6.044136495682579e-05,0.9679010622001137,SP,4,4,0,0.0,4,4.0
63a79f5a7eb5cb48a7e5787b141c7993,11,11,815.10,1533,6.04028304557376e-05,0.9679614650305695,MG,10,10,0,0.0,10,4.5
daf565f087a52def0fd5c5825b3661bc,9,9,813.90,1534,6.031390468399562e-05,0.9680217789352534,SC,8,8,1,0.125,7,3.857142857142857
dc64d75cc406bb0697be983831430e60,4,4,813.00,1535,6.024721035518914e-05,0.9680820261456086,MG,4,4,0,0.0,4,4.75
a1bea7061f61f6fdd9a85a6325ba1033,9,9,810.95,1536,6.009529549512993e-05,0.9681421214411037,SP,9,9,1,0.1111111111111111,9,4.444444444444445
725af026f869236a8dd0ceb98564d156,5,5,810.72,1537,6.007825138887939e-05,0.9682021996924927,MG,5,5,0,0.0,5,4.4
5996cddab893a4652a15592fb58ab8db,1,1,810.00,1538,6.00248959258342e-05,0.9682622245884185,SP,1,1,0,0.0,1,5.0
17adeba047385fb0c67d8e90b4296d21,3,1,809.70,1539,6.000266448289871e-05,0.9683222272529013,SP,1,0,0,,1,1.0
bd4431c1a8dfa744b59e1e2a8bc99b9e,7,7,809.50,1540,5.998784352094171e-05,0.9683822150964222,RJ,7,7,0,0.0,7,4.571428571428571
14ee35374a7876217954b5fa08e50463,6,6,809.00,1541,5.995079111604922e-05,0.9684421658875383,SP,5,5,1,0.2,5,4.4
ba5daa4041e1f15cdf34b76e3e18a450,15,15,806.80,1542,5.9787760534522257e-05,0.9685019536480729,SP,15,15,0,0.0,15,4.266666666666667
caa9bc43a9fe8cf9c564ddd8a03cc4a6,14,13,803.87,1543,5.957063344185227e-05,0.9685615242815147,SP,13,13,1,0.07692307692307693,12,4.666666666666667
a72c2f59332659e361d647515c698798,6,5,802.90,1544,5.9498751776360834e-05,0.968621023033291,RS,5,5,0,0.0,5,4.8
11eac105f3f90a9b87b19c89d91e24f3,5,5,802.89,1545,5.949801072826298e-05,0.9686805210440194,SP,5,5,0,0.0,5,3.6
ba6b4a237f92479743cf0ca06b67a9ac,8,8,801.89,1546,5.942390591847801e-05,0.9687399449499378,RJ,8,8,1,0.125,8,4.25
557f22c76691849db52d2abccf0015d0,13,12,799.87,1547,5.9274214202712346e-05,0.9687992191641406,GO,12,12,0,0.0,11,3.272727272727273
253f95b3a0e6983ae18aed49fbc2b845,5,5,799.50,1548,5.92467954230919e-05,0.9688584659595636,SP,5,5,0,0.0,5,4.4
7a91bf945c6fae0779f1c61ce97fe45c,5,5,799.50,1549,5.92467954230919e-05,0.9689177127549867,RJ,5,4,1,0.25,5,3.8
0aa124728afc1131dff5655f4c6f487b,1,1,799.00,1550,5.920974301819941e-05,0.9689769224980049,MG,1,0,0,,1,1.0
9c7fd21e0aa159b20da593371f08ff7c,8,7,798.30,1551,5.9157869651349925e-05,0.9690360803676562,SP,6,6,1,0.16666666666666666,6,3.5
13511db12ac61e2f89c53b72a944a60b,6,6,798.00,1552,5.913563820841443e-05,0.9690952160058646,RS,6,6,1,0.16666666666666666,6,3.5
a247197e2e9c19a6a53a6888cb8b660f,2,2,798.00,1553,5.913563820841443e-05,0.969154351644073,SP,2,0,0,,2,1.0
365e4bce19bda0082c3d15d83fdb8bcd,7,6,796.40,1554,5.901707051275846e-05,0.9692133687145857,SP,6,6,0,0.0,6,4.666666666666667
5a05a16bb50629ee31afab8a6d4c2674,15,14,794.30,1555,5.886145041221e-05,0.9692722301649981,RS,14,14,1,0.07142857142857142,14,4.214285714285714
e3a386fc36e22064434e1fa256f6a9fa,17,16,793.90,1556,5.883180848829601e-05,0.9693310619734864,SP,16,16,3,0.1875,16,4.1875
0d4c8269e7f0401201794deef160edd6,4,3,792.64,1557,5.873843642796694e-05,0.9693898004099143,SP,3,3,0,0.0,3,3.6666666666666665
52956b80ae65fda598f06f6b9943e7a9,3,3,792.00,1558,5.869100934970455e-05,0.9694484914192639,PR,3,3,1,0.3333333333333333,3,4.0
5962468f885ea01a1b6a97a218797b0a,9,8,791.00,1559,5.861690453991957e-05,0.9695071083238039,PR,8,6,0,0.0,7,4.142857142857143
134b867a0f7f8bbe6abf10f91874891e,1,1,789.89,1560,5.853464820105824e-05,0.969565642972005,SP,1,1,0,0.0,1,4.0
f9eedec3129e8cc6b6429c42d0808c5b,2,2,789.80,1561,5.852797876817759e-05,0.9696241709507732,RJ,2,2,0,0.0,2,4.5
2305ab43e846518f58dd9d59f3f54e96,3,3,788.89,1562,5.846054339127326e-05,0.9696826314941644,SP,3,3,0,0.0,3,3.6666666666666665
4c61e37f664c3c88aff092aa5ac779d7,8,7,788.31,1563,5.8417562601597965e-05,0.9697410490567661,RJ,7,7,2,0.2857142857142857,6,4.0
3492e68f37fd1df87f4f2f2ea247f445,9,8,787.86,1564,5.838421543719473e-05,0.9697994332722032,SP,8,8,1,0.125,8,3.875
da03c298e3999e9d828591fc2179d109,5,4,787.70,1565,5.8372358667629135e-05,0.9698578056308709,SP,4,4,0,0.0,4,4.75
1cbd50a8c52e6cf8e315c5709fab386f,9,9,785.97,1566,5.824415734670112e-05,0.9699160497882175,PR,9,9,1,0.1111111111111111,9,3.7777777777777777
9d681c7e12db302cb261e721040dde65,14,13,785.60,1567,5.8216738567080676e-05,0.9699742665267846,PR,13,13,0,0.0,13,4.923076923076923
9535a841eecebed61a9fb1ac1cbb5597,2,2,784.90,1568,5.816486520023118e-05,0.9700324313919848,SP,2,2,0,0.0,2,3.0
de09d00cfc265b8804c7df34075a68fa,3,3,784.00,1569,5.809817087142471e-05,0.9700905295628562,SP,3,3,0,0.0,3,3.3333333333333335
5f06030071324cc52bf0304014ac7234,4,4,783.96,1570,5.809520667903331e-05,0.9701486247695353,SP,3,3,0,0.0,3,4.666666666666667
d4f117125b59ce73c3302f88ee40c458,17,17,783.29,1571,5.804555645647736e-05,0.9702066703259917,SP,17,17,0,0.0,17,4.823529411764706
ef30892870c278497523264be1be2241,9,9,783.20,1572,5.803888702359673e-05,0.9702647092130154,SP,9,9,0,0.0,9,4.555555555555555
52a52b9f656520e99716f5bc40f661c8,8,7,783.10,1573,5.8031476542618226e-05,0.970322740689558,SP,7,7,0,0.0,7,4.0
41c2bad7229b0c25e6becf179ebf63ff,23,20,782.00,1574,5.794996125185474e-05,0.9703806906508099,RN,20,20,0,0.0,20,4.95
11742f81550ac064cc9a40f67151d9ad,2,2,781.90,1575,5.794255077087624e-05,0.9704386332015807,SP,2,2,0,0.0,2,5.0
70bf57d811208f8923b41bbd499a67a4,7,7,780.80,1576,5.7861035480112765e-05,0.9704964942370609,SP,7,7,0,0.0,7,4.142857142857143
e560e4022d8f7aebf155db95946c5c0f,2,2,780.00,1577,5.7801751632284784e-05,0.9705542959886931,MG,2,2,0,0.0,2,5.0
cb6c9f5888a7a090c75beaf615925792,11,11,779.89,1578,5.779360010320843e-05,0.9706120895887963,ES,10,10,1,0.1,10,4.1
6524b847b982cd56bb5d4b02b776ee42,2,1,779.80,1579,5.778693067032778e-05,0.9706698765194668,SP,1,1,1,1.0,1,4.0
4deebb3199eeafb282ae33229144f94b,5,4,779.70,1580,5.7779520189349295e-05,0.970727656039656,SP,4,4,1,0.25,4,4.0
5a413ade68e8f8d93071a7f52a64cb9e,14,14,778.90,1581,5.77202363415213e-05,0.9707853762759976,SP,14,14,2,0.14285714285714285,14,4.642857142857143
d66c11a9572221d92fbb8c4897db5f9b,16,16,776.56,1582,5.754683108662445e-05,0.9708429231070842,RJ,16,16,0,0.0,16,4.5625
74636e24f01da9268b0ed88dacd8513e,4,4,776.00,1583,5.750533239314486e-05,0.9709004284394774,SP,4,4,1,0.25,4,4.0
5c3460cd3e8a984382ae254e7dd20d9f,10,9,775.76,1584,5.748754723879647e-05,0.9709579159867162,SP,9,9,0,0.0,9,4.666666666666667
d9442042130b7fe579d1295f9f4a248f,22,19,772.16,1585,5.7220769923570534e-05,0.9710151367566398,SP,19,19,1,0.05263157894736842,19,4.368421052631579
25be943a321c8938947bdaabca979a90,5,5,769.00,1586,5.698659872465e-05,0.9710721233553644,SP,5,3,0,0.0,5,3.0
0ff83046c3fa22efee8ecf291888b191,11,10,768.90,1587,5.6979188243671496e-05,0.971129102543608,RS,10,10,0,0.0,10,4.8
4a1917ef994878940e1fb03eeb787ad7,3,2,768.00,1588,5.6912493914865015e-05,0.9711860150375228,DF,2,2,0,0.0,2,3.0
562f8cfc51f265411f487d07e9c40e7f,13,13,766.92,1589,5.6832460720297234e-05,0.9712428474982431,MG,13,13,2,0.15384615384615385,13,4.538461538461538
6f83d9e4da896daae20b9b6b2d3ff8d2,11,11,765.19,1590,5.6704259399369224e-05,0.9712995517576426,PR,10,10,0,0.0,10,4.7
0b36063d5818f81ccb94b54adfaebbf5,15,1,765.00,1591,5.6690179485510074e-05,0.9713562419371281,SC,1,1,0,0.0,1,5.0
5acd070dd3fe441bbb2ec1f1ede515ee,8,7,764.17,1592,5.662867249338854e-05,0.9714128706096214,SP,7,7,3,0.42857142857142855,7,3.0
2063dd1b9f568df1c16741ea7d3e6adb,3,3,763.10,1593,5.6549380346918616e-05,0.9714694199899684,PR,3,3,0,0.0,3,5.0
81783131d2a97c8d44d406a4be81b5d9,9,8,761.84,1594,5.645600828658954e-05,0.9715258759982549,SP,7,7,1,0.14285714285714285,7,4.428571428571429
39c763cca83e654764b7a4a650fb9b7c,11,11,761.00,1595,5.639376024637016e-05,0.9715822697585014,GO,11,11,2,0.18181818181818182,11,3.8181818181818183
a56e351445e5863fc8960640ba9190c7,4,3,760.92,1596,5.638783186158735e-05,0.9716386575903629,SC,3,3,1,0.3333333333333333,3,4.333333333333333
ca77545ca4d2dfd1431bf61334e2fa3c,10,6,760.00,1597,5.6319655436585175e-05,0.9716949772457995,PR,6,6,0,0.0,6,4.666666666666667
7c51de0ab286204ce75ff42bf7c10d92,4,4,759.00,1598,5.624555062680019e-05,0.9717512227964262,SC,4,4,0,0.0,4,4.5
c1ed9e3daf6154542826a6996af0fb8c,16,8,757.50,1599,5.6134393412122725e-05,0.9718073571898385,SC,8,8,1,0.125,8,4.25
458c6fa920810ce2492da71bc26d9eec,2,2,756.76,1600,5.607955585288183e-05,0.9718634367456913,SP,2,2,0,0.0,2,2.5
cf654707ed6a99f112c7ec3d6f314b8b,4,3,756.00,1601,5.602323619744525e-05,0.9719194599818887,SP,3,3,0,0.0,3,4.666666666666667
21c62b998a043ebe31161d38f84929fc,4,4,750.49,1602,5.561491869553001e-05,0.9719750749005842,CE,4,4,0,0.0,4,4.5
61c36f0fc4a47f9532e5512b66668e62,1,1,750.00,1603,5.557860733873537e-05,0.972030653507923,SP,1,1,0,0.0,1,1.0
9dc79dd988ac42f4d56c340d7048420a,4,4,749.60,1604,5.554896541482138e-05,0.9720862024733378,SP,4,4,0,0.0,4,4.75
87d3c3aeb3ead335511b3ce315eb341e,15,15,749.35,1605,5.5530439212375134e-05,0.9721417329125501,SP,15,15,1,0.06666666666666667,14,3.5
fd435faa3c0422b60440ea3480d0e77c,1,1,749.00,1606,5.550450252895039e-05,0.9721972374150791,PB,1,1,0,0.0,1,5.0
191d55f7edb8524d525ed01b20fe32e8,3,3,747.00,1607,5.535629290938043e-05,0.9722525937079884,DF,3,3,1,0.3333333333333333,3,2.3333333333333335
8d46553a36e68f95350a200c12f8f2e2,16,13,746.60,1608,5.532665098546644e-05,0.9723079203589741,SP,13,9,0,0.0,13,3.230769230769231
c89cf7c468a48af70aada384e722f9e2,14,14,745.00,1609,5.5208083289810464e-05,0.9723631284422639,RJ,14,14,1,0.07142857142857142,13,4.0
ba6ce6de456f6c11d08c17701ba5c26f,7,6,744.35,1610,5.515991516345023e-05,0.9724182883574273,SP,6,6,1,0.16666666666666666,6,4.166666666666667
e8a85b5f3df47be0984c55fd4064dbb4,14,8,743.00,1611,5.5059873670240506e-05,0.9724733482310975,DF,8,8,1,0.125,8,4.5
6e864f5c4669eff3d98140a07cc50202,13,13,740.59,1612,5.4881281078658706e-05,0.9725282295121762,SP,13,13,1,0.07692307692307693,13,4.461538461538462
2ba91c7ad80ff88b23b7db823b43c233,6,6,740.40,1613,5.4867201164799555e-05,0.972583096713341,SP,6,6,2,0.3333333333333333,6,3.8333333333333335
5bba18b40e8c973b0f32e748004775b0,1,1,739.98,1614,5.483607714468987e-05,0.9726379327904856,SP,1,1,0,0.0,1,5.0
c522be04e020c1e7b79f3acff36513d5,7,7,739.93,1615,5.483237190420061e-05,0.9726927651623899,SP,7,6,2,0.3333333333333333,7,3.5714285714285716
8a40ae794fa3f9892cee24bd5af0488b,6,6,739.85,1616,5.482644351941782e-05,0.9727475916059093,PR,6,6,2,0.3333333333333333,6,3.1666666666666665
ba6b68b55fe8704377a7d43c8e5c0185,5,5,739.77,1617,5.4820515134635015e-05,0.9728024121210439,MG,5,5,0,0.0,5,4.2
6bb62a4912377c7bfe7cb17b406bc7e6,6,4,739.52,1618,5.480198893218877e-05,0.972857214109976,SP,3,3,0,0.0,3,5.0
8c91bfea4263b8fba54081460693e2a1,2,2,739.00,1619,5.476345443110058e-05,0.9729119775644072,RS,2,2,0,0.0,1,5.0
e73bf2cea7fe4b0b4d287a7568ed1099,5,4,737.70,1620,5.466711817838011e-05,0.9729666446825856,SC,3,3,0,0.0,3,5.0
89dda63a3c907c468ec88c310ed91213,2,2,734.99,1621,5.4466294143862814e-05,0.9730211109767295,SP,2,1,0,0.0,2,3.0
4200ddf1967c5e41e48db62bc6d4b5ac,42,22,734.80,1622,5.4452214230003664e-05,0.9730755631909594,SP,20,20,1,0.05,17,4.411764705882353
56db5c0782e8f7ddc9343f9576ff6d16,2,2,734.80,1623,5.4452214230003664e-05,0.9731300154051895,SC,2,2,0,0.0,2,3.0
6e1862e15f33d9994bc25922a85e1efc,14,8,732.49,1624,5.428103211940036e-05,0.9731842964373089,SP,8,7,0,0.0,7,4.428571428571429
808d4348b916efa08e766ebad39f61eb,21,21,731.10,1625,5.4178026433799237e-05,0.9732384744637427,SP,21,20,1,0.05,21,4.428571428571429
33cbbec1e7e1044aaf11d152172c776f,16,15,730.67,1626,5.414616136559169e-05,0.9732926206251082,RS,15,15,0,0.0,15,4.733333333333333
da4d149c0ddbac90557103ac0a0ec356,1,1,730.00,1627,5.409651114303576e-05,0.9733467171362513,SP,1,0,0,,1,3.0
014d9a685fd57276679edd00e07089e5,12,11,729.88,1628,5.408761856586156e-05,0.973400804754817,PR,8,8,0,0.0,8,4.5
7210cd29727d674c00741e5e387b3ccd,13,9,729.09,1629,5.402907576613143e-05,0.9734548338305833,SP,9,9,1,0.1111111111111111,9,4.444444444444445
da6a60cc8cc724fe51be021ff8be779c,13,12,728.79,1630,5.400684432319593e-05,0.9735088406749065,RJ,12,12,0,0.0,12,4.75
aac51c486b672a9850d59f3e84b1cf88,13,10,728.28,1631,5.396905087020559e-05,0.9735628097257766,SP,10,10,0,0.0,10,4.8
f19516b9ff26bfeb091b30108db4ddbd,5,5,727.60,1632,5.3918659599551804e-05,0.9736167283853763,SP,4,2,0,0.0,4,3.0
d29ba1220fb8634fa3a107e54497b8a4,9,9,724.94,1633,5.372154080552376e-05,0.9736704499261818,SP,9,9,0,0.0,9,3.2222222222222223
fe1bbc5feda5c8979a8a1b3b2512d5a6,10,9,724.72,1634,5.370523774737106e-05,0.9737241551639292,MG,9,9,1,0.1111111111111111,9,3.888888888888889
6d22a1fcebb6dd08c9cd90b92a93e8d0,13,12,723.70,1635,5.362965084139038e-05,0.9737777848147705,SC,11,11,0,0.0,11,4.363636363636363
d9e7e7778b32987280a6f2cb9a39c57d,13,11,722.50,1636,5.3540725069648404e-05,0.9738313255398402,SP,11,11,4,0.36363636363636365,11,3.5454545454545454
07d75e33f2750d97d467fb57e4dfdd8a,2,2,722.40,1637,5.3533314588669903e-05,0.9738848588544289,SP,2,2,0,0.0,2,2.5
c8cc60ffd415254af5d9b9f34f32c369,9,8,722.20,1638,5.3518493626712915e-05,0.9739383773480556,SP,8,8,0,0.0,8,4.75
b16d3dadc47d4eb18be3d88bad0775ce,11,10,722.10,1639,5.3511083145734414e-05,0.9739918884312012,RS,10,10,1,0.1,10,4.3
94231344608e603693b0a8891143f65d,3,3,722.00,1640,5.350367266475591e-05,0.974045392103866,SP,3,3,0,0.0,3,4.0
d79e8478eed9999493990b44955fb22e,5,5,721.89,1641,5.349552113567957e-05,0.9740988876250017,RJ,5,5,1,0.2,4,4.0
68ca56ce86830f3d31b1b7ec6a54da3e,6,6,719.59,1642,5.332508007317411e-05,0.9741522127050749,PR,4,3,0,0.0,4,4.5
07de60b03d150fb3ea09eab5da5e4c8b,9,9,719.10,1643,5.328876871637947e-05,0.9742055014737913,SP,8,8,1,0.125,8,4.75
75a4764c108403a7a0575140cb22287c,9,5,716.90,1644,5.312573813485251e-05,0.9742586272119261,RS,5,5,0,0.0,5,4.6
ac6417315ae5da8f9a38ee11de6f7780,7,7,716.40,1645,5.308868572996002e-05,0.9743117158976561,SP,7,7,1,0.14285714285714285,7,4.142857142857143
d558ebe531605a1285ab2b1bc3256dfb,3,3,709.00,1646,5.254031013755117e-05,0.9743642562077937,MG,3,3,0,0.0,3,4.666666666666667
024b564ae893ce8e9bfa02c10a401ece,8,2,706.40,1647,5.234763763211022e-05,0.9744166038454257,SP,2,2,0,0.0,2,4.5
e21a1e8be4715b0fcfd5385643bc49c4,24,21,703.60,1648,5.214014416471228e-05,0.9744687439895905,SC,20,19,0,0.0,20,3.8
3d5d0dc7073a299e31fa718ce1bc00b6,23,22,702.70,1649,5.2073449835905797e-05,0.9745208174394263,RJ,22,21,2,0.09523809523809523,22,4.454545454545454
18e694e0e48ed6f7aa3f24aade5fd697,34,31,701.54,1650,5.198748825655521e-05,0.974572804927683,SP,31,31,1,0.03225806451612903,31,4.67741935483871
39d61be7a92eb77b7da367bd4845bc0e,14,7,700.59,1651,5.1917088687259486e-05,0.9746247220163702,SP,7,7,0,0.0,7,4.0
3ef37b7ca6dd2b80bd8af81a62504996,2,2,700.00,1652,5.1873366849486345e-05,0.9746765953832197,SP,2,2,0,0.0,2,4.5
ac51cac5e20d69ff485a54746488ef48,3,3,700.00,1653,5.1873366849486345e-05,0.9747284687500691,SP,3,3,0,0.0,3,3.6666666666666665
328acb143b4a73aad6bee8e734f5d20d,2,2,699.98,1654,5.187188475329065e-05,0.9747803406348224,PR,2,2,0,0.0,2,4.0
1b4b28463457a256e9a784ebe2a8f630,1,1,699.42,1655,5.183038605981105e-05,0.9748321710208823,SP,1,1,1,1.0,1,1.0
59cea8e446d3834393058e7e0666b6fb,10,10,696.60,1656,5.1621410496217414e-05,0.9748837924313785,PR,10,10,0,0.0,10,4.6
0d83f8e03188682112cc0d93523705cc,8,4,696.26,1657,5.159621486089052e-05,0.9749353886462393,RS,4,4,1,0.25,4,3.75
fac35d150712afb921ec59ac5f39bb11,6,5,696.00,1658,5.157694761034642e-05,0.9749869655938497,MG,5,5,0,0.0,5,4.4
b4b447d715f9ab302a188fb43d3e96b3,5,5,685.93,1659,5.0830712175811663e-05,0.9750377963060255,SP,5,5,1,0.2,5,4.8
b2c97074649f92197d9387d9033dda5f,11,10,684.71,1660,5.0740304307873996e-05,0.9750885366103335,SP,10,10,1,0.1,10,4.7
4e6015589b781adaa5ce7f1892d06bb1,3,3,684.00,1661,5.068768989292666e-05,0.9751392243002264,SP,3,3,0,0.0,3,3.6666666666666665
2fb25ab44bdbeae6a4d816e0d0c9d500,5,5,683.08,1662,5.0619513467924474e-05,0.9751898438136943,RJ,5,5,0,0.0,5,4.8
71271995e85f5b8530be99ed54a91b89,7,7,679.00,1663,5.031716584400175e-05,0.9752401609795383,RS,7,6,1,0.16666666666666666,7,2.7142857142857144
9aa388272ee334b6ae07bc73706e254a,7,6,678.00,1664,5.024306103421677e-05,0.9752904040405725,MG,4,4,0,0.0,4,5.0
d9cd369bffa979d1634f8e1318bf2f1b,3,3,678.00,1665,5.024306103421677e-05,0.9753406471016067,SP,3,3,0,0.0,3,5.0
89a51f50b8095ea78d5768f34c13a76f,11,10,677.16,1666,5.018081299399739e-05,0.9753908279146007,DF,10,10,0,0.0,10,4.7
a513150f33f99a06569e9cd5c4bb889b,2,2,677.00,1667,5.0168956224431794e-05,0.9754409968708252,SP,2,2,0,0.0,2,4.5
6861de0f40cacb0602e473c51639f980,8,5,674.00,1668,4.9946641795076854e-05,0.9754909435126202,PR,5,5,1,0.2,5,3.6
c6218512d16fcac0af02fe92691cf274,8,8,674.00,1669,4.9946641795076854e-05,0.9755408901544154,MG,7,7,1,0.14285714285714285,7,3.9285714285714284
8c0de775f52fe41590b376a3b7c50f68,9,9,672.70,1670,4.985030554235638e-05,0.9755907404599576,SP,9,8,0,0.0,9,3.888888888888889
7354220fb240bde543b3c40c060d41e7,7,7,672.00,1671,4.979843217550689e-05,0.9756405388921331,DF,7,7,0,0.0,7,4.571428571428571
e4ebd3f87bf70440014f07ddda7fbe03,7,7,671.50,1672,4.97613797706144e-05,0.9756903002719037,SP,7,7,1,0.14285714285714285,7,4.571428571428571
0a85ebe4e328db81ac9109781205e2f7,12,12,667.90,1673,4.949460245538847e-05,0.9757397948743591,SP,11,11,1,0.09090909090909091,11,4.636363636363637
6824a69c9ea0313eba299dd4a2dba09a,7,6,666.90,1674,4.942049764560349e-05,0.9757892153720048,MG,6,6,0,0.0,6,4.666666666666667
5f7300535881cef3b625fd683cf7d145,11,10,665.98,1675,4.935232122060131e-05,0.9758385676932253,RS,9,9,0,0.0,9,4.777777777777778
55c26bcb609f480eb7868594245febb5,6,6,664.40,1676,4.923523562114104e-05,0.9758878029288465,SP,5,5,0,0.0,5,3.8
bdae679a9b282249bc23b9b69dae9a99,12,6,663.15,1677,4.914260460890981e-05,0.9759369455334553,DF,4,4,0,0.0,4,3.75
1430239a858e7682bbc43b20758af153,23,18,660.79,1678,4.8967717257817254e-05,0.9759859132507132,SP,18,17,0,0.0,18,4.111111111111111
49383af7ab774e4e8f3000f49c83dc4b,12,8,660.00,1679,4.8909174458087125e-05,0.9760348224251713,SP,7,7,0,0.0,7,4.571428571428571
a2deecd5398f5df4987110c80a1972a3,14,14,658.53,1680,4.88002403877032e-05,0.976083622665559,SP,14,13,0,0.0,14,4.035714285714286
c7fdb77fdbff3c41981bc52f787e959e,11,9,658.48,1681,4.8796535147213955e-05,0.9761324192007061,SP,8,8,2,0.25,8,3.875
299c89a525fee36c567f4fe72f038100,2,2,658.00,1682,4.876096483851716e-05,0.9761811801655447,CE,2,1,0,0.0,2,2.0
525e75a6fb1454a2325ab1734bcec221,11,10,657.07,1683,4.869204736541714e-05,0.9762298722129101,SP,10,9,0,0.0,10,3.6
1961c3e1272bfeceb05d0b78b5bbfdaf,3,2,657.00,1684,4.8686860028732185e-05,0.9762785590729388,SP,2,2,0,0.0,2,4.5
b0398568231ba5e6734af1881671a317,4,4,656.77,1685,4.8669815922481635e-05,0.9763272288888614,ES,3,3,0,0.0,3,5.0
c447f8dd3ed213f291d65ef074a268eb,8,7,655.00,1686,4.853865040916222e-05,0.9763757675392706,SP,7,7,0,0.0,7,3.7142857142857144
80f2cf9abf6b5a0e5c612b5eea6646e6,6,6,654.08,1687,4.847047398416004e-05,0.9764242380132547,SP,5,5,1,0.2,5,5.0
cd3d09fbe6e3e9ff0c0ac0c300e93ae7,12,12,651.04,1688,4.8245195362413695e-05,0.9764724832086171,SP,12,12,1,0.08333333333333333,12,4.166666666666667
5d043cd5512d4bd2f88e5ccdd5736c38,1,1,650.00,1689,4.816812636023732e-05,0.9765206513349773,SP,1,1,0,0.0,1,2.0
43402bdf22aa2310e8f99e2f94f78628,5,4,649.95,1690,4.816442111974808e-05,0.976568815756097,SP,4,4,0,0.0,4,2.5
f435898e493ba0356019a0b1cb8b55b1,12,10,649.76,1691,4.8150341205888926e-05,0.976616966097303,PR,9,9,0,0.0,9,4.555555555555555
236585a4ddb5fea9fa40233e2249ed91,11,11,649.53,1692,4.813329709963838e-05,0.9766650993944026,RS,11,11,1,0.09090909090909091,11,4.090909090909091
54aa8463e87776b5612f4bdc4bd5d4de,7,7,649.30,1693,4.811625299338783e-05,0.9767132156473959,MG,7,7,0,0.0,7,3.857142857142857
9cad4b68bb993ee401a3c5aaa2bc26dd,7,5,649.30,1694,4.811625299338783e-05,0.9767613319003894,SP,3,3,1,0.3333333333333333,3,2.0
95b293867b5862941c9cd74f756a3c68,9,9,648.10,1695,4.8027327221645856e-05,0.9768093592276109,SP,9,9,4,0.4444444444444444,9,3.5555555555555554
b26741d31a563d769b4af0465ab20c56,2,2,648.00,1696,4.8019916740667355e-05,0.9768573791443517,SC,2,2,0,0.0,2,4.0
72c38a04bd6a1c3dbc5298425a0db86d,5,4,647.30,1697,4.796804337381787e-05,0.9769053471877255,PR,4,4,0,0.0,4,3.75
2aa3443d7bf9d9bb11133f420d75e083,10,10,647.00,1698,4.794581193088238e-05,0.9769532929996564,RJ,10,10,2,0.2,10,3.0
13f57c12a00ed4610db646b913a7f5c6,13,7,645.20,1699,4.7812423273269416e-05,0.9770011054229296,SP,7,7,1,0.14285714285714285,7,4.857142857142857
8d899e15a5925f097cca50faa49b15e3,10,4,645.00,1700,4.7797602311312415e-05,0.977048903025241,SP,4,4,1,0.25,4,3.75
ad273c9eb54ecb4532de4bf75bae9e4e,11,10,645.00,1701,4.7797602311312415e-05,0.9770967006275523,PR,7,7,0,0.0,7,4.571428571428571
f3295428338a40977a03f555246a70f4,7,7,644.98,1702,4.779612021511672e-05,0.9771444967477674,ES,7,7,2,0.2857142857142857,7,3.5714285714285716
5882f40daf39bc2a465e0cb453ddc222,1,1,640.00,1703,4.7427078262387515e-05,0.9771919238260298,SP,1,0,0,,1,2.0
bd1d49a326abfa9b1036772e40445430,13,12,637.70,1704,4.725663719988206e-05,0.9772391804632296,SP,12,12,1,0.08333333333333333,12,4.083333333333333
bc503e244f187939d10c92a5c8e378ce,16,7,637.67,1705,4.725441405558851e-05,0.9772864348772852,SP,5,4,0,0.0,5,4.2
7b98de631987e26dd6d803490c43a13c,8,8,634.20,1706,4.699727036563463e-05,0.9773334321476509,PR,8,8,0,0.0,8,4.625
be8e909810184b9b19e886129149d8e5,15,15,629.85,1707,4.6674914443069966e-05,0.9773801070620939,SP,15,15,3,0.2,15,3.7333333333333334
685b870da5b52a710782c9c0fefbeb5b,2,2,627.00,1708,4.646371573518277e-05,0.9774265707778291,SP,2,2,2,1.0,2,2.0
8759e7aedd644f487315e5860962f162,3,3,627.00,1709,4.646371573518277e-05,0.9774730344935643,SP,3,3,1,0.3333333333333333,3,3.6666666666666665
0570350b23eda5444f8d1d9544932058,11,6,626.90,1710,4.645630525420427e-05,0.9775194907988185,SP,6,6,0,0.0,6,5.0
6cf476a4ca74498db55cbccdaa9dcfb6,6,5,624.94,1711,4.631105982702571e-05,0.9775658018586455,SP,5,5,2,0.4,5,3.4
d8cf3b6a2151949f930d0252b180ec42,19,6,623.70,1712,4.621916986289233e-05,0.9776120210285085,PR,5,5,0,0.0,5,3.2
ab3e0c171fe84a7ba7de130f19cfb485,7,6,623.45,1713,4.6200643660446094e-05,0.9776582216721689,PR,6,6,2,0.3333333333333333,6,4.0
3969863bb8af7f72580b3b1ffd3a17b3,13,12,623.15,1714,4.617841221751059e-05,0.9777044000843864,SP,10,10,0,0.0,10,4.3
26bad72add1f86e08a776ce4ffdaf1ca,7,7,622.00,1715,4.6093191686257864e-05,0.9777504932760727,SP,7,7,0,0.0,7,4.428571428571429
b5bb2b985208834bd5bd86c7a402bbad,2,2,621.06,1716,4.602353316505998e-05,0.9777965168092376,RS,2,2,0,0.0,2,5.0
6b15924333bd1a741595fe981ea04822,21,21,614.32,1717,4.5524066747109216e-05,0.9778420408759848,SP,20,20,2,0.1,20,4.7
b0b346d3a89f5eb4c2968af3f083cd43,12,11,614.00,1718,4.5500353207978024e-05,0.9778875412291927,SP,11,9,4,0.4444444444444444,11,3.272727272727273
1d29dfba02015238dfbe2449a5eaa361,12,12,612.80,1719,4.541142743623604e-05,0.977932952656629,MG,12,12,1,0.08333333333333333,12,4.5
b44dbfbf62e52125f3c15d230569ea91,8,4,609.37,1720,4.515724793867356e-05,0.9779781099045677,SP,4,4,0,0.0,4,4.75
3d3ccf2b2f8134b10dce9dd446f0e075,3,3,608.60,1721,4.510018723513913e-05,0.9780232100918029,SP,3,3,1,0.3333333333333333,3,3.3333333333333335
c6a7539d424a8402232c2228d7a03c5e,15,10,607.50,1722,4.501867194437565e-05,0.9780682287637473,SP,10,10,1,0.1,10,3.1
2059c39f76271d4ca3f15b5ffaccc8b8,12,12,604.90,1723,4.48259994389347e-05,0.9781130547631861,PR,12,12,0,0.0,12,4.5
aae5e7b457a3c72ee230a47d98fceda5,7,5,604.80,1724,4.48185889579562e-05,0.9781578733521441,PR,5,5,0,0.0,5,4.2
340636a908b13bbe0f4fb63fbe1d0c03,4,4,601.40,1725,4.456663260468727e-05,0.9782024399847489,SP,4,3,0,0.0,4,4.0
eddd1991bd6d9309995a480c39b95137,2,2,601.00,1726,4.453699068077328e-05,0.9782469769754296,PR,2,2,0,0.0,2,3.5
5a6a02f419701fc8c605af71d4fc57a4,11,10,600.50,1727,4.449993827588079e-05,0.9782914769137054,SP,10,10,1,0.1,10,4.8
6179a28a13a726c29b3bf54c070dccab,2,2,600.00,1728,4.4462885870988296e-05,0.9783359397995764,MG,2,1,0,0.0,2,3.0
1588ac4010787100dddef64568f0ae35,3,3,599.97,1729,4.446066272669475e-05,0.9783804004623031,PR,3,3,0,0.0,3,3.0
8e29d051f810eb22959ede205b462b9f,2,2,599.80,1730,4.4448064909031294e-05,0.9784248485272121,SP,2,2,1,0.5,2,4.0
ad8ada0ffa993cb1197d102d9ab21a3e,2,1,599.80,1731,4.4448064909031294e-05,0.9784692965921212,MG,1,0,0,,1,1.0
3be5841cdcc46de4ed3f9116f104b2c5,4,4,599.60,1732,4.4433243947074305e-05,0.9785137298360683,SP,4,4,0,0.0,4,4.75
53336f97ddbe53e2a617d07b17447b95,1,1,599.50,1733,4.4425833466095804e-05,0.9785581556695344,SP,1,1,0,0.0,1,5.0
262237171f48e85819065498cac80d7b,10,4,599.00,1734,4.438878106120331e-05,0.9786025444505956,SC,4,4,0,0.0,4,4.25
d94ba08b99bedd6a5f6c875ecc4a6fac,10,9,599.00,1735,4.438878106120331e-05,0.9786469332316569,PR,9,8,0,0.0,9,4.777777777777778
d0d70d21e2234dd7cd3cf63fe414148a,9,8,598.40,1736,4.434431817533232e-05,0.9786912775498322,PB,7,7,0,0.0,7,4.714285714285714
638cba8be1fb599bbb76fd6948351eb3,26,17,598.20,1737,4.432949721337533e-05,0.9787356070470454,SP,17,16,0,0.0,17,4.647058823529412
8bd0e3abda539b9479c4b44a691be1ec,13,7,596.55,1738,4.420722427723011e-05,0.9787798142713228,RS,7,6,2,0.3333333333333333,7,2.2857142857142856
791cfcfe22fe4a771ece27f90017da92,2,2,596.26,1739,4.418573388239247e-05,0.9788240000052052,SP,2,1,1,1.0,2,1.5
38e6dada03429a47197d5d584d793b41,12,7,596.14,1740,4.417684130521827e-05,0.9788681768465103,SP,7,7,1,0.14285714285714285,7,4.428571428571429
11938fcc75f6902fea1d0a6f72b54a57,2,2,594.98,1741,4.4090879725867694e-05,0.9789122677262362,SC,2,2,0,0.0,2,3.0
3d68c634a99a1ba46dbca3967a69c623,2,2,594.00,1742,4.4018257012278414e-05,0.9789562859832485,SC,2,2,0,0.0,2,5.0
6e0908ef4d4efadbc3cc2b74ea477cb0,11,8,589.45,1743,4.3681080127756756e-05,0.9789999670633763,RJ,7,7,1,0.14285714285714285,7,4.142857142857143
768a86e36ad6aae3d03ee3c6433d61df,17,17,587.46,1744,4.353361155628464e-05,0.9790435006749325,SP,16,16,3,0.1875,16,4.625
6e4a902d1054e4e17aa6eab87fac1c75,8,7,586.57,1745,4.346765827557601e-05,0.9790869683332081,SP,7,7,2,0.2857142857142857,7,4.142857142857143
b274baf5bbd142410eb2958cf685d684,7,7,585.90,1746,4.3418008053020067e-05,0.9791303863412611,RS,7,7,0,0.0,7,4.285714285714286
bf961104a38e01b9062ee026bb657dee,4,4,585.56,1747,4.339281241769317e-05,0.9791737791536788,SP,4,4,0,0.0,4,4.5
851773c885feb5e2da3b4f82bc2b17ce,10,10,585.30,1748,4.337354516714908e-05,0.9792171526988459,SP,10,10,2,0.2,10,4.2
70b52a4cfc823994561b00bad161b4ed,10,8,585.00,1749,4.3351313724213585e-05,0.9792605040125701,SP,8,8,0,0.0,8,4.375
44f091b5abab8018f682fce8124b85e5,4,4,584.30,1750,4.32994403573641e-05,0.9793038034529276,SP,4,3,2,0.6666666666666666,4,3.0
83353a83fd769dfafa4f21a72b15e3e5,5,5,579.50,1751,4.2943737270396195e-05,0.979346747190198,SP,5,5,1,0.2,5,3.8
be3b4b0f050a6aa1b2d901c4b77e979f,8,3,578.20,1752,4.284740101767572e-05,0.9793895945912156,PR,3,3,0,0.0,3,4.0
f524ad65d7e0f1daab730ef2d2e86196,2,1,578.00,1753,4.283258005571872e-05,0.9794324271712713,RS,1,1,1,1.0,1,1.0
01c97ebb5cdac52891c0ed1c37ba0012,12,9,577.50,1754,4.2795527650826236e-05,0.9794752226989222,SP,9,9,0,0.0,9,4.222222222222222
5ef131ac72773e5b3f6c0d63cf424657,11,10,575.79,1755,4.2668808426093916e-05,0.9795178915073484,SP,9,9,0,0.0,9,4.444444444444445
ed8cb7b190ceb6067227478e48cf8dde,17,15,573.50,1756,4.249910841168631e-05,0.97956039061576,SP,14,14,1,0.07142857142857142,14,3.5714285714285716
26af45f5dfd967225a832838aa4e24a3,11,10,573.10,1757,4.246946648777232e-05,0.9796028600822477,PR,8,8,0,0.0,8,3.875
4e326052e5dbba8adcd512f3450a307e,6,3,570.00,1758,4.223974157743888e-05,0.9796450998238252,SP,3,3,0,0.0,3,2.3333333333333335
9599519be538b98748162a2b48248960,3,1,570.00,1759,4.223974157743888e-05,0.9796873395654027,SP,1,1,0,0.0,1,1.0
a35ef466c6fd6d052f5d241240d3c5e2,3,3,569.90,1760,4.223233109646038e-05,0.9797295718964991,RS,3,3,0,0.0,3,4.666666666666667
3f9be91358837bff69df67edfa3e42e8,7,7,569.70,1761,4.221751013450339e-05,0.9797717894066336,PR,6,6,0,0.0,6,5.0
a254c682cc01e119f83530446f1df9a9,7,6,569.40,1762,4.219527869156789e-05,0.9798139846853251,SP,6,6,1,0.16666666666666666,6,4.0
cd2169d9f31ff6fbb9ca3373b0c9e354,1,1,569.00,1763,4.21656367676539e-05,0.9798561503220928,RJ,1,1,0,0.0,1,4.0
73b8eb4a9a729d4019b24ed1be748cbf,7,7,568.90,1764,4.21582262866754e-05,0.9798983085483794,SP,7,7,0,0.0,7,4.857142857142857
4170f6a9367e6b5d6401d03ce6d54569,5,4,568.78,1765,4.21493337095012e-05,0.9799404578820889,DF,4,4,1,0.25,4,4.0
89ad3263c0931c47f976d7c5778e60f6,6,6,568.20,1766,4.210635291982592e-05,0.9799825642350087,SP,5,5,0,0.0,5,4.0
f52c2422904463fdd7741f99045fecb6,13,12,567.79,1767,4.207596994781407e-05,0.9800246402049566,SP,12,12,1,0.08333333333333333,12,4.25
b7ed9fb14c8eadb37adb9c45d67ab0fb,11,7,566.00,1768,4.194332233829896e-05,0.9800665835272949,SP,7,7,0,0.0,7,3.2857142857142856
2f74af7a0ee5636f12c2336f9fffed47,13,13,560.70,1769,4.155056684643856e-05,0.9801081340941413,SP,13,13,0,0.0,13,4.3076923076923075
5f5a58930c3c35f3b5af264f34fb8c85,3,3,560.00,1770,4.1498693479589076e-05,0.9801496327876209,SP,3,3,0,0.0,3,5.0
6dc9bec584588412a6a338830946a3e4,2,2,560.00,1771,4.1498693479589076e-05,0.9801911314811005,SP,1,0,0,,1,1.0
b12cfd255810394b60caef18ae163547,2,2,560.00,1772,4.1498693479589076e-05,0.9802326301745801,PR,2,2,0,0.0,2,4.5
c33a5c3c983090c8b78a28e65052a20d,8,8,559.20,1773,4.1439409631761095e-05,0.9802740695842119,SC,7,7,0,0.0,7,4.571428571428571
820c7c9eaf76d2b226b6c242bcf3f34d,1,1,559.00,1774,4.1424588669804094e-05,0.9803154941728817,SP,1,1,0,0.0,1,4.0
35b96509602ec4b7da831b5cd73ff2c2,2,2,558.90,1775,4.141717818882559e-05,0.9803569113510704,RS,2,2,0,0.0,2,4.5
6eeed17989b0ae47c9f11ece6f38ea90,3,3,557.00,1776,4.1276379050234135e-05,0.9803981877301207,SP,2,2,0,0.0,2,5.0
48fb026ed7455a42f5d3e9390ed5088e,11,11,555.71,1777,4.1180783845611515e-05,0.9804393685139663,RJ,10,8,0,0.0,10,2.8
8a207b6080964f3c1fc9d35bd6096ba4,3,2,553.70,1778,4.10318331779437e-05,0.9804804003471442,SP,2,2,1,0.5,2,5.0
385799a1cddbd26dfeb9157356a42282,6,4,551.94,1779,4.0901408712722134e-05,0.980521301755857,SP,4,4,0,0.0,4,4.75
74871d19219c7d518d0090283e03c137,7,6,550.04,1780,4.076060957413067e-05,0.9805620623654311,SP,6,6,0,0.0,6,5.0
eb9cd5b35d95206585e2185318cb5c61,3,2,550.00,1781,4.075764538173927e-05,0.9806028200108129,SP,2,2,1,0.5,2,3.0
bb2afe2061d53c6968aa0cffa233a8ec,6,5,549.40,1782,4.071318249586828e-05,0.9806435331933088,SP,5,5,0,0.0,5,4.8
e433f5fd4050e3352b5d83522b7fe24b,1,1,548.06,1783,4.06138820507564e-05,0.9806841470753596,PR,1,1,0,0.0,1,4.0
0d33a55da925bbf1ff02af5f6059fc7f,24,22,547.30,1784,4.055756239531982e-05,0.9807247046377547,SP,20,20,1,0.05,20,4.4
6c99c983ce3b6ba0ab813e6790e81691,9,9,546.75,1785,4.0516804749938085e-05,0.9807652214425047,MG,9,9,0,0.0,9,3.7777777777777777
9c1c0c36cd23c20897e473901a8fb149,7,6,544.97,1786,4.038489818852082e-05,0.9808056063406932,SP,6,6,0,0.0,6,5.0
af7cdac9d9897cddead9c6b08976c642,6,6,543.54,1787,4.027892831052829e-05,0.9808458852690037,SP,6,6,1,0.16666666666666666,6,3.6666666666666665
4cc4fd4fdd406a85bbdc1f824b731bd7,2,1,539.98,1788,4.001511518769377e-05,0.9808859003841914,PR,1,1,0,0.0,1,5.0
228e4c1a0be164f613d41c24345f9d2c,5,5,539.70,1789,3.999436584095398e-05,0.9809258947500323,PR,5,5,0,0.0,5,5.0
6c17baf138731a4aaacc3210adf2037b,5,4,538.80,1790,3.992767151214749e-05,0.9809658224215446,SP,4,4,0,0.0,4,5.0
08d1c9478fb0d7d7fcac9c0da4e82fc7,1,1,538.00,1791,3.98683876643195e-05,0.9810056908092089,MG,1,1,0,0.0,1,5.0
79ee721b6f766066a80264402548d359,2,2,538.00,1792,3.98683876643195e-05,0.9810455591968732,SP,2,0,0,,2,1.0
ff314fa6033cc68ec451c47aee2d6ba4,2,2,537.90,1793,3.986097718334101e-05,0.9810854201740565,SP,2,2,0,0.0,2,5.0
1fe61aa5494bd3ae92a2c13e067c810f,2,1,537.76,1794,3.985060250997111e-05,0.9811252707765665,SC,1,1,0,0.0,1,4.0
cb9fb4ca75d7ba8437480e8dde64fe98,10,10,532.14,1795,3.943413347897952e-05,0.9811647049100456,SP,9,9,0,0.0,9,4.222222222222222
1f7fd2a6fcd5a6fa5d8a4dabc72aaae0,3,3,531.80,1796,3.9408937843652624e-05,0.9812041138478891,RS,3,3,0,0.0,3,5.0
6650fcccd8cd2f7e55ffa524f30c4c59,3,3,529.70,1797,3.925331774310417e-05,0.9812433671656323,SP,2,1,0,0.0,2,3.5
2e7ea2aafec5835e781b21d6d1faf1f1,7,7,528.40,1798,3.915698149038369e-05,0.9812825241471226,SP,7,7,1,0.14285714285714285,6,4.5
7402d13c03a7e91366337cd1de471144,4,4,528.38,1799,3.915549939418799e-05,0.9813216796465168,PR,4,3,0,0.0,4,3.5
6879c4d287a8dd06b11f54ea8f78e4da,6,6,527.67,1800,3.910288497924065e-05,0.9813607825314961,SP,5,5,0,0.0,5,5.0
979e9f8b5b39dd243a2550c8b05aecf0,4,3,525.00,1801,3.8905025137114755e-05,0.9813996875566332,SP,3,3,0,0.0,3,5.0
3968920b9aa752ab98f7d5888c9252f2,10,8,523.30,1802,3.8779046960480286e-05,0.9814384666035937,SP,7,7,1,0.14285714285714285,7,4.285714285714286
02b72cdeb9cfcc429f1af6f4e3f3b737,4,4,522.65,1803,3.873087883412005e-05,0.9814771974824278,SP,4,4,0,0.0,4,4.75
6e13dd869aa7185f601c941423abcc8f,6,5,522.00,1804,3.8682710707759815e-05,0.9815158801931355,SP,5,5,0,0.0,5,4.8
c026ef0d72e9132d9fa112308090c8dc,1,1,520.00,1805,3.8534501088189856e-05,0.9815544146942237,RJ,1,1,0,0.0,1,4.0
fc59392d66ef99377e50356ee4f3b4e1,5,5,519.99,1806,3.8533760040092005e-05,0.9815929484542638,BA,5,5,0,0.0,5,3.6
f9ec7093df3a7b346b7bcf7864069ca3,9,9,519.20,1807,3.8475217240361876e-05,0.9816314236715042,SP,8,8,1,0.125,8,5.0
d197aa8fbc64087f61984deef05f6227,7,6,519.09,1808,3.846706571128552e-05,0.9816698907372156,SP,6,6,0,0.0,6,4.833333333333333
b6dc74ed30f124f95227bed4e43a3bed,13,11,518.96,1809,3.845743208601348e-05,0.9817083481693014,PR,11,9,1,0.1111111111111111,11,4.0
ff4e2d38692ce827b1a4f4b8196e680d,11,11,518.90,1810,3.845298579742637e-05,0.9817468011550989,SP,11,11,0,0.0,11,4.2727272727272725
a7dc4098e4da6e41b426269d12ae7e91,3,2,518.00,1811,3.838629146861989e-05,0.9817851874465675,SP,2,2,0,0.0,2,3.0
3296662b1331dea51e744505065ae889,1,1,517.80,1812,3.8371470506662896e-05,0.9818235589170743,SP,1,1,0,0.0,1,5.0
7e79d65b5c6f1f544b7daea036acf720,4,4,517.80,1813,3.8371470506662896e-05,0.9818619303875809,SP,4,4,0,0.0,4,4.5
9e6967d3cf386d284251784b18ccb485,11,9,517.67,1814,3.836183688139085e-05,0.9819002922244622,SP,9,9,1,0.1111111111111111,9,3.888888888888889
64cc804291f90c81f02bfc2bb58ff55a,2,2,517.60,1815,3.83566495447059e-05,0.9819386488740071,PR,1,1,0,0.0,1,5.0
1d503743d2526f03f0c2c89540ee008c,17,12,516.04,1816,3.824104604144133e-05,0.9819768899200484,SP,12,12,1,0.08333333333333333,12,3.9166666666666665
b87a7ea0c30fad2dd6781b74a0064859,9,9,515.40,1817,3.819361896317894e-05,0.9820150835390116,SP,9,9,3,0.3333333333333333,9,3.4444444444444446
a06c8ff043abea0528ee44171e2140a2,8,8,514.50,1818,3.8126924634372466e-05,0.982053210463646,MG,8,8,0,0.0,8,4.75
c157bdeedcbc9a8e3c8bf0d87ff24428,10,7,514.27,1819,3.8109880528121916e-05,0.9820913203441741,SP,7,7,0,0.0,7,4.428571428571429
7e959205cebc10adefcb331f934238a4,2,2,513.90,1820,3.8082461748501474e-05,0.9821294028059226,SP,2,0,0,,2,1.0
312ba1d77e9c332ef21f9598b7f64cd7,7,7,513.00,1821,3.801576741969499e-05,0.9821674185733423,SP,7,7,4,0.5714285714285714,7,3.142857142857143
4a82168aaef173cbb6e46ae88728f919,4,4,512.00,1822,3.794166260991001e-05,0.9822053602359522,PR,4,4,0,0.0,4,4.0
2b2fed75b8e5ea3a052fc4c0825da485,4,3,510.90,1823,3.786014731914653e-05,0.9822432203832714,MG,3,3,0,0.0,3,5.0
c3aad7dc65449ae90a5e9c3c6c1e78e0,6,6,510.00,1824,3.779345299034005e-05,0.9822810138362618,SP,6,6,0,0.0,6,4.666666666666667
c53bcd3be457a342a97e39e5a9f0be22,5,5,509.50,1825,3.775640058544756e-05,0.9823187702368472,SE,3,3,0,0.0,3,3.3333333333333335
270d3ef21830ad0ecf3a6c53d08a533a,18,6,509.00,1826,3.771934818055507e-05,0.9823564895850277,SP,6,5,0,0.0,6,2.3333333333333335
4be6b962d83299498bae2190f95d6566,12,11,508.80,1827,3.7704527218598074e-05,0.9823941941122463,SP,10,10,1,0.1,9,4.0
33cbda8716511e27e556dff9d8418bf2,6,5,507.40,1828,3.76007804848991e-05,0.9824317948927311,SC,5,5,0,0.0,5,4.8
5e49e3a44bdeb5aab2684258bbd4f525,3,3,507.00,1829,3.757113856098511e-05,0.9824693660312922,SC,3,3,1,0.3333333333333333,3,4.666666666666667
3ea00e1dea2b0659dbaf654735929220,7,7,505.00,1830,3.7422928941415146e-05,0.9825067889602336,PR,7,7,0,0.0,7,4.857142857142857
2493dc3f20131696a0ecdb9948051a8d,4,4,504.38,1831,3.737698395934846e-05,0.982544165944193,DF,4,4,0,0.0,4,4.75
20a7efa9721046319bdde5d60b6b5365,6,3,501.20,1832,3.7141330664232224e-05,0.9825813072748572,SP,3,3,0,0.0,3,5.0
39a5005f2605cbdb4f9ac14485cabfd1,8,3,501.07,1833,3.7131697038960176e-05,0.9826184389718962,SP,3,3,0,0.0,3,5.0
28fb0829fd777877cdc350d25cb5bd5b,4,4,499.60,1834,3.7022762968576256e-05,0.9826554617348647,SP,4,2,0,0.0,4,3.75
97e995629983723d11830a829bc2b246,5,5,499.50,1835,3.7015352487597755e-05,0.9826924770873523,SP,5,5,0,0.0,5,4.8
dff87e4de60c9736ce8df835951b09bc,1,1,499.00,1836,3.6978300082705264e-05,0.982729455387435,SP,1,0,0,,1,4.0
13c2ed7698b3ca92dad49e849219da59,9,8,498.61,1837,3.6949399206889125e-05,0.9827664047866418,PR,8,8,0,0.0,8,4.375
265fdc289dffa9f1ad801c74f7d0de47,1,1,495.00,1838,3.668188084356534e-05,0.9828030866674854,SP,1,1,0,0.0,1,5.0
ccbd753e6863fe7314dc6c0ca5a074e7,1,1,495.00,1839,3.668188084356534e-05,0.982839768548329,SC,1,1,0,0.0,1,4.0
e59e489e2ea74bd409b798b5daf49de3,5,3,495.00,1840,3.668188084356534e-05,0.9828764504291725,PR,2,2,0,0.0,2,2.0
c458e2045a8aa8964f8879af03fdcce6,9,4,494.91,1841,3.66752114106847e-05,0.9829131256405832,SP,4,4,0,0.0,4,2.75
fcba71d4d5db057f43249145e4eb1e27,3,3,494.55,1842,3.66485336791621e-05,0.9829497741742624,SP,3,3,0,0.0,3,4.666666666666667
c286ec035ee04ba81c97508f0b5df544,2,2,493.00,1843,3.653367122399538e-05,0.9829863078454865,PR,2,1,0,0.0,2,2.5
0951a6e282947e09cd47969f4ed0b47f,7,7,492.30,1844,3.6481797857145896e-05,0.9830227896433437,SP,7,7,0,0.0,7,4.857142857142857
c84592044b180dec206770c38603814b,14,14,491.94,1845,3.6455120125623305e-05,0.9830592447634692,SP,14,14,0,0.0,14,4.428571428571429
e601b04acf48b4576e73ddca9481f0dc,16,15,491.94,1846,3.6455120125623305e-05,0.9830956998835948,SP,14,14,0,0.0,14,4.285714285714286
b9c0ffa92f3ff9a5a3d45ef7213c0842,3,3,490.00,1847,3.631135679464044e-05,0.9831320112403894,SP,3,3,0,0.0,3,5.0
64b87978a11c1ea7501a89eabe8c2c1a,7,7,489.93,1848,3.6306169457955495e-05,0.9831683174098473,SP,7,0,0,,7,2.0
7816cd9c5b1238e320545f5bf7eb80e8,1,1,489.00,1849,3.623725198485546e-05,0.9832045546618322,SP,1,1,0,0.0,1,4.0
f88adb15807168d3c43d71021090ce4a,3,3,488.80,1850,3.6222431022898464e-05,0.9832407770928552,SP,3,3,0,0.0,3,3.3333333333333335
09bad886111255c5b5030314fc7f1a4a,5,5,487.50,1851,3.612609477017799e-05,0.9832769031876254,SP,5,5,0,0.0,5,5.0
6219ba2359cfb97f2e38fd4c321eb309,6,6,487.50,1852,3.612609477017799e-05,0.9833130292823955,SP,6,5,3,0.6,5,3.4
83a75eea11694e36e56dd0cb2240229a,3,3,487.00,1853,3.60890423652855e-05,0.9833491183247608,SP,3,3,0,0.0,3,5.0
b3f19518fcec265b2e97af287725f981,9,9,486.91,1854,3.608237293240485e-05,0.9833852006976932,SP,9,8,0,0.0,9,4.222222222222222
c7a0a13cbcf29d5ce51c8f80afdc0b89,9,8,483.08,1855,3.5798551510928375e-05,0.9834209992492042,SC,8,8,0,0.0,8,4.125
70c4eedec9cb4a85cda2f3f9673557b4,2,2,479.80,1856,3.555548773483364e-05,0.9834565547369389,SP,2,1,0,0.0,1,5.0
c1f12f926d0ba950578b4fa41115cbb6,4,2,479.60,1857,3.5540666772876646e-05,0.983492095403712,SP,2,2,1,0.5,2,4.0
0c7f30ae9b147eca07affbef92832a6a,5,5,479.50,1858,3.5533256291898145e-05,0.9835276286600038,PR,5,5,0,0.0,5,5.0
32fdd5d44ecb43dfd6a24b9369eca144,8,8,479.20,1859,3.551102484896265e-05,0.9835631396848528,MG,8,8,0,0.0,8,4.375
bac692d6c0ed08467878018e6cc9c26c,3,1,477.00,1860,3.5347994267435696e-05,0.9835984876791202,SC,1,1,0,0.0,1,4.0
f1198c871e0171278b63f40d112caeec,2,2,475.80,1861,3.525906849569372e-05,0.983633746747616,SP,2,2,0,0.0,2,4.5
29e6e05b65f93bc224c644319dc52ecf,4,4,475.60,1862,3.524424753373672e-05,0.9836689909951496,MG,4,4,0,0.0,4,4.75
768de2a4fc06aacecb9a586ccc30746a,14,14,475.60,1863,3.524424753373672e-05,0.9837042352426834,DF,14,13,0,0.0,14,4.428571428571429
e1b12447a7563944843191754aeb5562,10,9,472.46,1864,3.501155843101188e-05,0.9837392468011142,SP,8,8,2,0.25,8,4.875
e3dd723429d1b23614b7fa85e2c7a853,8,7,471.05,1865,3.490707064921506e-05,0.9837741538717635,SP,7,7,2,0.2857142857142857,7,3.7142857142857144
2953ce3a88f5e3c3b696d77fc9e4c8eb,15,14,470.00,1866,3.482926059894083e-05,0.9838089831323624,SP,14,14,3,0.21428571428571427,14,4.642857142857143
8fec2e460530482132c436cfb5439925,5,3,468.46,1867,3.471513919187196e-05,0.9838436982715544,SP,3,3,1,0.3333333333333333,3,4.333333333333333
038b75b729c8a9a04b0d07cba7eabe86,2,2,467.00,1868,3.460694616958589e-05,0.983878305217724,SP,2,2,1,0.5,2,3.5
c42fd8e4d47dfb18ce5222f2dd7752f9,11,7,466.99,1869,3.460620512148804e-05,0.9839129114228453,SP,7,7,2,0.2857142857142857,5,3.8
9fc70243fb26800cba56e8f014797004,7,6,466.60,1870,3.45773042456719e-05,0.9839474887270911,MG,6,6,0,0.0,6,4.5
feb793c88d836c3a75efa4b5a3465d70,1,1,466.00,1871,3.453284135980091e-05,0.9839820215684509,SP,1,1,0,0.0,1,5.0
ee2fbacc2fc3794e656cc4d933d59ce7,3,2,464.97,1872,3.445651340572238e-05,0.9840164780818565,SP,2,2,0,0.0,2,4.0
651fe66032c9520ee5587f694908040d,7,7,464.00,1873,3.438463174023095e-05,0.9840508627135968,RS,7,7,0,0.0,7,4.0
40536e7ca18e1bce252828e5876466cc,4,2,463.96,1874,3.4381667547839544e-05,0.9840852443811448,SP,2,0,0,,2,1.0
0a82f5fb06a4fe4ac2cf7cb412ec71b8,2,2,462.00,1875,3.4236422120660985e-05,0.9841194808032654,SP,2,2,0,0.0,2,5.0
cb0b3bcf14e0a709df412a99424a59d7,2,2,460.00,1876,3.408821250109103e-05,0.9841535690157664,SP,2,2,0,0.0,2,4.5
aec99834ab5d38ead22766ada8497e87,1,1,459.00,1877,3.4014107691306044e-05,0.9841875831234578,PR,1,1,0,0.0,1,5.0
8b2d4ab22f42c5cfc338b846decfda60,9,6,458.00,1878,3.394000288152106e-05,0.9842215231263393,PR,6,6,0,0.0,6,4.833333333333333
dd88d13bea9e4c2bf47daf224f8141e5,1,1,458.00,1879,3.394000288152106e-05,0.9842554631292209,RS,1,1,0,0.0,1,5.0
c7dcd301ecfe5ab7f778ac172cf74be7,4,4,457.69,1880,3.391703039048772e-05,0.9842893801596113,MG,4,3,0,0.0,4,2.5
38102b031c2a15e54623d711bfc753d3,11,9,457.00,1881,3.3865898071736086e-05,0.984323246057683,CE,7,6,0,0.0,7,3.857142857142857
e546117ed9cafbc40239c0c78635c584,2,2,456.00,1882,3.3791793261951103e-05,0.984357037850945,SP,2,2,0,0.0,2,4.5
117cfc326c6d50da67ca858ff5c0c852,5,5,454.60,1883,3.368804652825213e-05,0.9843907258974732,RJ,5,5,0,0.0,5,4.6
35857757f553273b1056c1cabdace7fb,6,6,454.60,1884,3.368804652825213e-05,0.9844244139440014,SP,6,6,2,0.3333333333333333,6,4.0
b248792ac0b60ec3f93d80af1b4fae47,9,7,454.50,1885,3.3680636047273636e-05,0.9844580945800486,SP,7,7,1,0.14285714285714285,7,3.857142857142857
7bcd7c5f8631701474db233ccf1c094b,9,9,454.00,1886,3.3643583642381145e-05,0.9844917381636911,SP,9,8,1,0.125,9,4.222222222222222
55029529919c0123526150bd26ca8f20,7,7,453.95,1887,3.3639878401891895e-05,0.9845253780420931,MG,7,7,0,0.0,7,4.714285714285714
fc4751cfe3b279c419615b9b00c1abb4,1,1,453.70,1888,3.362135219944565e-05,0.9845589993942925,PR,1,1,0,0.0,1,5.0
7994b065a7ffb14e71c6312cf87b9de2,7,5,453.00,1889,3.356947883259616e-05,0.9845925688731251,ES,5,5,0,0.0,5,5.0
e5899683388855d3dabe8913bbe365de,3,3,452.88,1890,3.3560586255421966e-05,0.9846261294593806,SP,3,3,0,0.0,3,4.0
b7cc6c5e001441ae8cdd5c69a480cbe4,5,5,452.80,1891,3.355465787063917e-05,0.984659684117251,SC,5,5,0,0.0,5,4.6
777a0c55737f34ffeb78010f7542ab41,6,6,452.50,1892,3.353242642770367e-05,0.9846932165436788,SP,6,6,0,0.0,6,4.333333333333333
eb5b6204dde3a6e03b5f1bb8479f055b,21,19,452.20,1893,3.3510194984768175e-05,0.9847267267386636,SP,19,19,1,0.05263157894736842,19,3.9473684210526314
08f5819815f3d06545011850bd70f0a8,3,3,452.00,1894,3.349537402281118e-05,0.9847602221126864,SP,3,3,0,0.0,3,4.666666666666667
4de6e4ba574aa9dfdc824bc44dc47fdd,14,14,451.10,1895,3.34286796940047e-05,0.9847936507923803,PR,14,14,1,0.07142857142857142,14,4.071428571428571
101a3a003516bc11253298b2fad3cb65,6,5,450.00,1896,3.334716440324122e-05,0.9848269979567836,SP,5,5,0,0.0,5,4.8
968ee78631915a63fef426d6733d7422,2,2,450.00,1897,3.334716440324122e-05,0.9848603451211869,RS,2,2,0,0.0,2,3.0
d90fe2229fee1a5da999ccd0c06c1667,3,3,450.00,1898,3.334716440324122e-05,0.9848936922855901,SP,3,3,0,0.0,3,4.666666666666667
bbaff50f3b708fda865918715276cd87,16,12,449.70,1899,3.3324932960305726e-05,0.9849270172185504,SP,11,11,2,0.18181818181818182,11,4.7272727272727275
a11a0e0ca67423425691db355cff69b0,2,2,448.90,1900,3.326564911247774e-05,0.9849602828676629,SP,2,2,1,0.5,2,5.0
3d0cd21d41671c46f82cd11176bf7277,11,9,447.80,1901,3.318413382171426e-05,0.9849934670014846,SC,8,8,0,0.0,8,4.625
5e106d93b717c2682b9383da480364a1,1,1,445.90,1902,3.30433346831228e-05,0.9850265103361678,PR,1,1,0,0.0,1,5.0
a5bff0f43eb51f0cad7c37fac7244c8a,5,4,445.00,1903,3.2976640354316316e-05,0.9850594869765221,SP,4,4,0,0.0,4,4.75
eebb3372362aa9a46975164bed19a7e7,6,6,443.94,1904,3.289808925594424e-05,0.985092385065778,SP,6,4,2,0.5,5,2.8
d4e4b5192cba4e0e66eb12a9d347239d,12,12,441.80,1905,3.273950496300438e-05,0.9851251245707411,PR,12,11,0,0.0,12,4.166666666666667
f22a247b79dd22ecd91dc8e3b2a1b07c,8,8,439.94,1906,3.2601670016804315e-05,0.9851577262407578,SP,8,8,2,0.25,8,4.0
64c9a1db4e73e19aaafd3286dc448c96,1,1,439.00,1907,3.2532011495606434e-05,0.9851902582522535,PR,1,1,0,0.0,1,5.0
c3251e13f1bbda6c74e37c160f991e19,2,2,437.80,1908,3.244308572386446e-05,0.9852227013379773,SP,2,2,0,0.0,2,5.0
b29d3380981c51df13fc6fbe87e1763d,7,6,435.30,1909,3.225782369940201e-05,0.9852549591616767,SP,6,6,0,0.0,6,3.8333333333333335
98115075dd26cb8835946fc6086f5d30,4,4,434.96,1910,3.223262806407511e-05,0.9852871917897409,SP,4,4,0,0.0,4,4.75
26d6bbee02420494d471c9f6436929c0,13,12,434.51,1911,3.219928089967187e-05,0.9853193910706405,PR,12,12,0,0.0,12,4.666666666666667
c0e6839516f5398edc34adf5f1d53d1a,3,3,432.92,1912,3.2081454252113755e-05,0.9853514725248926,SP,3,1,0,0.0,3,2.6666666666666665
4e480be820e37de1444325ff358c9296,2,1,430.30,1913,3.188729965047711e-05,0.985383359824543,MG,1,1,0,0.0,1,5.0
2c3d56f92f360fb89d849b84e8f50eae,7,7,425.10,1914,3.150195463959521e-05,0.9854148617791826,SP,7,7,2,0.2857142857142857,7,3.4285714285714284
939e6227d6964a11a70aa91243e418f2,4,4,425.00,1915,3.1494544158616706e-05,0.9854463563233412,MG,4,4,0,0.0,4,4.25
a45314082d50d578a4721c9787ce09ab,2,2,424.90,1916,3.148713367763821e-05,0.9854778434570188,SP,2,2,0,0.0,2,5.0
dc50afafdfa325eadc890c7fa42a8f4e,4,4,424.20,1917,3.1435260310788726e-05,0.9855092787173297,PR,4,4,0,0.0,4,4.75
b080809eaacb49e5ca07290981472431,11,11,424.00,1918,3.142043934883173e-05,0.9855406991566785,MG,11,11,0,0.0,11,4.818181818181818
acf974e4d5950ad143a247471b831eb9,12,5,423.80,1919,3.1405618386874735e-05,0.9855721047750653,RS,4,4,0,0.0,3,4.666666666666667
41e0fa5761c886a630994a55c12087e7,5,5,423.60,1920,3.139079742491774e-05,0.9856034955724903,SP,5,5,0,0.0,5,5.0
7c1fea10b5b006671d608b1d7c446ec4,14,14,423.60,1921,3.139079742491774e-05,0.9856348863699153,SP,12,12,1,0.08333333333333333,12,4.0
5dc203c7b84a0e71e878a179de05fb9a,5,5,421.90,1922,3.1264819248283264e-05,0.9856661511891635,SP,5,5,0,0.0,5,4.0
c714262700f93defc16bf17a51a4cb23,4,4,421.80,1923,3.125740876730477e-05,0.9856974085979308,SP,3,3,0,0.0,3,4.666666666666667
9d5604a1f112324ad6b2aa552122e0fb,17,13,421.50,1924,3.1235177324369274e-05,0.9857286437752552,SP,13,13,0,0.0,13,3.5384615384615383
cc80e2f693fa6e2408f47ccf62413fc1,2,2,420.00,1925,3.112402010969181e-05,0.9857597677953649,PR,2,2,0,0.0,2,4.0
189ca3538ce9f920cacf0f982cbe223b,5,4,419.00,1926,3.1049915299906825e-05,0.9857908177106648,SP,4,4,0,0.0,4,4.25
6d7f8d9d594e28796b6b3205b00f459c,3,3,417.90,1927,3.096840000914335e-05,0.985821786110674,PR,3,3,0,0.0,3,3.6666666666666665
7b7f91e98f8c6def45a1407923304402,14,11,417.47,1928,3.093653494093581e-05,0.985852722645615,SP,11,11,1,0.09090909090909091,11,4.181818181818182
b64d51f0435e884e8de603b1655155ae,23,17,416.18,1929,3.084093973631318e-05,0.9858835635853512,SP,16,16,3,0.1875,16,4.4375
f650a9708fa1bab22bdd8d3a818cc415,4,4,416.04,1930,3.083056506294328e-05,0.985914394150414,SC,4,4,0,0.0,4,4.0
a53f60f05f822b5c621a50ff6a5cb362,6,4,415.40,1931,3.078313798468089e-05,0.9859451772883988,MG,4,4,0,0.0,3,3.6666666666666665
34a557286ead8fe75c989e0afcf7d98c,4,4,414.90,1932,3.074608557978841e-05,0.9859759233739787,SP,4,4,0,0.0,4,4.75
35fb511489d9ee3ee27a76debce9df06,7,7,414.50,1933,3.071644365587442e-05,0.9860066398176345,PR,7,7,1,0.14285714285714285,7,3.5714285714285716
ff1e15b778c700abdd4d239b81ac466d,7,7,414.30,1934,3.070162269391742e-05,0.9860373414403283,PR,7,7,0,0.0,7,4.571428571428571
bd149ed516d4c5d418d5781f8e18919f,9,8,414.00,1935,3.0679391250981925e-05,0.9860680208315793,SP,8,8,0,0.0,8,4.875
acb6c2ca5c82411c1fdb88d5fd5eb95e,11,10,413.88,1936,3.067049867380773e-05,0.9860986913302532,SP,10,10,0,0.0,10,3.9
042573af89b6d931f672efaf789d8358,3,3,413.48,1937,3.064085674989374e-05,0.986129332187003,SP,3,3,1,0.3333333333333333,3,3.6666666666666665
ead2bab70821ea148476ae9bc08548ac,9,9,412.10,1938,3.053859211239046e-05,0.9861598707791155,MG,6,6,0,0.0,6,5.0
a35124e2d763d7ca3fbe3b97d143200f,7,4,411.50,1939,3.0494129226519473e-05,0.986190364908342,SP,4,4,0,0.0,4,4.75
86ff3eaef0267069cc891a2ed9d10a17,7,7,409.75,1940,3.0364445809395756e-05,0.9862207293541514,SC,7,7,0,0.0,7,4.714285714285714
5275ca25d0358ca73864e0ae41be1320,4,4,409.60,1941,3.0353330087928012e-05,0.9862510826842392,SP,4,4,2,0.5,4,4.75
f4ce8ca9fa7157e3b33f536ac9a4487d,4,4,409.60,1942,3.0353330087928012e-05,0.9862814360143272,SP,4,4,0,0.0,4,4.75
c3f5668699a1b04c0fa61ecea1e2bff6,3,3,407.81,1943,3.0220682478412893e-05,0.9863116566968056,PR,3,3,0,0.0,3,5.0
20a8b0dc55da94fe74d112082427c84f,7,7,407.40,1944,3.019029950640105e-05,0.986341846996312,SP,7,7,1,0.14285714285714285,7,4.285714285714286
89bc797e2e29667aa035d4368f9b7f92,20,17,407.30,1945,3.0182889025422554e-05,0.9863720298853373,SP,17,16,3,0.1875,17,3.7058823529411766
6b803197e03abd5056b4313306b4f29d,12,7,407.00,1946,3.016065758248706e-05,0.9864021905429199,SP,6,6,0,0.0,6,5.0
4a23adac87cf538689fa600d976f78b2,3,3,405.00,1947,3.00124479629171e-05,0.9864322029908827,SP,3,3,0,0.0,3,4.333333333333333
179d859f51292aac5c10806a356f7af9,19,18,404.47,1948,2.997317241373106e-05,0.9864621761632966,SP,18,18,3,0.16666666666666666,18,4.388888888888889
ed9eef5be0992d413d251fadba1a410d,9,3,404.10,1949,2.9945753634110618e-05,0.9864921219169307,SP,3,3,0,0.0,3,4.666666666666667
5563732abe64c3036cb97ad924128dd1,3,2,404.00,1950,2.9938343153132117e-05,0.9865220602600838,SP,2,2,0,0.0,2,4.5
0ddefe3c7a032b91f4e25b9c3a08fca1,10,9,402.90,1951,2.9856827862368637e-05,0.9865519170879462,SP,9,9,0,0.0,9,4.555555555555555
29fe9f200d3fa0c668d2aa1ec7e08dfb,5,5,400.00,1952,2.9641923913992197e-05,0.9865815590118602,SC,5,5,0,0.0,5,4.0
ceb7b4fb9401cd378de7886317ad1b47,1,1,399.90,1953,2.9634513433013696e-05,0.9866111935252933,RJ,1,0,0,,1,3.0
d7485b33791774c36108f8c69602d48d,10,10,399.82,1954,2.9628585048230898e-05,0.9866408221103414,PR,9,9,1,0.1111111111111111,9,4.0
62d977e2b2aee830de3e039a28490d12,2,2,399.80,1955,2.9627102952035202e-05,0.9866704492132934,PR,2,0,0,,2,1.0
63ffcb71394dd8ea3872ed9ffda17c74,17,17,399.00,1956,2.9567819104207215e-05,0.9867000170323976,RJ,17,17,1,0.058823529411764705,17,3.176470588235294
d263fa444c1504a75cbca5cc465f592a,1,1,399.00,1957,2.9567819104207215e-05,0.9867295848515019,SP,1,1,0,0.0,1,5.0
fadb07c842a2aef5d5a676b85f220e71,7,7,398.75,1958,2.9549292901760972e-05,0.9867591341444036,SP,7,7,0,0.0,7,4.714285714285714
73da1880b39c71de2b262bc7720c1494,2,2,398.00,1959,2.9493714294422236e-05,0.986788627858698,SP,2,2,0,0.0,2,5.0
48e954b2da4f6a750c844173b347ed40,6,2,397.80,1960,2.947889333246524e-05,0.9868181067520305,RS,2,2,0,0.0,2,4.5
c52c644cc0dc85121207a27013efc6af,2,1,397.80,1961,2.947889333246524e-05,0.9868475856453629,MG,1,1,0,0.0,1,5.0
12a8eb0f8d1cd3270695bf2a99f55966,2,2,397.00,1962,2.9419609484637256e-05,0.9868770052548476,SP,2,2,1,0.5,2,3.5
62760d278921b5f352461620d68a9cee,3,3,397.00,1963,2.9419609484637256e-05,0.9869064248643322,SP,3,3,1,0.3333333333333333,3,3.6666666666666665
41b14765bd56c8ad10971074380f9c0c,10,8,395.50,1964,2.9308452269959786e-05,0.9869357333166021,SP,8,8,0,0.0,8,4.625
9b76ad3d04236f76bc71c59470305e13,3,2,394.70,1965,2.92491684221318e-05,0.9869649824850244,SP,2,2,0,0.0,2,5.0
0249d282d911d23cb8b869ab49c99f53,11,11,393.00,1966,2.9123190245497333e-05,0.9869941056752699,SP,10,10,2,0.2,10,4.5
a2fa0bdc798ee84cdb08281337cf4fb6,13,10,392.75,1967,2.9104664043051087e-05,0.987023210339313,SC,10,8,0,0.0,10,4.0
bc30de0d71bd6260b936a026b5cf7200,3,3,392.37,1968,2.9076504215332797e-05,0.9870522868435282,SP,3,3,0,0.0,3,4.666666666666667
59cd88080b93f3c18508673122d26169,12,10,392.33,1969,2.9073540022941394e-05,0.9870813603835511,SP,10,10,2,0.2,10,4.7
fe4cd9461203cee790d36792420b310f,3,3,391.15,1970,2.8986096347395116e-05,0.9871103464798986,MG,3,3,0,0.0,3,4.0
c13ef0cfbe42f190780f621ce81f2234,1,1,390.00,1971,2.8900875816142392e-05,0.9871392473557147,SP,1,1,1,1.0,1,3.0
8936ba0de1073ee888cb3185ae5dc661,1,1,389.99,1972,2.8900134768044544e-05,0.9871681474904828,SP,1,1,0,0.0,1,5.0
4049512728d969bec69f84088b012416,9,7,389.84,1973,2.8889019046576793e-05,0.9871970365095294,MG,7,7,0,0.0,7,5.0
ea00f977a203ff88adf7057cb7806998,19,19,389.72,1974,2.88801264694026e-05,0.9872259166359988,SP,19,18,2,0.1111111111111111,19,4.105263157894737
0fe2d9733ed841eb064503920015a8c0,3,3,389.64,1975,2.8874198084619798e-05,0.9872547908340833,SP,3,3,0,0.0,3,4.666666666666667
a7ecf689b40a44361e259b28939023e4,1,1,389.00,1976,2.882677100635741e-05,0.9872836176050896,ES,1,1,0,0.0,1,5.0
c1849d4d32d7a6cecd5aa471809d3135,3,3,388.98,1977,2.8825288910161714e-05,0.9873124428939999,SP,3,3,0,0.0,3,4.333333333333333
2009a095de2a2a41626f6c6d7722678d,12,8,388.89,1978,2.881861947728106e-05,0.9873412615134772,SP,7,7,0,0.0,7,4.285714285714286
b98b715fe9e276204e2a3464f48cd796,4,4,388.60,1979,2.879712908244342e-05,0.9873700586425596,SP,4,4,1,0.25,4,4.0
78ef7e885d17f35e2382a47aae8b8cce,3,3,388.00,1980,2.875266619657243e-05,0.9873988113087562,RS,3,3,0,0.0,3,4.666666666666667
e4fc40017a6d22c46a14ac2e17f87c3e,3,3,387.00,1981,2.867856138678745e-05,0.987427489870143,PR,3,1,0,0.0,3,2.3333333333333335
94d76e96eedd976258cd3278ce56d5f2,1,1,385.61,1982,2.8575555701186327e-05,0.9874560654258441,SP,1,1,0,0.0,1,5.0
559d56f3b8f0bc2e5a9a62fe2ce2a39f,2,2,385.00,1983,2.853035176721749e-05,0.9874845957776113,SC,2,2,1,0.5,2,2.5
79565f7d5603b24ddf07ade262547f2f,8,8,385.00,1984,2.853035176721749e-05,0.9875131261293786,SP,8,7,2,0.2857142857142857,8,4.0
a21c11ec5c3f03e7cc9f9203bff9e1c6,4,3,385.00,1985,2.853035176721749e-05,0.9875416564811458,SP,3,3,0,0.0,3,3.6666666666666665
a080fc8a850289b27500f6b49cca2553,4,4,383.00,1986,2.8382142147647528e-05,0.9875700386232934,SP,4,4,0,0.0,4,4.75
ab27bbbad5239bc31a34709275a70db4,11,3,382.90,1987,2.8374731666669027e-05,0.9875984133549601,SP,3,3,0,0.0,3,5.0
933446e9a59dece7ae9175103820ca8f,3,2,381.39,1988,2.826283340389371e-05,0.9876266761883641,PR,2,1,0,0.0,2,3.0
9853a239ab7b7ebbdc3a21248d5b8e1f,5,5,381.00,1989,2.8233932528077566e-05,0.9876549101208921,PR,5,4,1,0.25,5,3.8
1967a9e2ad6f51802b093147d861df58,2,2,380.00,1990,2.8159827718292587e-05,0.9876830699486104,SP,2,0,0,,2,1.0
f7315bb81aea4ddca2d39e249a801c98,2,2,379.80,1991,2.8145006756335592e-05,0.9877112149553666,SP,2,2,1,0.5,2,4.5
f5b44895715ddfe3087dc414f30268f3,19,19,378.80,1992,2.807090194655061e-05,0.9877392858573133,SP,19,19,1,0.05263157894736842,19,4.0
bd15ee794d5e640d9dd71b665b2ab15b,12,12,374.80,1993,2.777448270741069e-05,0.9877670603400207,SP,11,11,2,0.18181818181818182,11,4.0
c24173065483e421f9e5e7f599de101d,9,9,373.91,1994,2.7708529426702056e-05,0.9877947688694475,SP,9,9,1,0.1111111111111111,9,3.5555555555555554
404e1ba01358af4cd63f679b2c4d1fa1,12,8,373.90,1995,2.7707788378604205e-05,0.987822476657826,MG,8,8,0,0.0,8,5.0
101921376b577a4540dc30e9009133ca,1,1,373.00,1996,2.7641094049797723e-05,0.9878501177518757,SP,1,0,0,,1,2.0
08084d990eb3f53af056ccbc1730c8a7,12,12,372.50,1997,2.7604041644905232e-05,0.9878777217935206,SP,11,11,0,0.0,10,4.4
6d988d6174a2c27441597174f8905515,23,19,371.73,1998,2.75469809413708e-05,0.987905268774462,PR,18,18,2,0.1111111111111111,18,4.055555555555555
0bfd0b434243adc5c2e1aa6baf19c6aa,6,6,371.20,1999,2.7507705392184757e-05,0.9879327764798542,RJ,5,5,0,0.0,5,4.0
70125af26c2d6d4ef401a1d02ae7701f,8,5,371.20,2000,2.7507705392184757e-05,0.9879602841852464,GO,5,5,2,0.4,5,4.6
4dbd95a08b31ede5c82d3f861cb1ce1a,4,4,370.78,2001,2.7476581372075063e-05,0.9879877607666184,PR,4,4,0,0.0,4,4.75
0f0c984a4a955310903b6b6008660bad,4,4,369.81,2002,2.7404699706583635e-05,0.9880151654663251,SP,4,4,1,0.25,4,3.75
131fcb0a0c9a47bba4474aacff0f14b7,4,4,369.80,2003,2.7403958658485787e-05,0.9880425694249836,SP,4,4,0,0.0,4,4.0
916748bc99315c2d202898ae58b1617e,32,25,369.40,2004,2.737431673457179e-05,0.9880699437417181,SP,25,25,0,0.0,25,4.28
63191ead8d3b2f937cd1996fdcbbad20,1,1,367.00,2005,2.719646519108784e-05,0.9880971402069092,SP,1,1,0,0.0,1,5.0
ce616e1913288884e7742faac9d981db,24,15,365.10,2006,2.7055666052496377e-05,0.9881241958729617,SP,14,13,1,0.07692307692307693,14,4.571428571428571
499ec63c58e51296c9cf57edcfe1c8a8,5,5,365.00,2007,2.704825557151788e-05,0.9881512441285333,SP,5,5,0,0.0,5,4.8
f12d3c2a14729ae461b920c11fe20fdc,11,9,364.45,2008,2.7007497926136138e-05,0.9881782516264594,SP,9,9,0,0.0,9,4.444444444444445
4e85b538b0dad58852641540686d0e14,4,4,361.98,2009,2.682445904596724e-05,0.9882050760855053,SP,3,3,2,0.6666666666666666,3,4.0
35ef5aa32949680f627efec3c23e705c,5,4,361.60,2010,2.679629921824895e-05,0.9882318723847237,SC,3,3,0,0.0,3,4.666666666666667
a435b009cd956ea60748b5cfbddf2e24,3,3,361.18,2011,2.6765175198139256e-05,0.9882586375599217,SP,3,3,2,0.6666666666666666,3,4.333333333333333
76de363de16dacc923eec8daf91df504,2,2,360.00,2012,2.6677731522592977e-05,0.9882853152914444,SC,2,2,0,0.0,2,2.5
b56828a9f9027f3c918c04ca720d9e3c,3,3,360.00,2013,2.6677731522592977e-05,0.9883119930229669,SP,3,3,1,0.3333333333333333,3,2.6666666666666665
fa14641f57b655e933124a9ea49cd7a5,7,7,359.93,2014,2.6672544185908027e-05,0.9883386655671528,SP,7,7,0,0.0,7,4.571428571428571
03bd479e1d9484cdb14104d3023f7321,3,3,359.70,2015,2.665550007965748e-05,0.9883653210672325,MG,2,2,1,0.5,2,5.0
184725737946a1a938bbbd1a9e978103,3,3,359.70,2016,2.665550007965748e-05,0.9883919765673121,SP,3,3,0,0.0,3,4.666666666666667
1e8c6a4c538f286aee9573239740a4b4,5,5,359.70,2017,2.665550007965748e-05,0.9884186320673918,SP,4,4,0,0.0,4,4.25
51209b446b2073894bdc0face6c73ffc,4,2,359.60,2018,2.6648089598678987e-05,0.9884452801569905,ES,2,2,0,0.0,1,4.0
3076499bbc033a927bf4a8a41bcf7fd4,9,7,359.33,2019,2.662808130003704e-05,0.9884719082382906,SP,6,6,0,0.0,6,4.166666666666667
173d56ffbd4c56cb80fc3615487d712b,2,2,358.00,2020,2.6529521903023016e-05,0.9884984377601936,SP,2,2,0,0.0,2,5.0
f44bdc12aa39f5271f0b95f66cd4c289,7,5,357.50,2021,2.6492469498130525e-05,0.9885249302296918,SP,3,3,1,0.3333333333333333,3,4.333333333333333
9dd59e43f0c9f0553244e8f9c2fb247e,10,10,356.30,2022,2.640354372638855e-05,0.9885513337734181,PR,10,10,1,0.1,10,4.8
24c1de8d9551c0b4fbc53317d53efda8,1,1,355.00,2023,2.6307207473668075e-05,0.9885776409808917,PB,1,1,0,0.0,1,5.0
761681a821d8275bc79f552116d06869,3,3,354.92,2024,2.6301279088885277e-05,0.9886039422599806,SP,3,3,0,0.0,3,5.0
8fd3b4468f6425810648177996c14cbd,1,1,354.90,2025,2.6299796992689574e-05,0.9886302420569733,SP,1,1,0,0.0,1,5.0
9b00cad94ef3078faf6fba2e792c158f,1,1,354.90,2026,2.6299796992689574e-05,0.988656541853966,MG,1,1,0,0.0,1,5.0
b88e7c57cb2d8b973b7dd4a2bfa14b36,4,4,353.90,2027,2.6225692182904595e-05,0.9886827675461489,PR,4,4,0,0.0,4,4.25
de66a66f2dd06bb9ec37aa96987466a3,8,7,353.32,2028,2.6182711393229306e-05,0.988708950257542,RJ,7,7,0,0.0,7,4.142857142857143
b67d6c666e8dce1d078c882825e12704,8,7,352.84,2029,2.6147141084532514e-05,0.9887350973986267,SP,7,7,0,0.0,7,4.857142857142857
cbbd5ae8f53de5f5097cd8217b529e24,2,2,351.80,2030,2.607007208235614e-05,0.988761167470709,SP,2,1,0,0.0,2,2.5
52092ddbd3a58c450a4459bf051b2287,6,6,351.70,2031,2.6062661601377638e-05,0.9887872301323105,SP,4,4,0,0.0,4,5.0
e53d5b9b29d1218281f4a907ada18626,5,4,350.67,2032,2.598633364729911e-05,0.9888132164659578,PR,2,2,0,0.0,2,4.5
97e4a63591ca439a2b8b7efd20e6e19e,5,5,349.95,2033,2.5932978184253922e-05,0.988839149444142,RJ,5,5,0,0.0,5,4.4
52bb00821bcdd358a5a5a27e1f6be5a1,2,2,349.80,2034,2.5921862462786177e-05,0.9888650713066048,SP,2,2,0,0.0,2,4.5
079d295dcbf06ee8bb1b65ba964eb2b6,10,5,349.30,2035,2.5884810057893686e-05,0.9888909561166626,SP,5,5,0,0.0,5,4.6
27a56ff04b34c2ba34ce6ba4d3b9d616,8,8,349.29,2036,2.5884069009795838e-05,0.9889168401856725,SP,8,8,1,0.125,8,4.125
5c603ffb38cbbf25a0e0698941324143,2,2,348.80,2037,2.5847757653001195e-05,0.9889426879433254,MG,2,0,0,,2,1.0
249f0e9905a6e06ad6c6bea7547ab9f6,3,3,347.95,2038,2.578476856468396e-05,0.9889684727118901,RJ,2,2,0,0.0,2,5.0
0747d5bb69f0586cc869d8af4c50f93e,15,14,346.60,2039,2.568472707147424e-05,0.9889941574389616,RJ,14,12,1,0.08333333333333333,14,3.357142857142857
918717417d88a9f9ae9735567e6c7682,4,4,345.70,2040,2.5618032742667756e-05,0.9890197754717042,SP,4,4,0,0.0,4,5.0
48efc9d94a9834137efd9ea76b065a38,34,33,345.60,2041,2.561062226168926e-05,0.9890453860939659,PR,33,33,0,0.0,33,5.0
38af8acfd46ac4a7bf754e8ca6736664,5,5,345.00,2042,2.556615937581827e-05,0.9890709522533417,SP,5,5,0,0.0,5,4.8
a37c340b91cb0169e8b029db6440fba2,5,5,345.00,2043,2.556615937581827e-05,0.9890965184127175,SP,5,5,0,0.0,5,4.8
26b482dccfa29bd2e40703ba45523702,4,3,344.78,2044,2.5549856317665572e-05,0.9891220682690353,SP,3,3,0,0.0,3,5.0
3985a3c45be355a4c57fde108bfabd1c,8,7,344.20,2045,2.5506875527990283e-05,0.9891475751445632,RS,7,7,0,0.0,7,4.0
7957cac1a02f45d0a4a7e45626382ec2,1,1,343.00,2046,2.541794975624831e-05,0.9891729930943195,PR,1,1,0,0.0,1,4.0
2a73cba571d90c694b7caca072ccf6ce,2,1,342.78,2047,2.540164669809561e-05,0.9891983947410177,SP,1,1,1,1.0,1,5.0
b9ec22de23f18567de0e09d776ca0309,2,2,341.98,2048,2.534236285026763e-05,0.9892237371038678,DF,2,2,0,0.0,2,5.0
89de2d6f23e9746ff309705b23581faa,8,8,340.00,2049,2.5195635326893368e-05,0.9892489327391947,PR,8,8,0,0.0,7,2.7142857142857144
ae8bfdbf1c2a2a2dee92d799db0a31c6,8,8,339.92,2050,2.518970694211057e-05,0.9892741224461368,PR,8,8,0,0.0,8,4.125
5ca5d579b5857ee8709479b1047cecc3,2,2,339.89,2051,2.518748379781702e-05,0.9892993099299346,SP,2,1,1,1.0,2,1.0
a2e85714b56b1cb6bb24a9a6e6cad36f,3,2,339.70,2052,2.517340388395787e-05,0.9893244833338186,SP,2,0,0,,2,1.0
2f4b0d3b9634b647d4edee577d7ebb7e,11,10,337.90,2053,2.5040015226344905e-05,0.9893495233490449,SP,10,10,0,0.0,10,4.9
e627629ba868740e287800f1a9be81c2,11,11,337.10,2054,2.4980731378516924e-05,0.9893745040804234,SP,10,10,0,0.0,10,4.9
0743a0239d764b9a0f959a57d07e36ab,4,4,336.96,2055,2.4970356705147024e-05,0.9893994744371286,SP,4,4,0,0.0,4,4.75
4e42581f08e8cfc7c090f930bac4552a,4,3,336.00,2056,2.4899216087753444e-05,0.9894243736532163,SP,3,1,1,1.0,3,1.0
333c4210e76a1aa2ab817b99437e3ff1,2,2,335.00,2057,2.4825111277968465e-05,0.9894491987644943,SP,2,2,0,0.0,2,5.0
a64e44665225d19dfc0277eeeaaccc57,6,6,335.00,2058,2.4825111277968465e-05,0.9894740238757723,SP,5,5,1,0.2,5,5.0
c8660dcf9ba70575f45d80fe28c27713,7,4,335.00,2059,2.4825111277968465e-05,0.9894988489870503,SP,4,4,1,0.25,4,4.5
2c538755f1ca9540af144f266e70df6c,1,1,334.99,2060,2.4824370229870617e-05,0.9895236733572802,MG,1,1,0,0.0,1,5.0
61b18775be84fb700a6b2d0ba097bf66,5,4,334.50,2061,2.4788058873075974e-05,0.9895484614161533,SP,4,4,0,0.0,4,4.75
7c4618c82226628831613e95e9c22f44,13,13,333.93,2062,2.4745819131498536e-05,0.9895732072352847,SP,12,12,2,0.16666666666666666,12,4.25
c113b8df1fc375bc3d73d29c1b1144d1,5,3,333.00,2063,2.4676901658398503e-05,0.9895978841369432,SP,3,3,0,0.0,3,4.333333333333333
d7b2377bae6ace1b11fc69a11900ac36,4,4,329.60,2064,2.4424945305129572e-05,0.9896223090822482,SP,4,3,1,0.3333333333333333,4,3.25
09883d9ab71c8fe8a9bfc7fc3075b07e,5,5,329.50,2065,2.441753482415107e-05,0.9896467266170724,SP,5,4,1,0.25,5,3.4
d36b07fd3c5088e477a72d1fccfe29d4,1,1,328.90,2066,2.4373071938280083e-05,0.9896710996890107,SP,1,1,0,0.0,1,5.0
f18112da765e0971ca5d510dec322bdd,2,2,327.80,2067,2.4291556647516606e-05,0.9896953912456583,SC,2,2,0,0.0,2,4.0
4b98b0428fc1932cc2514ef9ce2505e6,2,2,327.63,2068,2.4278958829853158e-05,0.989719670204488,SP,2,2,1,0.5,2,2.0
6c1b6d0c604b776f844125f911eb7377,4,4,327.07,2069,2.423746013637357e-05,0.9897439076646244,SP,4,4,0,0.0,4,4.0
08d0949a9a17c027262db1f3c450c26c,12,12,324.80,2070,2.4069242218161665e-05,0.9897679769068427,PR,10,10,0,0.0,10,4.0
6bd503a8230299c9316fb0f726933927,5,4,324.29,2071,2.4031448765171326e-05,0.9897920083556078,GO,4,4,1,0.25,4,4.75
7dea6f73af847b42cc3985bd620f994d,2,2,324.00,2072,2.4009958370333678e-05,0.9898160183139781,PR,2,2,0,0.0,2,4.0
92d14edfb62ee5ae7fdff70b0f4e7233,13,8,322.00,2073,2.386174875076372e-05,0.9898398800627288,SP,6,6,0,0.0,6,3.8333333333333335
a81466620e46a6970b22ef40379fdfc9,2,2,321.80,2074,2.3846927788806724e-05,0.9898637269905177,SC,2,2,0,0.0,2,5.0
7b7ed56ae755e2880f2b69632e839c1e,5,5,321.50,2075,2.3824696345871228e-05,0.9898875516868636,GO,5,5,1,0.2,5,4.2
d149de2f383552baea37a7198c2296ce,3,3,320.70,2076,2.3765412498043244e-05,0.9899113170993615,SP,3,3,0,0.0,3,5.0
d2f3e277560ed4c6361284429b00f037,7,7,320.55,2077,2.3754296776575496e-05,0.9899350713961382,SP,5,5,0,0.0,5,4.6
4f40d2ed38d1cc945364a7cd202a82c7,1,1,319.90,2078,2.3706128650215257e-05,0.9899587775247884,SP,1,0,0,,1,1.0
eb9267cccc90f1b49c8d2f9887c7dd97,1,1,319.90,2079,2.3706128650215257e-05,0.9899824836534385,PE,1,1,0,0.0,1,5.0
883dd81e82754ac2c65e9790a7db8c9a,5,5,319.50,2080,2.3676486726301266e-05,0.9900061601401648,PR,4,4,0,0.0,4,5.0
c611f4ce9ce875bcc063fa97fd4d7d12,1,1,319.00,2081,2.3639434321408775e-05,0.9900297995744862,SP,1,1,1,1.0,1,4.0
1e9d5a33694bddb76316fd1f54734d20,2,2,318.00,2082,2.3565329511623796e-05,0.9900533649039979,MT,2,2,0,0.0,2,4.5
57d2ba47f7a3209aa347532ae75c1165,2,2,318.00,2083,2.3565329511623796e-05,0.9900769302335095,SC,2,2,0,0.0,2,4.0
2d22fc3089eb907b29ebff50581fb472,3,3,317.70,2084,2.35430980686883e-05,0.9901004733315782,RJ,3,3,0,0.0,3,3.6666666666666665
ea4e9ce63a2134743b4a92777437fcdd,4,3,316.60,2085,2.3461582777924827e-05,0.9901239349143561,SC,3,3,0,0.0,3,4.666666666666667
9cf787a239c1aa29dbd76f153dc13f9a,4,4,316.00,2086,2.3417119892053834e-05,0.9901473520342482,SP,4,4,0,0.0,4,4.75
cf1313c6e2c01c2f4b014f97db4bcd2b,5,5,315.70,2087,2.339488844911834e-05,0.9901707469226974,RJ,5,5,1,0.2,5,5.0
3b18f9856c6eb2413eafedb58e9eecd9,1,1,315.00,2088,2.3343015082268855e-05,0.9901940899377796,SP,1,1,0,0.0,1,5.0
12c2ed9cded6138cf0c75f525f565fc7,4,4,314.96,2089,2.3340050889877453e-05,0.9902174299886695,SP,3,3,2,0.6666666666666666,3,4.333333333333333
da20530872245d6cd9d2f5725613c430,3,2,314.96,2090,2.3340050889877453e-05,0.9902407700395593,RS,2,2,0,0.0,2,4.5
9ac4f14370b1e24ddc58be041b7f99df,5,5,314.51,2091,2.3306703725474212e-05,0.9902640767432848,GO,5,5,0,0.0,5,4.4
8c9348f33ae3dada25c99c99ade2af78,2,2,312.99,2092,2.3194064414601046e-05,0.9902872708076994,SP,2,2,0,0.0,2,5.0
5f0057b677eb963672bf05dfa3f16c34,5,5,312.88,2093,2.3185912885524697e-05,0.9903104567205849,SP,5,4,0,0.0,5,4.2
3afc536624bc2e65bddfb5db33cc01f3,6,6,312.00,2094,2.3120700652913914e-05,0.9903335774212378,MG,6,6,1,0.16666666666666666,6,3.5
6ee85be3693ed79a8e80718743d80655,8,8,312.00,2095,2.3120700652913914e-05,0.9903566981218908,SP,8,5,2,0.4,8,2.5
1acde099eb406aa220b1169b188b42da,10,9,311.10,2096,2.3054006324107433e-05,0.9903797521282149,SP,9,9,0,0.0,9,4.222222222222222
df47da4ae86fa4db890d05aaf24e21d8,5,5,310.50,2097,2.3009543438236444e-05,0.9904027616716531,SP,5,5,0,0.0,5,4.2
ad87df7699e83b8a91822a4a0b765c3a,6,5,309.90,2098,2.2965080552365452e-05,0.9904257267522055,SP,5,5,0,0.0,5,4.0
ba89796db68db180bd389de96b2ff3b6,2,2,309.80,2099,2.2957670071386958e-05,0.990448684422277,SP,2,2,0,0.0,2,5.0
0cab2da43793a6f3c5ed8514c5f54627,3,3,309.70,2100,2.2950259590408457e-05,0.9904716346818673,PR,3,3,0,0.0,3,5.0
ebd1417732defaf66c50b5a800eb293e,1,1,309.00,2101,2.289838622355897e-05,0.9904945330680909,PR,1,1,0,0.0,1,5.0
152ee17e4c8aaf53dac99f3462e4999b,6,6,308.96,2102,2.289542203116757e-05,0.9905174284901219,SC,6,6,0,0.0,6,4.333333333333333
1b45169b635ef59425637e9a33eb5fb3,8,7,308.90,2103,2.2890975742580473e-05,0.9905403194658646,PR,7,7,0,0.0,7,4.571428571428571
dbbcfe2c8d026742134ac3e28ccde274,4,4,308.59,2104,2.286800325154713e-05,0.9905631874691161,PR,4,4,0,0.0,4,4.0
8fff28c4263ddec387f28d237fb42773,5,3,308.50,2105,2.2861333818666482e-05,0.9905860488029348,SP,3,2,0,0.0,3,3.6666666666666665
b127efdabeffb5d559349c7b172eb75d,10,10,308.50,2106,2.2861333818666482e-05,0.9906089101367535,SP,6,6,1,0.16666666666666666,6,4.666666666666667
85cc55e048b6bcc90c75afe7f0e72f72,9,9,308.28,2107,2.2845030760513784e-05,0.990631755167514,RJ,9,9,2,0.2222222222222222,9,4.444444444444445
a7a9b880c49781da66651ccf4ba9ac38,4,3,307.60,2108,2.279463948986e-05,0.9906545498070038,SP,3,3,0,0.0,3,3.6666666666666665
9c3c24eca51c52b91c1de727d2a2ae06,6,6,307.50,2109,2.27872290088815e-05,0.9906773370360128,RS,5,5,0,0.0,5,4.4
48bad451945f5227341793478d6353ea,3,3,307.00,2110,2.2750176603989012e-05,0.9907000872126167,SP,3,3,1,0.3333333333333333,3,4.0
e94b64dc6979b302a5a5be1662c83bb6,2,2,306.89,2111,2.2742025074912663e-05,0.9907228292376917,SP,2,2,0,0.0,2,5.0
bc39d8938f90a3a2b98193723ed59774,2,2,306.80,2112,2.2735355642032017e-05,0.9907455645933336,SP,2,2,0,0.0,1,4.0
6d2f2e3b539480db1e0842b3a4e32e6e,6,3,305.96,2113,2.267310760181263e-05,0.9907682377009356,SP,3,3,0,0.0,3,3.6666666666666665
085f6f7e049c996695fb2074fe38d45e,8,6,305.40,2114,2.263160890833304e-05,0.9907908693098437,SP,6,6,0,0.0,6,4.0
c76d418370990614e89e956c7a7567d9,2,2,305.24,2115,2.2619752138767445e-05,0.9908134890619825,SP,2,2,0,0.0,2,3.5
51f108f62cb87d61918159902c8f8583,3,3,303.73,2116,2.2507853875992126e-05,0.9908359969158586,PR,3,3,0,0.0,3,4.333333333333333
3d01d1c414c44b5943a09619ff3853cb,4,4,303.60,2117,2.2498220250720078e-05,0.9908584951361092,SP,4,4,0,0.0,4,4.5
ad75519a07f039025e83795a4418470f,9,3,302.10,2118,2.2387063036042607e-05,0.9908808821991454,GO,3,3,0,0.0,3,3.6666666666666665
a3082f442524a1be452e3189e003b361,4,3,301.60,2119,2.235001063115012e-05,0.9909032322097765,SP,3,3,0,0.0,3,4.333333333333333
2b3b9ce054da76a7428df143a567b156,6,5,301.00,2120,2.2305547745279127e-05,0.9909255377575218,SP,3,3,0,0.0,3,4.333333333333333
3dc69bf2c42f0568a5c4791ec3fd3745,2,2,300.00,2121,2.2231442935494148e-05,0.9909477692004574,SP,2,1,0,0.0,2,4.0
3a3e46d10f74d8a6ca76e2b538f106a0,5,2,299.90,2122,2.2224032454515647e-05,0.9909699932329119,SP,2,2,1,0.5,2,4.5
2b402d5dc42554061f8ea98d1916f148,1,1,299.89,2123,2.22232914064178e-05,0.9909922165243181,BA,1,1,0,0.0,1,5.0
69a43819c758c65a5befb0b471c954d7,3,2,299.85,2124,2.2220327214026403e-05,0.9910144368515321,PR,2,2,0,0.0,2,4.0
3606774ec64634822d78dc2db6d37045,2,2,299.80,2125,2.2216621973537153e-05,0.9910366534735058,SP,2,1,0,0.0,2,3.0
ea3ebea5317b0efbc663ecc8ce5e9bc2,3,3,299.70,2126,2.2209211492558652e-05,0.9910588626849983,SC,3,3,0,0.0,3,4.0
6d1b9c9579132c87d2703ec38c30f2c5,4,4,299.69,2127,2.2208470444460804e-05,0.9910810711554429,PR,4,4,0,0.0,4,4.5
7fe21dd00d2f4943ae09525efa2fd674,4,4,299.60,2128,2.2201801011580158e-05,0.9911032729564544,RJ,4,2,0,0.0,4,3.0
71593c7413973a1e160057b80d4958f6,5,2,299.50,2129,2.2194390530601657e-05,0.991125467346985,SP,2,2,0,0.0,2,3.0
b76f4d90e85657a240495c876313adc5,1,1,299.00,2130,2.2157338125709165e-05,0.9911476246851106,SP,1,1,0,0.0,1,5.0
f00f5b35d0abcacbdd863672f4bb2c1a,1,1,299.00,2131,2.2157338125709165e-05,0.9911697820232364,SP,1,1,0,0.0,1,4.0
d65f31d2413268e671989503f6cf9993,2,1,298.90,2132,2.2149927644730668e-05,0.9911919319508812,SP,1,0,0,,1,1.0
a8739afb32aaa45e01815ca76f76f54b,15,13,298.83,2133,2.2144740308045718e-05,0.9912140766911892,SP,13,13,1,0.07692307692307693,13,3.769230769230769
9d489893ff6af05029671b785f54b998,6,5,298.70,2134,2.2135106682773673e-05,0.9912362117978719,SP,4,4,1,0.25,4,4.75
b76a1f8356322f12529c37b67d5c96c2,5,5,298.50,2135,2.2120285720816677e-05,0.9912583320835927,SP,5,5,0,0.0,5,4.8
c5ebe6598748b0aeaa61cfb820478b92,3,3,297.00,2136,2.2009128506139207e-05,0.9912803412120988,RS,3,3,0,0.0,3,4.666666666666667
0ec28cec4046a4a199b6de9b4c891d97,4,3,296.60,2137,2.1979486582225217e-05,0.9913023206986811,GO,3,3,0,0.0,3,5.0
55c96925041a14097b6a7825554f4ad5,10,6,294.80,2138,2.184609792461225e-05,0.9913241667966057,SP,5,4,2,0.5,5,3.8
a806a4bb063ea7ca6d374eafa50a6058,6,5,294.40,2139,2.1816456000698257e-05,0.9913459832526065,ES,5,5,0,0.0,5,4.0
9b1ab052f5fca308ba743ac789ebb2e1,2,2,294.09,2140,2.1793483509664912e-05,0.9913677767361161,PR,2,2,0,0.0,2,4.0
2bf28e311bba65237358230cabac3f15,8,7,294.00,2141,2.1786814076784263e-05,0.9913895635501929,PR,7,7,2,0.2857142857142857,7,3.7142857142857144
2f4b9d112bfa44a214bc6cef085d17c8,6,5,293.99,2142,2.1786073028686415e-05,0.9914113496232216,ES,5,5,0,0.0,5,4.4
9d39404483343dd55c7ae254494d8388,10,10,293.20,2143,2.172753022895628e-05,0.9914330771534505,SP,10,10,1,0.1,10,3.5
48b6c3f4c6a93171da04b75313f2130f,2,2,290.26,2144,2.1509662088188437e-05,0.9914545868155387,SP,2,2,0,0.0,2,5.0
aadfe0417e61315688b6bd7043361e25,1,1,289.90,2145,2.1482984356665842e-05,0.9914760697998953,GO,1,1,0,0.0,1,4.0
ede2977fbaf3738583170735ca403f6c,1,1,289.90,2146,2.1482984356665842e-05,0.9914975527842521,PR,1,1,0,0.0,1,5.0
f410c8873029fcc3809b9df6d0b28914,2,2,289.80,2147,2.1475573875687348e-05,0.9915190283581277,SP,2,2,0,0.0,2,5.0
4dc646b9b9e8e411ef48ba000ea3ac6f,5,4,289.70,2148,2.1468163394708847e-05,0.9915404965215224,SP,4,4,1,0.25,4,2.75
adbe70ab2c97442046d393988c8d1d27,5,5,289.50,2149,2.145334243275185e-05,0.9915619498639552,SP,5,5,0,0.0,4,5.0
aded58c8142dedc5494a81f948431fab,5,4,289.50,2150,2.145334243275185e-05,0.9915834032063879,RJ,3,3,0,0.0,3,4.666666666666667
04ee0ec01589969663ba5967c0e0bdc0,1,1,289.49,2151,2.1452601384654004e-05,0.9916048558077727,RS,1,1,0,0.0,1,5.0
d1e2fe627180431ffda076abb303c56f,1,1,289.00,2152,2.141629002785936e-05,0.9916262720978005,RJ,1,0,0,,1,1.0
392353362d22cc2c236e1ee81ff19890,10,5,288.70,2153,2.1394058584923868e-05,0.9916476661563853,SC,4,4,0,0.0,4,4.5
bbe87dce25ba8b38bb61cc7210a3f10b,2,2,287.00,2154,2.1268080408289402e-05,0.9916689342367937,SP,2,2,0,0.0,2,5.0
ce20a2ec1514c25e16f2b5b39bc818f0,7,4,287.00,2155,2.1268080408289402e-05,0.991690202317202,SP,4,4,1,0.25,4,4.75
615005a3ef192c00c6f0e977cee3d2bc,11,10,286.50,2156,2.123102800339691e-05,0.9917114333452054,SP,9,9,2,0.2222222222222222,9,4.111111111111111
e83e93b71371817b11d78a63ff156aee,3,2,286.00,2157,2.119397559850442e-05,0.9917326273208038,SP,2,2,0,0.0,2,4.5
a9ae440659f48b7849df83e82734150b,1,1,285.00,2158,2.111987078871944e-05,0.9917537471915926,SP,1,1,0,0.0,1,5.0
10264f60a8f0a4d2f30810f5c661c673,4,4,284.60,2159,2.109022886480545e-05,0.9917748374204574,SP,4,4,0,0.0,4,5.0
ea1776927851da2532aa70d6a32c095a,2,2,283.90,2160,2.103835549795596e-05,0.9917958757759553,SP,2,2,0,0.0,2,3.5
86bf77bdb52e615674772d5817c6212f,5,4,281.80,2161,2.0882735397407505e-05,0.9918167585113528,RS,4,4,0,0.0,4,4.75
83c465a786b06574376909b35ef6752a,3,3,281.40,2162,2.0853093473493507e-05,0.9918376116048262,SP,3,3,0,0.0,3,5.0
b8a0adc91af209270c2c725168eb00fd,6,6,281.40,2163,2.0853093473493507e-05,0.9918584646982997,SP,5,5,0,0.0,5,4.6
d5c530f4884a75ae0dba9c148718d278,9,6,280.88,2164,2.081455897240532e-05,0.9918792792572722,MG,5,4,1,0.25,5,4.0
579891617139df7d8671d373f0669622,8,8,280.30,2165,2.0771578182730034e-05,0.9919000508354548,RJ,8,8,2,0.25,8,4.5
4e0d109ccfba9a1151c103049880c857,2,2,279.89,2166,2.074119521071819e-05,0.9919207920306656,RJ,2,2,0,0.0,2,3.0
58e4b302b54937e55a678c4d15111da4,3,3,279.79,2167,2.0733784729739695e-05,0.9919415258153954,PR,3,1,0,0.0,3,2.3333333333333335
19a7c9f66ffa6452ff4b4c0cca71da27,1,1,279.00,2168,2.0675241930009555e-05,0.9919622010573254,PR,1,1,0,0.0,1,5.0
d2572f31e9023e9850ef986a636ff9bf,1,1,279.00,2169,2.0675241930009555e-05,0.9919828762992554,MG,1,1,0,0.0,1,5.0
debe6615cd90cc0c2eac2b8988e1f628,5,5,278.50,2170,2.0638189525117068e-05,0.9920035144887805,SP,5,5,0,0.0,5,4.6
fb8904a8ea99f8831b64ce27db2c1765,2,2,278.00,2171,2.0601137120224576e-05,0.9920241156259008,SP,2,2,1,0.5,2,4.5
94c49f20a123aeb9360dbf80ff912bf6,3,3,277.75,2172,2.058261091777833e-05,0.9920446982368185,SP,3,3,0,0.0,3,3.6666666666666665
32f1bb9dfa65bc7df5c0d9d95a616be4,6,5,276.39,2173,2.0481828376470757e-05,0.992065180065195,SP,5,4,1,0.25,4,4.0
15ead3a5037a918ddb520dfe39a3d2b9,8,7,275.50,2174,2.0415875095762127e-05,0.9920855959402907,MG,7,6,1,0.16666666666666666,7,4.285714285714286
2ee0a0689f2f6a72f35a7cb6033f6e7e,4,4,272.00,2175,2.0156508261514695e-05,0.9921057524485521,SP,4,4,0,0.0,4,4.0
e603cf3fec55f8697c9059638d6c8eb5,10,7,270.00,2176,2.0008298641944733e-05,0.9921257607471942,RS,7,7,0,0.0,7,4.571428571428571
f682e0f848abafc6f41e0d4e868c66ef,2,2,269.98,2177,2.0006816545749034e-05,0.99214576756374,SP,2,2,1,0.5,2,3.5
87d73636a3acf123e842bb890a4db036,1,1,269.90,2178,2.0000888160966232e-05,0.9921657684519009,SP,1,1,0,0.0,1,5.0
9a208dee8f95cfdf00760c4d627828ec,1,1,269.90,2179,2.0000888160966232e-05,0.9921857693400619,RJ,1,0,0,,1,1.0
bab0a8cd684e41ba6e2637dca0979d3b,1,1,269.90,2180,2.0000888160966232e-05,0.9922057702282228,RJ,1,1,0,0.0,1,5.0
dcf3755cefcdc158ad0b7bdde51e871b,3,3,269.70,2181,1.9986067199009237e-05,0.9922257562954219,RS,3,3,0,0.0,2,4.0
6bb66d9870c2e01c05655c7ed0e7ee13,3,3,269.00,2182,1.993419383215975e-05,0.992245690489254,SP,3,3,0,0.0,3,3.6666666666666665
58c851d1a3c7cd3da329eb59453fed44,2,2,268.99,2183,1.9933452784061903e-05,0.9922656239420381,SP,2,2,0,0.0,2,5.0
d73cbd89533ce8b041a9190241453ac8,3,3,268.70,2184,1.9911962389224258e-05,0.9922855359044273,MG,3,3,0,0.0,3,4.333333333333333
184a67a8f9f63234d3a92340bbdb727f,11,8,268.66,2185,1.9908998196832862e-05,0.9923054449026241,SC,7,6,0,0.0,7,4.142857142857143
830379336fad8c6f3b15a4a3ddb5c66e,4,2,268.00,2186,1.986008902237477e-05,0.9923253049916465,SP,2,2,0,0.0,2,4.5
f9bbdd976532d50b7816d285a22bd01e,2,2,268.00,2187,1.986008902237477e-05,0.9923451650806688,SP,2,1,0,0.0,2,5.0
c79151301b9d90985d1fa52879213105,7,3,267.10,2188,1.979339469356829e-05,0.9923649584753624,PR,3,3,0,0.0,3,4.666666666666667
4be2e7f96b4fd749d52dff41f80e39dd,1,1,267.00,2189,1.9785984212589792e-05,0.992384744459575,AC,1,0,0,,1,1.0
65a7c0788e4d632ccb5e1b594b87f0bb,9,3,266.70,2190,1.9763752769654296e-05,0.9924045082123447,SP,3,3,0,0.0,3,4.333333333333333
5236605f4d4b0b3e4df85b850393fca0,5,5,265.30,2191,1.9660006035955327e-05,0.9924241682183806,SP,5,5,1,0.2,5,4.8
483ca627d131e18f988349b1655c0acd,1,1,264.00,2192,1.9563669783234848e-05,0.9924437318881638,SP,1,1,0,0.0,1,5.0
5c853bb56f70f4d14218944bae111d7a,24,23,263.13,2193,1.9499198598721918e-05,0.9924632310867626,SP,20,20,0,0.0,20,4.25
f8d5c7085db9a4ad2b8c1ffbeb2798c8,6,6,263.00,2194,1.948956497344987e-05,0.992482720651736,SP,6,6,0,0.0,6,5.0
53088c75f948b48a7ece173ac17f0c12,3,3,261.70,2195,1.9393228720729394e-05,0.9925021138804567,RS,3,3,0,0.0,3,5.0
252e76235acb79183cfca6e34f13337d,4,3,261.20,2196,1.9356176315836902e-05,0.9925214700567726,SP,2,2,0,0.0,2,2.5
6da1992f915d77be95d7fa48b36904af,9,7,261.00,2197,1.9341355353879907e-05,0.9925408114121266,SP,7,7,0,0.0,7,4.0
aa762680c40618316a896838866140ea,3,3,261.00,2198,1.9341355353879907e-05,0.9925601527674804,PR,3,3,1,0.3333333333333333,3,3.3333333333333335
21d59342ba150175ca2aa4f8faddeca6,2,2,259.90,2199,1.9259840063116427e-05,0.9925794126075435,SP,1,1,0,0.0,1,4.0
f7df46c1e0ec44eed5c6726478da4a17,2,2,259.80,2200,1.9252429582137933e-05,0.9925986650371256,RS,2,0,0,,2,1.0
800214c63934acd05d47e84214db8ba8,4,4,259.60,2201,1.9237608620180938e-05,0.9926179026457458,SC,4,3,0,0.0,4,5.0
984c273121e743dd14767befe6cb17f5,1,1,259.60,2202,1.9237608620180938e-05,0.9926371402543659,SP,1,1,1,1.0,1,1.0
bdb3edbaee43a761e2d4f258dc08f348,5,5,259.50,2203,1.9230198139202437e-05,0.9926563704525051,SP,4,4,1,0.25,4,3.75
c9e5ad1f6647f5dbd1172adf6ae3cada,4,4,259.03,2204,1.9195368878603493e-05,0.9926755658213838,RS,4,4,0,0.0,4,4.75
5e25c632f9db6cfb8bc100421c2737b6,1,1,259.00,2205,1.9193145734309946e-05,0.9926947589671181,SC,1,1,0,0.0,1,5.0
1e26c56af8d48424e1df0140a2401f83,2,2,258.90,2206,1.9185735253331448e-05,0.9927139447023713,SP,2,2,0,0.0,2,5.0
a0e19590a0923cdd0614ea9427713ced,7,2,258.30,2207,1.9141272367460463e-05,0.9927330859747389,PR,2,0,0,,2,1.0
0af977692321d895349eded183341d28,2,2,257.75,2208,1.910051472207872e-05,0.992752186489461,SP,2,2,0,0.0,2,4.5
7d294cf9a6a69dc6a0c3e540fff0e039,5,5,257.25,2209,1.9063462317186233e-05,0.9927712499517781,SC,5,5,0,0.0,5,4.4
31eec405c9bb71dec8e2629a92e764fa,5,5,256.89,2210,1.903678458566364e-05,0.9927902867363638,ES,5,5,0,0.0,5,4.6
6f1a1263039c76e68f40a8e536b1da6a,7,4,256.39,2211,1.8999732180771147e-05,0.9928092864685445,SP,4,2,1,0.5,4,1.5
ebef8d8c92b4fd3226e5d407bbff21ac,3,3,253.70,2212,1.880039024244955e-05,0.992828086858787,SP,3,3,1,0.3333333333333333,3,2.6666666666666665
88ef59b51bdaa941d10a853429f2b6ce,2,2,252.90,2213,1.8741106394621566e-05,0.9928468279651816,PR,2,2,0,0.0,2,2.0
446cc09cdbb130904da114e807dbec40,3,3,252.80,2214,1.873369591364307e-05,0.9928655616610953,SP,3,3,0,0.0,3,4.666666666666667
7f35f9daf223da737b78738fbae4d977,5,5,252.00,2215,1.8674412065815085e-05,0.992884236073161,SP,5,5,0,0.0,5,4.0
e88c9b79e592e370d6bd852eeefbf057,9,8,251.87,2216,1.8664778440543036e-05,0.9929029008516017,PR,8,8,0,0.0,8,4.75
ae45ad30c2d2e5913094769690a239d2,2,1,251.80,2217,1.865959110385809e-05,0.9929215604427054,SP,1,1,0,0.0,1,5.0
e88f7a2995ba184710d339c5c4bf2e30,2,2,251.60,2218,1.864477014190109e-05,0.9929402052128473,SP,2,2,0,0.0,2,5.0
85ecf03781da592876b7844acc1b729f,2,2,251.00,2219,1.8600307256030102e-05,0.9929588055201034,SP,2,2,1,0.5,2,4.5
46ef1a25845fc051c2998d878354810c,5,5,250.41,2220,1.8556585418256965e-05,0.9929773621055217,MG,5,5,1,0.2,5,4.4
8ccf3cf69651cc1d8a02c8bfaf3b8568,2,2,250.00,2221,1.8526202446245123e-05,0.9929958883079679,SP,2,2,1,0.5,2,3.5
b2bdc5e7940a7d7ca8c4a37953b27a42,1,1,250.00,2222,1.8526202446245123e-05,0.9930144145104142,SP,1,0,0,,1,4.5
13d95f0f6f73943d4ceffad0fc2cd32c,1,1,249.99,2223,1.8525461398147275e-05,0.9930329399718123,GO,1,1,1,1.0,1,3.0
1703bc09972dab9782e7a9194943b69f,1,1,249.90,2224,1.8518791965266626e-05,0.9930514587637775,MG,1,1,0,0.0,1,5.0
5d505d2298ad549e4e4e835562fa0c1e,2,2,249.80,2225,1.8511381484288128e-05,0.9930699701452619,SP,2,2,0,0.0,2,5.0
c0f783394e37cd9c9d7f5f81141450fa,6,6,249.40,2226,1.8481739560374134e-05,0.9930884518848222,SP,6,6,0,0.0,5,3.6
4b90495391ac0bd181a80a459df1e718,1,1,248.00,2227,1.837799282667516e-05,0.9931068298776489,RS,1,1,0,0.0,1,4.0
42b6488f5b8246d9141712abd4b1b693,2,2,247.99,2228,1.8377251778577314e-05,0.9931252071294274,PR,2,2,0,0.0,2,4.0
baa49d93c8c8841e27400a300f5d74b2,6,6,246.40,2229,1.8259425131019194e-05,0.9931434665545585,SC,6,6,1,0.16666666666666666,6,4.5
88ae906ea2acf6971f26c3e8b7cb4357,3,3,246.00,2230,1.82297832071052e-05,0.9931616963377656,SP,2,2,1,0.5,2,3.5
5721089ba9214e80074f27d5a03fc0eb,7,5,245.93,2231,1.8224595870420253e-05,0.993179920933636,SP,5,5,0,0.0,5,5.0
5194c22ed1f616ec0c0f33c571542879,4,4,245.60,2232,1.820014128319121e-05,0.9931981210749193,MG,4,4,0,0.0,4,4.25
28405831a29823802aa22c084cfd0649,7,7,245.00,2233,1.815567839732022e-05,0.9932162767533166,SP,7,6,0,0.0,7,4.285714285714286
14f2b3587172b9db894c9bad8dab520b,2,2,244.00,2234,1.8081573587535238e-05,0.9932343583269042,RS,2,2,0,0.0,2,2.5
5733d806668f8712c24b9abaefbfa642,2,2,243.80,2235,1.8066752625578243e-05,0.9932524250795297,SP,2,2,0,0.0,2,5.0
77714512e8d4dda9c234da8e3faf16e4,6,4,243.40,2236,1.8037110701664253e-05,0.9932704621902313,SP,4,4,0,0.0,4,4.25
c70a353f02429c00775a46a75fb787da,6,6,242.00,2237,1.793336396796528e-05,0.9932883955541993,SP,6,6,0,0.0,6,4.666666666666667
31be790e64fc99f8ff48ec2bd18a3104,6,6,241.40,2238,1.788890108209429e-05,0.9933062844552815,SP,6,6,2,0.3333333333333333,6,4.333333333333333
0761743cbffb25d7148189e9f1a5f03a,7,3,241.20,2239,1.7874080120137293e-05,0.9933241585354016,SP,3,3,0,0.0,3,4.666666666666667
85044848b1b767db2a4a58526adef4b4,4,4,240.60,2240,1.7829617234266307e-05,0.9933419881526357,SP,4,4,0,0.0,4,3.25
5e9f5bd34e0830569f05c9d4f56e04a8,2,2,239.98,2241,1.778367225219962e-05,0.993359771824888,RS,2,2,0,0.0,2,4.5
422be4cc81a457fdb46f47edeb968ae5,1,1,239.90,2242,1.777774386741682e-05,0.9933775495687555,SP,1,1,0,0.0,1,5.0
2d9e8987a2ea5cf88dce330249043ff1,2,2,239.80,2243,1.7770333386438323e-05,0.9933953199021418,SP,2,2,0,0.0,2,4.5
70f7e8018e3d46c748c92f026aa2585a,2,1,239.80,2244,1.7770333386438323e-05,0.9934130902355283,SP,1,1,0,0.0,1,5.0
ec8463980a4e0ea9f8517aea1ed0c419,8,2,239.20,2245,1.7725870500567334e-05,0.9934308161060288,SC,2,2,1,0.5,2,5.0
25debeafbce801fdd479539350185eee,6,5,237.85,2246,1.762582900735761e-05,0.9934484419350362,SP,4,4,0,0.0,4,3.5
d1a5cc844736958c11b8efab9a2b4c87,1,1,237.60,2247,1.7607302804911363e-05,0.9934660492378411,PR,1,1,1,1.0,1,1.0
e83c76265fc54bf41eac728805e4da77,8,8,237.30,2248,1.758507136197587e-05,0.9934836343092031,SP,8,8,1,0.125,8,3.625
2e0dba2da448400b1c11d7b4b22f32a4,13,7,235.87,2249,1.747910148398335e-05,0.9935011134106871,SP,7,7,0,0.0,7,3.142857142857143
534a01cc6df1e034e05c32028a291fa2,5,5,235.59,2250,1.7458352137243553e-05,0.9935185717628243,SP,5,5,0,0.0,5,4.4
578460d8319c51dab351cd9db95eadfe,1,1,235.00,2251,1.7414630299470416e-05,0.9935359863931238,GO,1,0,0,,1,3.0
a663d9c3797e90eac99ff60939416a56,1,1,235.00,2252,1.7414630299470416e-05,0.9935534010234233,SP,1,1,0,0.0,1,5.0
94b9108d4b637ba65bb4f1e53cfcf8d8,8,7,234.96,2253,1.7411666107079017e-05,0.9935708126895304,SP,7,7,1,0.14285714285714285,7,4.428571428571429
508808d438fe2ff972ed13bb8f4a82e2,10,9,234.84,2254,1.740277352990482e-05,0.9935882154630603,SP,8,8,0,0.0,8,4.625
1e47defeeadeca0e9a18fa5a9311e735,3,3,234.12,2255,1.7349418066859634e-05,0.9936055648811271,SP,3,3,0,0.0,3,5.0
cb32766839f443db85c82a43c4a6c19e,2,2,234.00,2256,1.7340525489685433e-05,0.9936229054066168,SP,2,2,0,0.0,2,3.0
d9cb0052a666de5308b32f32ad5f1b1c,3,3,231.90,2257,1.7184905389136977e-05,0.993640090312006,SP,2,2,0,0.0,2,5.0
e64882b4ef12aee8d0faca4db5b681f4,2,1,230.00,2258,1.7044106250545513e-05,0.9936571344182565,GO,1,1,0,0.0,1,4.0
1746c1ae87ac63d530c7c943d0ac42e2,1,1,229.90,2259,1.7036695769567016e-05,0.9936741711140261,SP,1,1,0,0.0,1,5.0
72431a818f97fe6ab9c81eee3e297e54,1,1,229.90,2260,1.7036695769567016e-05,0.9936912078097956,SP,1,1,0,0.0,1,5.0
740205fedfe4e90ca6857bc77db0f2b4,1,1,229.90,2261,1.7036695769567016e-05,0.9937082445055652,SP,1,1,0,0.0,1,5.0
9539213aa8e023c01937bef95dc006da,9,9,229.10,2262,1.6977411921739032e-05,0.9937252219174869,SP,9,9,3,0.3333333333333333,9,4.555555555555555
615c3462099ffa940d37b17dfda19594,2,2,229.00,2263,1.697000144076053e-05,0.9937421919189277,RJ,2,2,0,0.0,2,5.0
75745ef7bc7d4f3ea3380f6f5303f514,3,3,228.40,2264,1.6925538554889545e-05,0.9937591174574826,DF,3,3,0,0.0,3,5.0
8dfbc5ff27df12f6cef751d3b9554222,4,4,226.00,2265,1.674768701140559e-05,0.9937758651444939,PR,4,4,0,0.0,4,4.5
b05b432bf68945d4d9783f9e3ca29ee8,2,2,224.80,2266,1.6658761239663616e-05,0.9937925239057337,SP,2,2,0,0.0,2,4.5
8a8835a43bda99fd37310ad76c457510,3,2,224.34,2267,1.6624673027162524e-05,0.9938091485787608,SP,2,2,0,0.0,2,4.5
94ca168e8bcb407ab85c5da308863027,5,5,224.30,2268,1.6621708834771124e-05,0.9938257702875957,SP,5,5,0,0.0,5,5.0
6c6e3d67f969468f3bfd33f827a31222,6,5,224.00,2269,1.659947739183563e-05,0.9938423697649875,PR,5,5,0,0.0,5,4.8
81ed90f07c0bacb7594940ba2ef676aa,2,2,223.90,2270,1.659206691085713e-05,0.9938589618318983,MG,2,2,0,0.0,2,4.5
0e44d110fa6a54e121cb2c095a77762f,6,6,223.32,2271,1.654908612118184e-05,0.9938755109180194,SP,6,6,1,0.16666666666666666,6,4.333333333333333
08ad4ac1388e4420ca531c3edfc46198,7,6,221.62,2272,1.6423107944547376e-05,0.9938919340259641,SP,5,5,0,0.0,5,3.2
f419677537694f0462a91990df6ca44f,6,6,220.50,2273,1.63401105575882e-05,0.9939082741365216,SP,6,6,1,0.16666666666666666,6,4.0
7e3dde9ffba72d5340f9aaf09b4424be,1,1,220.00,2274,1.630305815269571e-05,0.9939245771946743,PR,1,0,0,,1,1.0
bec568278124768c474ee90971ca94d1,2,2,219.90,2275,1.629564767171721e-05,0.9939408728423459,SP,1,1,0,0.0,1,4.0
edf3fabebcc20f7463cc9c53da932ea8,1,1,219.90,2276,1.629564767171721e-05,0.9939571684900177,SP,1,1,1,1.0,1,4.0
20611af7866c6068fd5ae1f9dbe15c92,2,2,219.80,2277,1.6288237190738713e-05,0.9939734567272085,SP,2,2,0,0.0,2,4.5
e0a3c37054ade6478d923a6efc10f308,2,2,219.80,2278,1.6288237190738713e-05,0.9939897449643992,SC,2,2,0,0.0,2,5.0
f8e2c1b59cd4225a3e4fd0d013a76b93,3,2,219.80,2279,1.6288237190738713e-05,0.99400603320159,SP,2,2,0,0.0,2,5.0
a5dd1946fb63ada8bcaa0c9cd8f11e22,7,6,219.62,2280,1.6274898324977414e-05,0.9940223080999149,PE,6,6,0,0.0,6,3.8333333333333335
c3fe93ba3085f92855c97e57f38c8c05,6,6,219.00,2281,1.6228953342910726e-05,0.9940385370532577,PR,6,6,0,0.0,6,5.0
3442f8959a84dea7ee197c632cb2df15,3,3,218.70,2282,1.6206721899975233e-05,0.9940547437751578,SP,2,2,1,0.5,2,3.0
751e274377499a8503fd6243ad9c56f6,2,1,218.00,2283,1.6154848533125747e-05,0.9940708986236909,SP,1,1,0,0.0,1,5.0
6548c2550b6e2d8f18053216e1c7b6f3,5,3,217.70,2284,1.613261709019025e-05,0.9940870312407811,SP,3,3,0,0.0,3,5.0
d594982fd877af63ace38ea1fca27c76,7,7,217.04,2285,1.6083707915732167e-05,0.9941031149486969,SP,7,7,0,0.0,7,4.428571428571429
3d49bfdd1b43a7fe169b3740067acc61,3,3,215.00,2286,1.5932534103770806e-05,0.9941190474828007,MG,3,3,0,0.0,3,4.666666666666667
a4b8d97cd5d3674eeff96abc99d8ed67,1,1,214.08,2287,1.5864357678768625e-05,0.9941349118404794,SP,1,1,0,0.0,1,1.0
33ab10be054370c254ddfcf0a6253422,4,4,213.20,2288,1.579914544615784e-05,0.9941507109859256,RJ,4,4,0,0.0,4,5.0
4ea2f12dbe91deeacd2c1e74f069a6e6,6,4,210.20,2289,1.55768310168029e-05,0.9941662878169423,SP,4,4,0,0.0,4,4.75
a9415cf907dfa12f9ed18693244f5329,2,1,210.00,2290,1.5562010054845904e-05,0.9941818498269971,MG,1,1,0,0.0,1,5.0
d9d43faf741ceaa8da52fdbb81d9e0e3,8,6,210.00,2291,1.5562010054845904e-05,0.994197411837052,SP,6,4,0,0.0,6,3.6666666666666665
fec6912baad85d41729669edd6b4d3b8,1,1,210.00,2292,1.5562010054845904e-05,0.9942129738471068,SP,1,0,0,,1,1.0
661ad5fcc28cdfb8bcadb12bb2272475,7,4,209.93,2293,1.5556822718160954e-05,0.9942285306698251,SC,4,4,0,0.0,4,5.0
269c5fc9fcadee614364c3620c30a1f9,6,3,209.60,2294,1.553236813093191e-05,0.994244063037956,SP,3,3,1,0.3333333333333333,3,5.0
3fadb4cba4c35bce6a7eaf9872d5623a,5,3,209.50,2295,1.5524957649953412e-05,0.994259587995606,RS,3,3,0,0.0,3,3.3333333333333335
929f342384a6607afe143d789ade1316,4,4,209.40,2296,1.5517547168974915e-05,0.994275105542775,PR,4,4,0,0.0,4,5.0
3fefda3299e6dfaea3466ef346a3571a,1,1,209.00,2297,1.5487905245060924e-05,0.9942905934480201,PR,1,1,0,0.0,1,4.0
10cdd491d1dbea8fb4ead97b19c334ce,3,3,208.90,2298,1.5480494764082423e-05,0.994306073942784,MG,3,3,0,0.0,3,5.0
1de62b6f2fd96227629786db492433db,2,2,208.80,2299,1.5473084283103926e-05,0.9943215470270671,SP,1,1,0,0.0,1,5.0
353e21e8bf8de2722b4fae1636664b76,4,4,208.00,2300,1.5413800435275942e-05,0.9943369608275024,RS,3,3,0,0.0,3,3.0
5a9c0859cb00fd8aa4db443837f0a700,2,2,208.00,2301,1.5413800435275942e-05,0.9943523746279377,SC,2,2,0,0.0,2,4.5
90b36c5aeb728d5504a39f435bef0c5f,7,5,207.86,2302,1.5403425761906045e-05,0.9943677780536996,SP,5,4,0,0.0,5,4.2
90b57083da5d803237da74daec6dcb2b,2,2,206.90,2303,1.5332285144512465e-05,0.9943831103388441,PR,2,2,0,0.0,2,5.0
762fafdaa57a532ee0119731697579dd,5,5,206.70,2304,1.5317464182555467e-05,0.9943984278030268,SP,4,4,0,0.0,4,5.0
3bfad056cf05c00dabe2f895925d83b1,5,1,206.65,2305,1.531375894206622e-05,0.9944137415619687,SP,1,0,0,,1,1.0
e5d4b2b0c3bca22085f7a19a28de0c42,4,4,205.80,2306,1.5250769853748987e-05,0.9944289923318225,SC,4,4,1,0.25,4,4.5
dd8a29ce82d5c705ba932d81494600a5,2,2,205.75,2307,1.5247064613259736e-05,0.9944442393964358,SP,2,2,0,0.0,2,3.5
643c01d7c56a724bec0454f4780e8a3e,2,2,205.55,2308,1.5232243651302741e-05,0.9944594716400871,SC,2,2,0,0.0,2,4.5
efb628aa07c8ca93d7db0d85b91a4f5a,1,1,204.00,2309,1.511738119613602e-05,0.9944745890212833,RJ,1,1,1,1.0,1,4.0
e819bcfade7b5d88a27325eb6cfd62c5,11,5,202.90,2310,1.5035865905372542e-05,0.9944896248871885,SP,4,4,1,0.25,4,5.0
f26d70155c2b6326fcfa1780c8c684e4,1,1,202.89,2311,1.503512485727469e-05,0.9945046600120458,SC,1,1,0,0.0,1,5.0
bcc9dd23e2a8bd8267cf92b19304a1b9,3,3,202.79,2312,1.5027714376296193e-05,0.9945196877264222,SP,3,3,2,0.6666666666666666,3,2.3333333333333335
19484c79cef6c062cb177aa4ef2fcc3c,1,1,201.90,2313,1.4961761095587561e-05,0.9945346494875177,SP,1,1,1,1.0,1,1.0
28c7d8743fbc8679f484868cc0fcaefb,3,3,201.50,2314,1.4932119171673569e-05,0.9945495816066894,SP,3,3,0,0.0,3,5.0
72146da5774cabf2632faedcae097a76,6,4,200.94,2315,1.489062047819398e-05,0.9945644722271676,PR,4,4,1,0.25,4,4.0
c990d6cf976a5718aaedc539f383ab88,11,10,200.90,2316,1.4887656285802582e-05,0.9945793598834534,SP,10,8,3,0.375,10,3.3
3f84fefc07dc159b268d4a77d3e8c425,3,3,200.60,2317,1.4865424842867086e-05,0.9945942253082963,PR,3,3,0,0.0,3,5.0
5db42a6cd9bf1bf0d3aab9582767f168,1,1,200.00,2318,1.4820961956996099e-05,0.9946090462702533,ES,1,1,0,0.0,1,5.0
3289d8c3eef4873f91ce0b1343c0dd58,1,1,199.99,2319,1.4820220908898249e-05,0.9946238664911621,SP,1,1,0,0.0,1,5.0
dbc51f5e45d654ecc16cb68e6817ecea,1,1,199.99,2320,1.4820220908898249e-05,0.994638686712071,SP,1,1,0,0.0,1,4.0
dda37071807e404c5bb2a1590c66326f,1,1,199.99,2321,1.4820220908898249e-05,0.9946535069329799,SP,1,1,0,0.0,1,5.0
3fe7120d6257285ac6a3ce7cb071ccec,2,2,199.98,2322,1.4819479860800397e-05,0.9946683264128408,MG,2,2,0,0.0,2,3.5
651530bf5c607240ccdd89a30c9c9712,1,1,199.90,2323,1.4813551476017601e-05,0.9946831399643168,BA,1,1,0,0.0,1,4.0
e59e575a175fadcadf8479e191770425,1,1,199.90,2324,1.4813551476017601e-05,0.9946979535157928,RJ,1,1,0,0.0,1,5.0
2a50b7ee5aebecc6fd0ff9784a4747d6,2,1,199.80,2325,1.4806140995039103e-05,0.9947127596567878,DF,1,1,1,1.0,1,1.0
2cb4700db635baa1c0d4f90ed27b6669,2,2,199.80,2326,1.4806140995039103e-05,0.9947275657977829,PR,2,2,0,0.0,2,2.0
4f0d637c1197fd65405ebd755ac9f86b,2,2,199.80,2327,1.4806140995039103e-05,0.9947423719387779,SP,2,2,0,0.0,2,5.0
ec5c1d94df153d473b37f880977ae58e,3,2,199.67,2328,1.4796507369767053e-05,0.9947571684461476,SP,2,2,0,0.0,2,2.0
4e2627090e6e5b9fabba883a37897683,5,2,199.50,2329,1.4783909552103607e-05,0.9947719523556997,MG,1,0,0,,1,1.0
8060d731897e33b5c5ae575ce1e209e1,5,5,199.50,2330,1.4783909552103607e-05,0.9947867362652518,SP,5,5,0,0.0,5,4.8
4450bd8327d471c4a11a83d1445b1b62,1,1,199.00,2331,1.4746857147211118e-05,0.994801483122399,SP,1,1,0,0.0,1,5.0
4ce8b55b4bfa4659184e7becc1fba3f2,2,2,199.00,2332,1.4746857147211118e-05,0.9948162299795462,PR,1,1,0,0.0,1,5.0
52f6f9f13ba19504c02781132a049e75,1,1,199.00,2333,1.4746857147211118e-05,0.9948309768366934,PR,1,1,0,0.0,1,2.0
e1bed63d68ac36fe1f3061befe196af5,1,1,199.00,2334,1.4746857147211118e-05,0.9948457236938406,SP,1,1,0,0.0,1,5.0
e9874ae10b2d60d43917b6bbfa13a599,1,1,199.00,2335,1.4746857147211118e-05,0.9948604705509879,PR,1,1,0,0.0,1,5.0
3d290fe363c60a77498c1126fd3fb8d3,3,3,198.98,2336,1.4745375051015418e-05,0.9948752159260389,SP,3,3,0,0.0,3,4.333333333333333
e503f22be6a4f456d9851920a5d9c670,2,2,198.90,2337,1.473944666623262e-05,0.9948899553727052,SP,2,2,0,0.0,2,4.0
ad8b531ae67582f096925cff5630d0d1,2,2,198.45,2338,1.4706099501829378e-05,0.9949046614722069,PR,2,2,0,0.0,2,4.0
586a871d4f1221763fddb6ceefdeb95e,2,1,198.00,2339,1.4672752337426137e-05,0.9949193342245444,RS,1,1,1,1.0,1,1.0
b57e8460909fa137df7951b4a3b5ea84,2,1,198.00,2340,1.4672752337426137e-05,0.9949340069768818,RS,1,0,0,,1,2.0
d8dd176509baa37f359644d082bf7f7b,2,2,198.00,2341,1.4672752337426137e-05,0.9949486797292192,SP,2,2,2,1.0,2,1.5
6f835fd4be26989b1b064399da346143,2,2,197.80,2342,1.4657931375469142e-05,0.9949633376605947,PR,2,2,0,0.0,2,5.0
9da15f4a4ea758d9eeb49000dbe57e22,1,1,196.90,2343,1.4591237046662659e-05,0.9949779288976415,SP,1,1,1,1.0,1,2.0
fe8055980a4ff7f64ed889c2b5926929,3,3,196.70,2344,1.4576416084705662e-05,0.9949925053137261,PR,3,3,0,0.0,3,4.666666666666667
809413606dbfe5deefd2db646693ef67,5,3,196.68,2345,1.4574933988509964e-05,0.9950070802477146,SP,3,3,0,0.0,3,4.333333333333333
8def3db7f272735afb2ecd03aeca09a7,2,2,196.00,2346,1.4524542717856177e-05,0.9950216047904324,RJ,2,2,0,0.0,2,5.0
0f7eea709efdf942b5f95c7516dbacd7,3,3,195.74,2347,1.4505275467312082e-05,0.9950361100658998,SP,3,3,0,0.0,3,4.0
f356c348fbc8df6a882823e21f5ce8b7,2,2,195.18,2348,1.4463776773832493e-05,0.9950505738426736,RS,1,1,0,0.0,1,4.0
9c54608f0996c32ae4743089d915f845,3,3,194.80,2349,1.4435616946114201e-05,0.9950650094596197,PR,3,3,0,0.0,3,4.0
b5f49fe968dff6b112861e6cd8e192ef,2,1,194.70,2350,1.44282064651357e-05,0.9950794376660849,PR,1,1,0,0.0,1,5.0
7d948535954aaf8c5d39db007f74372e,4,4,194.00,2351,1.4376333098286215e-05,0.9950938139991831,SP,4,4,0,0.0,4,3.75
f626e15b7314c267e4429010866f70e9,7,5,193.55,2352,1.4342985933882975e-05,0.995108156985117,SP,5,5,0,0.0,5,3.8
05e107217c7266362fd44b75b2cd4cc4,8,5,193.38,2353,1.4330388116219527e-05,0.9951224873732334,SP,5,5,2,0.4,5,4.2
747c1cdcd1737dcfbd1547f6eb6f2cf3,2,2,193.10,2354,1.4309638769479732e-05,0.9951367970120027,SP,1,1,0,0.0,1,4.0
4d9fea3499bdc22aa4da4e339365f215,2,2,192.54,2355,1.4268140076000144e-05,0.9951510651520787,SP,2,2,0,0.0,2,5.0
78ba5933c21686d1c2f64669c8c459e7,2,2,191.80,2356,1.4213302516759258e-05,0.9951652784545956,SP,2,2,0,0.0,2,4.25
f5403d3f50089112c4eed37928b7f622,2,2,190.80,2357,1.413919770697428e-05,0.9951794176523024,SP,2,0,0,,2,1.0
f307937c1bb287c3efc2a514b94b0d1d,1,1,189.99,2358,1.4079172811048444e-05,0.9951934968251135,MG,1,1,0,0.0,1,5.0
778323240ce2830d68aab11794e00bfb,3,3,189.98,2359,1.4078431762950592e-05,0.9952075752568765,SP,3,3,0,0.0,3,4.333333333333333
43a1d4bab73b816e44ef4e4facd9f9b5,1,1,189.90,2360,1.4072503378167796e-05,0.9952216477602547,PR,1,1,0,0.0,1,4.0
7cf4ea70955b00d6b3c22542598e2715,1,1,189.90,2361,1.4072503378167796e-05,0.9952357202636328,SP,1,1,0,0.0,1,5.0
119c7f1a00ef43fad0e57604e76a747c,2,2,189.80,2362,1.4065092897189299e-05,0.99524978535653,SP,2,2,0,0.0,2,4.5
213fafb0ca06fb3d5886579c2565791b,3,3,189.70,2363,1.4057682416210798e-05,0.9952638430389462,MG,3,3,0,0.0,3,2.3333333333333335
686886775c8f6b1191c7b953fb52708c,1,1,189.00,2364,1.4005809049361313e-05,0.9952778488479956,SP,1,1,0,0.0,1,5.0
b00af24704019bd2e1b335e70ad11f7c,1,1,189.00,2365,1.4005809049361313e-05,0.995291854657045,BA,1,1,0,0.0,1,5.0
e0482f2c769468c3bbcd8a01e09d98c5,1,1,189.00,2366,1.4005809049361313e-05,0.9953058604660944,SP,1,1,0,0.0,1,4.0
c360e4787614ed31ac7a2f95d3b22dc6,1,1,188.90,2367,1.3998398568382815e-05,0.9953198588646627,SP,1,1,0,0.0,1,2.0
c0aff2da32c17759d30b22fb0af6649d,5,4,188.80,2368,1.3990988087404318e-05,0.9953338498527501,SC,4,4,0,0.0,4,3.75
4c1c7281388a33dd06daac44f9fadbd1,5,5,188.32,2369,1.3955417778707526e-05,0.9953478052705288,SP,5,5,0,0.0,5,4.8
74c7dec0a384d8a05950e629bd23bde9,5,5,187.68,2370,1.390799070044514e-05,0.9953617132612292,SP,5,4,0,0.0,5,3.6
a3b0df0065e264a91b7bbf5f844af5cd,2,2,186.69,2371,1.3834626938758007e-05,0.995375547888168,SP,2,2,0,0.0,2,5.0
3a79f35a2344ede41af21267f61d5ec6,1,1,186.00,2372,1.3783494620006372e-05,0.995389331382788,SP,,,,,,
c32fc744b9160ac853450488e3cfea93,3,3,185.70,2373,1.3761263177070876e-05,0.9954030926459652,SP,2,1,0,0.0,2,3.0
eec3469d83e142f9a104886655338c37,4,4,185.70,2374,1.3761263177070876e-05,0.9954168539091421,SP,4,4,0,0.0,4,4.5
f9eda05b67bef472deaddbba84aca289,1,1,185.00,2375,1.3709389810221391e-05,0.9954305632989524,SC,1,0,0,,1,1.0
9e7c5f4d7770eab65738cca38f9efccf,2,2,184.80,2376,1.3694568848264396e-05,0.9954442578678007,SP,2,2,0,0.0,2,3.5
2075d8cd4dd63ff12df0749a5866bb06,3,3,184.70,2377,1.3687158367285895e-05,0.9954579450261679,PR,3,3,0,0.0,3,5.0
7d484ca289afaac6bf5fc6a1e96d2226,2,2,183.20,2378,1.3576001152608425e-05,0.9954715210273206,MS,2,2,1,0.5,2,4.0
1c56ffe0e9dea2657fc6e95b53f40b13,3,3,183.00,2379,1.356118019065143e-05,0.9954850822075112,SP,3,3,0,0.0,3,4.333333333333333
23ca5f678e0b3ea6c630b30fa8bf51ea,7,6,183.00,2380,1.356118019065143e-05,0.9954986433877019,SP,6,6,0,0.0,6,5.0
3dfd3dc96f7f8598eca74e9ac8a2fa31,6,6,183.00,2381,1.356118019065143e-05,0.9955122045678926,SP,5,5,1,0.2,5,3.8
478bfe564db21eeb44386606aa30b650,3,3,182.70,2382,1.3538948747715935e-05,0.9955257435166402,MG,3,3,0,0.0,3,4.666666666666667
5659d77e8d90378e39b960ad5956f64e,2,2,182.48,2383,1.3522645689563239e-05,0.9955392661623298,SP,2,2,1,0.5,2,2.5
31e60bf8d103ce47932a85f5562deb16,1,1,181.00,2384,1.341297057108147e-05,0.9955526791329009,GO,1,1,0,0.0,1,5.0
8ca5b19e0263150d2c57afdde2b3d011,4,3,180.60,2385,1.3383328647167476e-05,0.995566062461548,SP,3,3,0,0.0,3,4.666666666666667
7ad41305e96a6cab8294cd65891e9a86,2,2,180.00,2386,1.3338865761296489e-05,0.9955794013273094,SP,2,2,0,0.0,2,5.0
88cd3681e0a2ba85e190f7d817629c4c,1,1,180.00,2387,1.3338865761296489e-05,0.9955927401930706,SC,1,1,0,0.0,1,4.0
94165aea8a35c3c21499cbcae239b16c,1,1,180.00,2388,1.3338865761296489e-05,0.9956060790588319,MG,1,1,0,0.0,1,2.0
964ff64dc05b13811c6d0f41e0aa5f6b,1,1,180.00,2389,1.3338865761296489e-05,0.9956194179245932,SP,1,1,0,0.0,1,5.0
9c57bc60cfad5ee62d35d3f1ce4593a1,1,1,180.00,2390,1.3338865761296489e-05,0.9956327567903545,PR,1,1,1,1.0,1,1.0
9dd459b29a14bf89d47183cf2cd0e4c7,2,2,180.00,2391,1.3338865761296489e-05,0.9956460956561158,SP,2,2,1,0.5,2,5.0
05ca864204d09595ae591b93ea9cf93d,1,1,179.90,2392,1.3331455280317991e-05,0.9956594271113961,SP,1,1,1,1.0,1,5.0
50bf89f1349bc0409a268c3a49678009,1,1,179.90,2393,1.3331455280317991e-05,0.9956727585666765,SP,1,1,0,0.0,1,5.0
7f5e4d5efad7e44b91115dd1decb65f3,9,3,179.90,2394,1.3331455280317991e-05,0.9956860900219567,SP,3,3,0,0.0,3,5.0
762ed976527cddf02787edba70fffa2a,4,3,179.80,2395,1.3324044799339494e-05,0.9956994140667561,PR,3,3,0,0.0,3,2.3333333333333335
2235cf78d3e2073a88146a9cb60f0dd0,1,1,178.99,2396,1.3264019903413658e-05,0.9957126780866595,SP,1,1,0,0.0,1,5.0
880ce4951cf857ab1d9e0b75c1d856f4,1,1,178.90,2397,1.325735047053301e-05,0.9957259354371301,MG,1,1,0,0.0,1,5.0
f3975e8a41157005d4bcbb358678cd9b,2,2,178.80,2398,1.3249939989554513e-05,0.9957391853771196,SC,2,2,0,0.0,2,5.0
57fe6232e67823593374a2281d7a8af8,8,8,178.68,2399,1.3241047412380314e-05,0.9957524264245319,SP,8,8,0,0.0,8,4.75
1352e06ae67b410cdae0b2a22361167b,2,2,178.00,2400,1.3190656141726527e-05,0.9957656170806737,RJ,2,2,2,1.0,2,3.0
19e0f40a907ec568c34bfac15de4f4a1,4,4,178.00,2401,1.3190656141726527e-05,0.9957788077368154,SP,4,4,0,0.0,4,5.0
ab9db4cf53b08b828b64dccaafc2d9f0,4,4,177.78,2402,1.3174353083573832e-05,0.995791982089899,RS,4,4,0,0.0,4,5.0
2d2322d842118867781fc737e96d59a1,10,8,176.40,2403,1.3072088446070559e-05,0.9958050541783451,SP,8,8,1,0.125,8,4.875
a0a14e50070f3225b3eabba5b85da517,4,4,176.20,2404,1.3057267484113562e-05,0.9958181114458292,PR,4,4,0,0.0,4,4.5
c353f8fc0ce8344999f17d578eb69a5e,2,2,175.98,2405,1.3040964425960866e-05,0.9958311524102552,RS,2,2,0,0.0,2,5.0
485452467ff670447e84a8370c3fc898,3,3,175.70,2406,1.3020215079221071e-05,0.9958441726253343,SC,3,3,0,0.0,3,4.666666666666667
4dc2e811a1760953cb7c6a590b498943,1,1,175.00,2407,1.2968341712371586e-05,0.9958571409670467,SP,1,1,0,0.0,1,5.0
b906dd0e57f282c7089171b6ed07982e,2,2,175.00,2408,1.2968341712371586e-05,0.9958701093087591,PR,1,1,0,0.0,1,4.0
f92d8c817434bd2d84d4e9c61322b7fa,5,5,174.84,2409,1.295648494280599e-05,0.9958830657937019,SP,5,5,1,0.2,5,4.6
23ff42c4bf1f8f16cddb19d8b972974a,3,2,174.70,2410,1.294611026943609e-05,0.9958960119039714,MG,2,2,0,0.0,2,4.0
dd9661d3cda1e6feb237f0c4d8b26f2e,1,1,174.00,2411,1.2894236902586605e-05,0.995908906140874,SC,1,1,0,0.0,1,5.0
0692610d8abe24f287e9fae90ea0bbee,4,4,173.99,2412,1.2893495854488756e-05,0.9959217996367283,SP,4,4,1,0.25,4,4.0
99a25c39b28a74d1151c35c18d178292,6,1,173.94,2413,1.2889790613999507e-05,0.9959346894273424,SP,1,1,0,0.0,1,5.0
aae5953b9edddf14749c0d65d60eb4b9,2,2,173.00,2414,1.2820132092801625e-05,0.9959475095594352,MG,2,2,0,0.0,2,5.0
ccada0ef508e698917a6eab263375905,3,3,172.80,2415,1.280531113084463e-05,0.995960314870566,PR,3,3,0,0.0,3,3.6666666666666665
1e483cc5c76fef08d3ca05f9a8af7d01,11,10,171.99,2416,1.2745286234918796e-05,0.995973060156801,SP,10,9,0,0.0,10,4.1
50770d25768b0486d89be26afca3108f,6,6,171.77,2417,1.27289831767661e-05,0.9959857891399777,SP,6,6,1,0.16666666666666666,6,4.0
cd52a8efd71af3336b14b5039b951cc1,3,3,170.80,2418,1.265710151127467e-05,0.995998446241489,SP,2,1,0,0.0,2,2.0
3ea08c48e851106d2f584349daba335f,1,1,170.00,2419,1.2597817663446684e-05,0.9960110440591524,MG,1,1,0,0.0,1,4.0
e1643dff33666ca629e3644c02738179,3,3,170.00,2420,1.2597817663446684e-05,0.9960236418768159,SP,3,3,0,0.0,3,4.333333333333333
5444b12c82f21c923f2639ebc722c1ea,1,1,169.90,2421,1.2590407182468186e-05,0.9960362322839984,SP,1,0,0,,1,4.0
695051e2981c8b19e77cafe450d5bdf3,1,1,169.76,2422,1.2580032509098288e-05,0.9960488123165075,SP,1,1,0,0.0,1,5.0
b01c2b7b8599b325103ebcddc67413e1,4,4,169.45,2423,1.2557060018064944e-05,0.9960613693765255,RS,4,4,0,0.0,4,4.75
d9c349beabc06aa6ff1c6d68b5e9e22e,1,1,168.10,2424,1.245701852485522e-05,0.9960738263950505,SP,1,1,0,0.0,1,5.0
c7c7b2682c648339a0e9846bb1023a39,3,2,168.00,2425,1.2449608043876722e-05,0.9960862760030943,SP,2,2,0,0.0,2,4.5
51a04a8a6bdcb23deccc82b0b80742cf,1,1,167.99,2426,1.2448866995778874e-05,0.99609872487009,SP,1,1,1,1.0,1,1.0
7178e1eaa97257d8b6d4b80efd77a025,1,1,167.90,2427,1.2442197562898225e-05,0.9961111670676529,SP,1,1,0,0.0,1,5.0
89d9a386b0b6e5fc8403071b03f7206a,5,2,167.00,2428,1.2375503234091741e-05,0.996123542570887,SP,2,2,0,0.0,2,4.0
1d1bbb8ac1581824986f582583fff01d,4,4,166.88,2429,1.2366610656917544e-05,0.996135909181544,SC,4,4,1,0.25,4,3.5
1cbdc7cf130a41fd13a3c2a7d2fcfda7,2,2,165.80,2430,1.2286577462349767e-05,0.9961481957590063,MG,2,2,0,0.0,2,5.0
2ea0861cc19e94cad86438c984c52da4,6,6,165.60,2431,1.2271756500392768e-05,0.9961604675155068,SP,5,5,0,0.0,5,3.8
33d677f27a69b84051204ee4ae76eaca,10,9,165.00,2432,1.2227293614521781e-05,0.9961726948091213,SC,9,9,0,0.0,9,4.555555555555555
76d336555bb25f3165d2f0d6da719c40,1,1,165.00,2433,1.2227293614521781e-05,0.9961849221027358,SP,1,1,0,0.0,1,3.0
ace601496e211a664100321f038f50af,1,1,165.00,2434,1.2227293614521781e-05,0.9961971493963503,SP,1,0,0,,1,2.0
bd4ff04377f974574f7f0bf9d6ce7dde,4,4,164.96,2435,1.2224329422130382e-05,0.9962093737257723,SP,4,4,1,0.25,4,3.5
e45edf75f568ed2f93f78d060e246e25,7,6,164.30,2436,1.2175420247672295e-05,0.9962215491460201,RJ,6,6,1,0.16666666666666666,6,4.166666666666667
98e164d549402270247f3c96a1a158ef,2,2,162.70,2437,1.2056852552016325e-05,0.9962336059985721,SP,2,2,0,0.0,2,2.5
fa5fdc4e4bb6bd1009ad0e4ac4096562,1,1,161.99,2438,1.200423813706899e-05,0.9962456102367092,SP,1,1,0,0.0,1,5.0
bff9deb0ec77d437f3305a79cf25529e,5,5,161.95,2439,1.200127394467759e-05,0.9962576115106538,SP,5,5,0,0.0,5,4.0
3442033154be05bac582e173ef54fd12,1,1,161.00,2440,1.193087437538186e-05,0.9962695423850292,SP,1,1,0,0.0,1,5.0
d3e7d37c0df9aef383f3f2a15b0dddfb,1,1,161.00,2441,1.193087437538186e-05,0.9962814732594045,PR,1,1,0,0.0,1,5.0
fc6295add6f51a0936407ead70c1001d,4,1,160.00,2442,1.1856769565596879e-05,0.9962933300289701,SP,1,1,0,0.0,1,1.0
533d46c1b06970e99f09523a61df4972,2,2,159.98,2443,1.1855287469401178e-05,0.9963051853164396,SP,2,2,0,0.0,2,4.5
aa2640d851ec322526f1295bbeb20092,2,1,159.98,2444,1.1855287469401178e-05,0.996317040603909,SP,1,1,0,0.0,1,3.0
2039c5e51785b5dde7cf93ccb3b7be2c,1,1,159.90,2445,1.1849359084618381e-05,0.9963288899629936,SP,1,1,0,0.0,1,5.0
913fd0ebba70bb919f7254a02239173c,1,1,159.90,2446,1.1849359084618381e-05,0.9963407393220783,SC,1,1,0,0.0,1,1.0
fc0b214b59a83615fea981c6424a02ae,1,1,159.90,2447,1.1849359084618381e-05,0.9963525886811628,SP,1,1,0,0.0,1,5.0
2ec6e37d992a95eaddb3369dcbcc76d9,2,2,159.80,2448,1.1841948603639884e-05,0.9963644306297665,RS,1,1,0,0.0,1,1.0
4bde6149c15cf7e177b36fa060dd6de8,2,2,159.80,2449,1.1841948603639884e-05,0.9963762725783702,RS,2,2,0,0.0,2,5.0
6902157ee16728322d61a1321fa79e58,2,2,159.80,2450,1.1841948603639884e-05,0.9963881145269737,SP,2,2,0,0.0,2,3.0
99cd94252748d2bdde08e17858233602,2,2,159.80,2451,1.1841948603639884e-05,0.9963999564755774,SP,2,2,0,0.0,2,4.5
b7e1750c1157341d2abd0251e07c186b,4,3,159.60,2452,1.1827127641682885e-05,0.9964117836032191,SP,3,3,0,0.0,3,4.333333333333333
0ade5cc4a305ed7093a23f68ca47519c,2,2,158.88,2453,1.1773772178637701e-05,0.9964235573753977,PR,2,2,0,0.0,2,5.0
954e95f20808d7e5d11f0de292d078e0,4,3,158.78,2454,1.1766361697659202e-05,0.9964353237370954,MG,3,3,0,0.0,3,4.666666666666667
c04d70d515d15a7e3db3a73320598566,4,3,158.20,2455,1.1723380907983912e-05,0.9964470471180034,RJ,3,3,0,0.0,3,5.0
98dddbc4601dd4443ca174359b237166,2,2,158.00,2456,1.1708559946026917e-05,0.9964587556779494,PR,2,2,0,0.0,2,5.0
ce3ad9de960102d0677a81f5d0bb7b2d,1,1,158.00,2457,1.1708559946026917e-05,0.9964704642378954,RJ,1,1,0,0.0,1,5.0
f1ce5fdecd64935c28b9ff932751d0dc,2,2,158.00,2458,1.1708559946026917e-05,0.9964821727978415,SP,2,2,0,0.0,2,4.5
902c99f1ac505c0d18778b61bcd636f7,4,4,157.96,2459,1.1705595753635518e-05,0.9964938783935952,SP,4,3,0,0.0,4,4.0
d2df77822373f19934e87694d8640767,2,2,155.90,2460,1.155293984547846e-05,0.9965054313334406,PR,2,2,0,0.0,2,3.0
dde698c6d0bd24834c586e5111c2bba7,1,1,155.90,2461,1.155293984547846e-05,0.996516984273286,RJ,1,1,0,0.0,1,5.0
b9de031b671cd48b28fae9d828cbf2b4,1,1,155.32,2462,1.1509959055803169e-05,0.9965284942323418,SP,1,1,0,0.0,1,5.0
3c88ed2e76a2247933a15daa7161eb1c,1,1,155.00,2463,1.1486245516671976e-05,0.9965399804778585,SP,1,1,0,0.0,1,5.0
4dab98ca6cd6d3df586203cefd28a042,1,1,154.90,2464,1.1478835035693479e-05,0.9965514593128942,RS,1,1,0,0.0,1,5.0
f664f98bfda2eaf266a23ff144e7a872,2,2,153.99,2465,1.1411399658789146e-05,0.996562870712553,SP,1,1,0,0.0,1,5.0
0b09101900100c0e9d312861fad5a1b9,1,1,153.75,2466,1.139361450444075e-05,0.9965742643270574,SP,,,,,,
6601ee6383e7f452be71929f8de48bbb,2,2,153.60,2467,1.1382498782973004e-05,0.9965856468258404,SP,2,2,0,0.0,2,4.0
d26aa40b90272d4843d63be7c1462c8d,2,2,152.90,2468,1.1330625416123517e-05,0.9965969774512565,SP,2,2,0,0.0,2,4.5
78813699ffac347fe27dba345a5f1551,1,1,152.42,2469,1.1295055107426725e-05,0.996608272506364,RS,1,1,0,0.0,1,5.0
4ddeb3e828550cddc8d45c8bc36ab2d1,1,1,152.00,2470,1.1263931087317034e-05,0.9966195364374513,SP,1,1,0,0.0,1,5.0
56f413900b5166ab4d730e9ac0b12cb0,3,3,151.79,2471,1.1248369077262189e-05,0.9966307848065286,SP,3,3,0,0.0,3,4.666666666666667
bd0a1b0aadca9a83d9304f7e8ff5fbd5,4,4,150.60,2472,1.1160184353618061e-05,0.9966419449908822,SP,3,3,0,0.0,3,5.0
2d34636518ba88f5349b732fcf8ba2e4,1,1,150.00,2473,1.1115721467747074e-05,0.9966530607123499,SP,1,1,0,0.0,1,5.0
4867209cb29b56b92893d7bde3ce8012,1,1,150.00,2474,1.1115721467747074e-05,0.9966641764338178,SP,1,1,0,0.0,1,4.0
578fa3a9cb6b6dceab39231ad59cdaca,3,3,150.00,2475,1.1115721467747074e-05,0.9966752921552855,CE,3,3,1,0.3333333333333333,3,3.6666666666666665
c398bc00a606d33758afd91f4e64fd15,2,2,150.00,2476,1.1115721467747074e-05,0.9966864078767532,RJ,2,2,0,0.0,2,4.5
1e47d8b6546eb3a77b1acddcc9406242,1,1,149.90,2477,1.1108310986768576e-05,0.9966975161877398,SP,1,1,0,0.0,1,1.0
49f8d2ea7b718d0ce587d34207caf2b4,1,1,149.90,2478,1.1108310986768576e-05,0.9967086244987267,SP,1,1,0,0.0,1,5.0
f266295f49a28eee21f413e0cbb0521d,2,2,149.80,2479,1.1100900505790079e-05,0.9967197253992325,PR,2,2,0,0.0,2,4.5
6ba4733aa33f6386e9fb0c0fd3993b38,3,3,149.79,2480,1.1100159457692227e-05,0.9967308255586902,RS,3,3,0,0.0,3,4.666666666666667
3d700782d7818f2c1e0d7a9e9d75fc00,3,3,149.70,2481,1.109349002481158e-05,0.996741919048715,SP,3,3,1,0.3333333333333333,3,3.6666666666666665
63272377184e969942f7fff221be858d,2,2,149.70,2482,1.109349002481158e-05,0.9967530125387398,SP,2,2,0,0.0,2,5.0
7a188843479798ca813108fa7b959286,3,1,149.70,2483,1.109349002481158e-05,0.9967641060287645,SP,1,0,0,,1,1.0
d8b8f2cf9ff6ba0389072541cb42498c,1,1,149.00,2484,1.1041616657962093e-05,0.9967751476454225,GO,1,1,0,0.0,1,5.0
e00d85ce20ea50c1224c66ca5050527d,1,1,149.00,2485,1.1041616657962093e-05,0.9967861892620805,SP,1,1,0,0.0,1,4.0
37303482a42fb700d8d127e70a9cd6c8,2,2,148.89,2486,1.1033465128885744e-05,0.9967972227272094,SP,2,1,0,0.0,2,3.0
f35becee938e982bd615edf8ef12bcfb,6,6,148.59,2487,1.1011233685950251e-05,0.9968082339608954,SP,6,6,0,0.0,6,4.0
8fbe2ee446b97e128471be4ce983dc0d,3,3,148.50,2488,1.1004564253069604e-05,0.9968192385251484,SP,3,3,1,0.3333333333333333,3,3.0
ca7c6bd577e559472af1c699de9e764e,8,6,148.00,2489,1.0967511848177112e-05,0.9968302060369966,SP,6,6,0,0.0,6,4.333333333333333
7d7866a99a8656a42c7ff6352a433410,5,5,147.89,2490,1.0959360319100763e-05,0.9968411653973157,SP,5,5,0,0.0,5,4.4
2a7c6c0b0d5efde2bf75ec1e1cec2d41,3,3,147.60,2491,1.093786992426312e-05,0.9968521032672399,PR,3,3,0,0.0,3,3.3333333333333335
9523fb39dd240aa958e040f8183d64f3,1,1,146.99,2492,1.0892665990294283e-05,0.9968629959332302,SP,1,1,0,0.0,1,1.0
0b3f27369a4d8df98f7eb91077e438ac,2,2,146.51,2493,1.0857095681597492e-05,0.9968738530289118,SP,2,2,0,0.0,2,4.0
4bcec44888b30ba9001234c534716d3f,5,5,146.00,2494,1.0819302228607152e-05,0.9968846723311404,SP,5,5,0,0.0,5,4.6
398cb257329ef7af7f1943a8974a3cbc,1,1,145.90,2495,1.0811891747628655e-05,0.9968954842228881,BA,1,1,0,0.0,1,5.0
8e34331b7eedd03be4e5d965c1956225,5,5,145.00,2496,1.0745197418822171e-05,0.9969062294203069,SP,5,5,1,0.2,5,4.8
f3041c2e75ec683697a6a5ea82192210,1,1,145.00,2497,1.0745197418822171e-05,0.9969169746177258,MG,1,1,0,0.0,1,5.0
0daf5180aa44356f60f8effa533b55a2,2,2,144.80,2498,1.0730376456865176e-05,0.9969277049941827,GO,2,2,1,0.5,2,5.0
553a440137d6e0cf776aee0bb83ac9f5,2,2,144.80,2499,1.0730376456865176e-05,0.9969384353706395,SP,2,2,1,0.5,2,1.0
15ac3c501e2599e4917316fde5c5669a,1,1,144.20,2500,1.0685913570994186e-05,0.9969491212842105,SP,1,0,0,,1,1.0
4a82c4af97ffc0fb2dc26bfdc03b1842,3,3,143.70,2501,1.0648861166101696e-05,0.9969597701453766,MG,3,3,0,0.0,3,5.0
c8143b3069f6746a77421b5ce30a450c,1,1,142.47,2502,1.0557712250066171e-05,0.9969703278576267,GO,1,1,0,0.0,1,5.0
2f9b7ce230a057a98a9f5df5893ee36c,2,2,141.82,2503,1.0509544123705933e-05,0.9969808374017503,SP,2,2,0,0.0,2,4.5
d3891911c2feae53c52fea2bd14054e5,2,2,141.00,2504,1.044877817968225e-05,0.9969912861799299,SP,2,2,0,0.0,2,5.0
0e72c1a751b496722a6cb1f10653b62a,3,3,140.80,2505,1.0433957217725255e-05,0.9970017201371477,SP,3,3,0,0.0,3,4.666666666666667
50a7e551a7b3f8d37cd6e32d8bfbe5ea,1,1,140.00,2506,1.0374673369897269e-05,0.9970120948105177,SP,1,1,0,0.0,1,5.0
a89e143d5211473ae18db9577ee34b64,2,2,140.00,2507,1.0374673369897269e-05,0.9970224694838876,SP,2,1,0,0.0,2,3.0
52a50b42accf164f9f019941e5759d9b,4,4,139.96,2508,1.037170917750587e-05,0.9970328411930651,SP,4,4,1,0.25,4,4.75
19d62d484cba71963c93f0f00ab42013,1,1,139.90,2509,1.0367262888918771e-05,0.997043208455954,SC,1,1,0,0.0,1,4.0
3f8247d0f772ffa58560e5c682521ad5,1,1,139.90,2510,1.0367262888918771e-05,0.9970535757188429,SC,1,0,0,,1,3.0
d8bf0fc082fd4a77fc2e5679b6c00133,1,1,139.90,2511,1.0367262888918771e-05,0.9970639429817318,SP,1,1,0,0.0,1,5.0
fa8d335d68129e464e60c1826a683e96,1,1,139.90,2512,1.0367262888918771e-05,0.9970743102446208,RS,1,1,0,0.0,1,4.0
e8ff5a6ceb895583033fc2a0f314e3c2,1,1,139.89,2513,1.036652184082092e-05,0.9970846767664615,SC,1,1,0,0.0,1,5.0
1b0b0f4f95e962d6f32fe90c759d0479,2,2,139.80,2514,1.0359852407940274e-05,0.9970950366188696,SP,2,2,0,0.0,2,5.0
59bbc819b99a733f02f0d6b49d1c253d,2,2,139.80,2515,1.0359852407940274e-05,0.9971053964712775,SP,2,2,0,0.0,2,5.0
a154d7316f158bb42e6fa18bbe3afd3a,2,2,139.80,2516,1.0359852407940274e-05,0.9971157563236853,SP,2,2,1,0.5,2,3.0
6a53b90c3ad9e0b56d9fe5c69165fff5,4,2,139.78,2517,1.0358370311744573e-05,0.9971261146939971,PR,2,2,0,0.0,2,3.5
657969cca82e884d272385ec0ef06edd,3,3,139.70,2518,1.0352441926961775e-05,0.9971364671359241,RS,3,3,0,0.0,3,4.666666666666667
63b9ae557efed31d1f7687917d248a8d,7,5,139.50,2519,1.0337620965004778e-05,0.9971468047568891,SP,5,5,0,0.0,5,4.2
26e2e5033827d2ba53929f43e03d8ffe,1,1,139.49,2520,1.033687991690693e-05,0.997157141636806,SP,1,1,0,0.0,1,5.0
4a5b36211b1f51bf7eaa5c10a57fa483,1,1,139.19,2521,1.0314648473971435e-05,0.9971674562852799,RJ,1,1,0,0.0,1,5.0
57a834594e1e9e9219603bfec184eadc,1,1,139.00,2522,1.0300568560112288e-05,0.99717775685384,RS,1,1,0,0.0,1,5.0
5a9b3bcab695173c820e53934574ae80,1,1,139.00,2523,1.0300568560112288e-05,0.9971880574224001,SP,1,1,0,0.0,1,5.0
712efd3b68f9686dc856b84abd0f21ae,1,1,139.00,2524,1.0300568560112288e-05,0.9971983579909603,PR,1,1,0,0.0,1,4.0
c747d5b92c7648417faea95d36d763e8,1,1,139.00,2525,1.0300568560112288e-05,0.9972086585595205,CE,1,1,0,0.0,1,5.0
f114dca2828bf718548db175ebe2cfcd,1,1,139.00,2526,1.0300568560112288e-05,0.9972189591280806,PR,1,1,0,0.0,1,1.0
f049a72cf58fd31b11f8919cade515e7,4,3,138.75,2527,1.0282042357666043e-05,0.9972292411704382,SP,2,2,0,0.0,2,4.5
717b78b0950b51ed00b1471d858b0edc,5,5,138.60,2528,1.0270926636198296e-05,0.9972395120970744,SP,5,5,1,0.2,5,4.0
96f7c797de9ca20efbe14545bed63eec,3,1,138.60,2529,1.0270926636198296e-05,0.9972497830237107,SP,1,1,0,0.0,1,1.0
8cb7c5ddf41f4d506eba76e9a4702a25,2,2,138.00,2530,1.0226463750327307e-05,0.997260009487461,GO,2,1,0,0.0,2,3.0
044668ccd5316b12a7cf0d54a156e3e9,4,3,137.80,2531,1.0211642788370312e-05,0.9972702211302493,SP,3,3,0,0.0,3,5.0
83d7070a0b9a8b4625fa8682b819fabb,1,1,137.77,2532,1.0209419644076763e-05,0.9972804305498933,SP,1,0,0,,1,1.0
0b64bcdb0784abc139af04077d49a20e,4,4,137.60,2533,1.0196821826413315e-05,0.9972906273717198,RS,4,4,0,0.0,4,4.75
ea846a0e7ad98a741783e886d89dfa44,3,2,137.00,2534,1.0152358940542327e-05,0.9973007797306604,SP,2,2,0,0.0,2,5.0
b7ba853e9551f4558440881fd3e5c815,1,1,136.90,2535,1.0144948459563829e-05,0.9973109246791199,RS,1,1,0,0.0,1,1.0
db6a4d4b5f1f5f98820ce6ce2619e2de,1,1,135.99,2536,1.0077513082659498e-05,0.9973210021922025,SP,1,1,0,0.0,1,5.0
377bc18334c78dd2f1535ef22a3ad225,1,1,135.98,2537,1.0076772034561646e-05,0.9973310789642371,PR,1,1,0,0.0,1,5.0
dd39ad39b5d3df33037e141c72497ba6,2,2,135.80,2538,1.0063433168800352e-05,0.997341142397406,SP,2,2,0,0.0,2,5.0
e3e290b38963293022cdcd6db8328103,3,3,135.70,2539,1.0056022687821851e-05,0.9973511984200938,SP,1,1,0,0.0,1,5.0
59de1d4c8c057c2a53acd4ca66531af2,1,1,135.00,2540,1.0004149320972367e-05,0.9973612025694147,PR,1,1,0,0.0,1,5.0
7c4adcc13272c0e26fa23aac642adb7b,2,2,135.00,2541,1.0004149320972367e-05,0.9973712067187357,RJ,2,2,1,0.5,2,3.0
83c8aafbefb034674a70de0eac5b8954,2,2,134.90,2542,9.996738839993869e-06,0.9973812034575757,PR,2,2,0,0.0,2,5.0
5def4c3732941a971cba8fdee992ede1,6,5,134.80,2543,9.989328359015371e-06,0.9973911927859347,SP,5,5,0,0.0,5,4.6
92c8bc6e8f925792247656fed09aad65,2,2,134.80,2544,9.989328359015371e-06,0.9974011821142937,SP,2,2,1,0.5,2,3.0
c5e60e39c0f42b8e827daa13cff74afa,8,6,134.00,2545,9.930044511187386e-06,0.9974111121588048,SP,4,4,1,0.25,4,4.75
8e4f041ff58e7845456d3482524014b3,2,2,133.80,2546,9.91522354923039e-06,0.9974210273823542,RS,2,2,1,0.5,2,3.0
062c325cd6a2b87845fab56b4ec2eeae,2,2,133.22,2547,9.872242759555101e-06,0.9974308996251137,SP,2,2,0,0.0,2,5.0
c87abc38c8ed3240861729e1aeadf221,1,1,133.00,2548,9.855939701402405e-06,0.997440755564815,SP,1,1,0,0.0,1,1.0
7adbd3210a7b3cc2235e225eef33574d,3,3,131.90,2549,9.774424410638926e-06,0.9974505299892257,SP,3,3,0,0.0,3,4.666666666666667
fedf2c1386e137f296b3bbf3b635e69d,5,2,131.74,2550,9.76256764107333e-06,0.9974602925568669,SP,2,2,0,0.0,2,3.5
a218df5c097b0ca409cfaac1488cc7f6,4,4,130.69,2551,9.6847575907991e-06,0.9974699773144575,SP,3,3,0,0.0,3,2.3333333333333335
939f6e231201f26803cb5c3a3d2940b3,4,3,130.60,2552,9.678088157918451e-06,0.9974796554026154,SP,3,3,0,0.0,3,4.666666666666667
2f3d8b4c9e2ee165075331fea3f3095a,1,1,130.00,2553,9.633625272047464e-06,0.9974892890278875,SC,1,1,0,0.0,1,5.0
88af55b4a7ca402b27df16f7c7c9b5d2,1,1,130.00,2554,9.633625272047464e-06,0.9974989226531595,SP,1,0,0,,1,1.0
9fe7c6641c79970ab48185498f547c09,1,1,130.00,2555,9.633625272047464e-06,0.9975085562784316,SP,1,1,0,0.0,1,5.0
dc120d932ddf9d4dfb6fd68beefda622,1,1,130.00,2556,9.633625272047464e-06,0.9975181899037037,PR,,,,,,
0f80a40c312b2472dca482cf50f5186f,1,1,129.90,2557,9.626214791068967e-06,0.9975278161184947,SP,1,1,0,0.0,1,3.0
b6f52e346160519c24a23af05410ad32,1,1,129.90,2558,9.626214791068967e-06,0.9975374423332859,SP,1,1,0,0.0,1,4.0
e5def42655b7490edac5a56fe8e9e603,1,1,129.90,2559,9.626214791068967e-06,0.997547068548077,SP,1,1,0,0.0,1,5.0
87f3e35268860433e13d577825aada95,2,2,129.80,2560,9.618804310090469e-06,0.9975566873523869,SP,2,1,0,0.0,1,1.0
44ed138eca6214d572ce1d813fb0049b,3,2,129.79,2561,9.618063261992617e-06,0.9975663054156491,RS,2,2,0,0.0,2,4.5
45c20d94d9171b0bcfab3c955e47d67b,4,4,129.46,2562,9.593608674763575e-06,0.9975758990243238,SP,4,4,0,0.0,4,4.5
ef728fa1f17436c91ed1ccd03dcf9631,4,3,128.70,2563,9.537289019326989e-06,0.9975854363133431,SP,3,3,0,0.0,3,4.333333333333333
538caafddff204241cecbf3a02e6b3cf,8,8,128.40,2564,9.515057576391496e-06,0.9975949513709196,SP,8,8,4,0.5,8,2.75
391bbd13b6452244774beff1824006ed,2,2,127.80,2565,9.470594690520507e-06,0.9976044219656099,SP,2,1,1,1.0,2,1.0
47f55702f598c7c6cc8458b0fbc1c49a,2,2,127.50,2566,9.448363247585013e-06,0.9976138703288575,MG,2,1,0,0.0,1,5.0
5bc237df65098fe211bb4818f4d26d78,2,2,126.80,2567,9.396489880735526e-06,0.9976232668187384,MG,2,2,0,0.0,2,4.5
7c9130f5f3729edd32aa059141d92484,4,3,126.00,2568,9.337206032907542e-06,0.9976326040247713,SP,3,3,0,0.0,3,3.3333333333333335
c26ba52cf8d2f34915f2f6b7ffa0a3f3,4,4,125.96,2569,9.334241840516142e-06,0.9976419382666117,RJ,4,3,0,0.0,4,4.0
f9a02f1922d1de564392e656d82b3fda,1,1,125.90,2570,9.329795551929045e-06,0.9976512680621636,SP,1,0,0,,1,4.0
934ed5cd1b9c1c7382d0a94a94b9e639,1,1,125.85,2571,9.326090311439794e-06,0.9976605941524751,PR,1,1,0,0.0,1,5.0
788f22bafdd7ab0e1e79f19db72f16a4,2,2,125.80,2572,9.322385070950546e-06,0.9976699165375461,SP,2,2,0,0.0,2,4.5
9558aa23f77a9e0a0eca83540999f43b,2,2,125.70,2573,9.314974589972048e-06,0.997679231512136,PR,2,1,0,0.0,2,3.0
570d4583587a5fe2d47c7be89b91ad27,2,2,125.25,2574,9.281627425568807e-06,0.9976885131395615,SP,2,2,0,0.0,2,5.0
57df9869a600bd6b7c405f2a862eccfb,5,5,125.00,2575,9.263101223122562e-06,0.9976977762407847,MG,5,5,0,0.0,5,4.4
c092292535a57dacd95a8765f5518f87,1,1,125.00,2576,9.263101223122562e-06,0.9977070393420078,RJ,1,1,0,0.0,1,5.0
ff82e8873fba613f2261a9acc896fd84,4,4,124.60,2577,9.23345929920857e-06,0.9977162728013071,MG,4,4,0,0.0,4,3.5
693660429f9dc4ff704eb3d88dad54d7,2,2,124.00,2578,9.18899641333758e-06,0.9977254617977205,SP,2,2,0,0.0,2,4.0
08061dc0fc165ed41288cc7acde738ee,4,4,123.80,2579,9.174175451380584e-06,0.9977346359731718,SP,4,4,1,0.25,4,4.5
8d92f3ea807b89465643c219455e7369,8,3,121.20,2580,8.981502945939635e-06,0.9977436174761177,SP,3,3,2,0.6666666666666666,3,1.0
89757206b887aed36f3e18d858460fea,2,2,120.50,2581,8.929629579090149e-06,0.9977525471056968,SP,2,2,0,0.0,2,5.0
876182d1918783bbe15233febfbd4926,3,3,120.27,2582,8.912585472839603e-06,0.9977614596911697,SP,3,3,0,0.0,3,4.0
003554e2dce176b5555353e4f3555ac8,1,1,120.00,2583,8.892577174197659e-06,0.9977703522683439,GO,1,1,0,0.0,1,5.0
1927cdb9fa74f5270097f6250e8e8f34,1,1,120.00,2584,8.892577174197659e-06,0.997779244845518,SP,1,1,0,0.0,1,5.0
698f5fa55a5f73d0740e9d9a773e8093,6,4,120.00,2585,8.892577174197659e-06,0.9977881374226922,RJ,4,4,0,0.0,4,4.75
7994081388d55b9cf976c050653dd359,1,1,120.00,2586,8.892577174197659e-06,0.9977970299998664,SP,1,1,0,0.0,1,5.0
a353b1083c9863d756d9404695016d64,1,1,120.00,2587,8.892577174197659e-06,0.9978059225770407,ES,1,1,0,0.0,1,5.0
bba8d0c234a52b87b3957037a215d1a4,1,1,120.00,2588,8.892577174197659e-06,0.9978148151542149,GO,1,1,0,0.0,1,5.0
bdf0d02d36a1d839d0c39c4a887cdd49,7,5,120.00,2589,8.892577174197659e-06,0.9978237077313891,SP,5,5,0,0.0,5,5.0
35281d148dcf7134bae913c57db4e6da,1,1,119.99,2590,8.89183612609981e-06,0.9978325995675151,SP,1,1,0,0.0,1,5.0
3903c788ded8dc03b5ebab37a2f3e9a1,5,5,119.98,2591,8.89109507800196e-06,0.9978414906625931,SP,4,4,1,0.25,4,4.25
e09887ca8c7bf8a4621ce481820414ef,4,3,119.96,2592,8.88961298180626e-06,0.9978503802755749,SP,3,2,1,0.5,3,2.3333333333333335
07a9bc7f61396b658ddf3ac534efe44c,1,1,119.90,2593,8.885166693219162e-06,0.9978592654422682,SP,1,1,0,0.0,1,3.5
674207551483fec113276b67b0d871ff,1,1,119.90,2594,8.885166693219162e-06,0.9978681506089614,SP,1,1,0,0.0,1,5.0
7c4402417d51474d4d0cda9557340e40,1,1,119.90,2595,8.885166693219162e-06,0.9978770357756546,SP,1,1,0,0.0,1,5.0
a150c540f572d0fb53992264bc5c10b5,1,1,119.90,2596,8.885166693219162e-06,0.9978859209423478,SP,1,1,0,0.0,1,4.0
d1aa1ec0839dcab73a6161130eb1f94a,1,1,119.90,2597,8.885166693219162e-06,0.997894806109041,PR,1,1,1,1.0,1,4.0
e9b6c33b71b67737693b4cfa68341c8d,1,1,119.90,2598,8.885166693219162e-06,0.9979036912757343,SP,1,1,0,0.0,1,4.0
be1e9e378700cecaa4ebf71433d7915c,2,2,119.89,2599,8.884425645121312e-06,0.9979125757013794,SP,2,2,2,1.0,2,3.0
8eb88b0acb3f90a717ad659221471fa7,2,2,119.80,2600,8.877756212240662e-06,0.9979214534575916,SC,2,2,0,0.0,2,4.5
910a922b426b7ff95eaee129ad6c0e1f,2,2,119.80,2601,8.877756212240662e-06,0.9979303312138039,SP,2,2,0,0.0,2,5.0
bf0045791395e66460eb04749c68672a,2,2,119.80,2602,8.877756212240662e-06,0.9979392089700161,SP,2,2,0,0.0,2,4.0
26e13b6ff5b641b329e5524241ee2c93,4,4,119.70,2603,8.870345731262165e-06,0.9979480793157474,SP,3,3,0,0.0,3,5.0
a9b533a26e898b12e8b8d4c07279bf4d,4,4,119.60,2604,8.862935250283667e-06,0.9979569422509976,RJ,4,4,0,0.0,4,5.0
22c32ec35d0116ef02c281798a25bf8b,6,4,119.58,2605,8.861453154087968e-06,0.9979658037041518,PR,4,4,0,0.0,4,3.75
36f98ad67cc981f50ce8aed093d5783c,2,2,119.40,2606,8.84811428832667e-06,0.9979746518184401,PR,2,2,0,0.0,2,4.0
fc38b5dceee1a730fad8853453437fbd,5,5,119.20,2607,8.833293326369675e-06,0.9979834851117664,SP,5,5,0,0.0,5,4.6
fc908879b9ca1bd65419e54e50432d38,4,4,119.20,2608,8.833293326369675e-06,0.9979923184050927,SP,4,4,0,0.0,4,5.0
e82de6494d91d3c4c54450f59b227a94,3,3,118.90,2609,8.81106188343418e-06,0.9980011294669762,SP,3,3,1,0.3333333333333333,2,5.0
fd312b6bf05efac6c3772d5b52205d8a,4,2,118.70,2610,8.796240921477184e-06,0.9980099257078978,SP,2,2,0,0.0,2,5.0
e9c2dc0dd4ac38448289be644ac94f42,3,3,118.39,2611,8.77326843044384e-06,0.9980186989763281,SC,3,3,0,0.0,3,5.0
4c60877808f4318ef1107fbeb8f89afa,2,2,118.00,2612,8.744367554627697e-06,0.9980274433438827,SP,2,2,0,0.0,2,4.0
aa1eb17b9fdf6dfd546e25c45c7b9235,4,3,117.99,2613,8.743626506529848e-06,0.9980361869703893,SP,3,3,0,0.0,3,4.666666666666667
fc5a0d7a310a7a41abf86a458585ff2b,1,1,117.90,2614,8.7369570736492e-06,0.9980449239274629,SP,1,1,0,0.0,1,4.0
40ec8ab6cdafbcc4f544da38c67da39a,2,2,117.80,2615,8.729546592670702e-06,0.9980536534740557,PR,2,2,0,0.0,2,5.0
b416191c9813d821a295cfabafff4161,2,2,117.80,2616,8.729546592670702e-06,0.9980623830206483,SP,2,2,0,0.0,2,2.5
13dd308f81fea30cc670c656b2b46cc3,3,3,117.70,2617,8.722136111692205e-06,0.99807110515676,SP,3,3,1,0.3333333333333333,3,5.0
9bade61a92bed55a25d2b67b9f4ed739,3,2,117.68,2618,8.720654015496505e-06,0.9980798258107755,PR,2,2,0,0.0,2,3.0
bca9230d3bbb4efa51872bf605a2f1ad,5,5,117.57,2619,8.712502486420156e-06,0.9980885383132619,SP,5,5,1,0.2,5,4.0
781a66c0d89e30814d49fe8b5e14cd07,1,1,115.00,2620,8.522053125272757e-06,0.9980970603663872,SP,1,1,1,1.0,1,1.0
93bef6edaa84956e8e575016449b6351,1,1,115.00,2621,8.522053125272757e-06,0.9981055824195125,SP,1,1,0,0.0,1,5.0
9bf11dfc0bec77e5a23028043c3c5a8f,1,1,115.00,2622,8.522053125272757e-06,0.9981141044726378,MG,1,1,1,1.0,1,1.0
039b29ff3b3473435d0cd59040575de9,9,9,114.90,2623,8.514642644294259e-06,0.998122619115282,SP,9,9,0,0.0,9,4.444444444444445
8c351ed7c326c62123318f4f3246e906,2,2,114.90,2624,8.514642644294259e-06,0.9981311337579263,SP,2,2,0,0.0,2,5.0
296729ffb9b684050dd24836dac4494a,2,2,114.00,2625,8.447948315487776e-06,0.9981395817062417,SP,2,2,0,0.0,2,5.0
4c4d546adf3c3868fe19c9ec6e9ffda9,3,2,111.70,2626,8.277507252982321e-06,0.9981478592134948,PR,2,2,0,0.0,2,4.0
818d28f936e791926d33bcb6ee94ef79,4,4,111.60,2627,8.270096772003822e-06,0.9981561293102669,SP,4,4,0,0.0,3,4.0
ac1ed5fc15901fbc92920361eb4ab350,1,1,110.25,2628,8.1700552787941e-06,0.9981642993655456,SP,1,0,0,,1,1.0
28d162ab86bb49d719c32f0ee6186eaa,1,1,109.99,2629,8.150788028250004e-06,0.9981724501535739,SP,1,1,0,0.0,1,4.0
2c9005d8043aff18b8557ffb7b13cda4,1,1,109.90,2630,8.144118595369357e-06,0.9981805942721691,ES,1,1,0,0.0,1,5.0
4be9ae93c4fc0f41713d71a4194ee1b3,1,1,109.90,2631,8.144118595369357e-06,0.9981887383907645,MG,1,1,0,0.0,1,5.0
e732329483fd5f27367dd997b47f598a,1,1,109.90,2632,8.144118595369357e-06,0.9981968825093599,SC,1,1,0,0.0,1,5.0
7bb8fac2913a6064ec412e583c6d8b4d,1,1,109.00,2633,8.077424266562873e-06,0.9982049599336265,SP,1,1,0,0.0,1,5.0
db7ed69a53aa9fb1c01930ba54a88bbe,1,1,109.00,2634,8.077424266562873e-06,0.998213037357893,SP,1,1,0,0.0,1,5.0
4cc43a222a0f94910728b62b97a8c5f8,1,1,108.50,2635,8.040371861670384e-06,0.9982210777297548,SP,1,1,0,0.0,1,3.0
bb3dca718920a4d7ec3cc9ffb025108b,3,2,108.00,2636,8.003319456777893e-06,0.9982290810492115,SP,2,2,0,0.0,2,3.0
e88165a185134e13fdfc85d4fa654db8,2,2,108.00,2637,8.003319456777893e-06,0.9982370843686683,SP,2,2,1,0.5,2,3.0
ec21206b7894c503788a684a7bc822a6,2,2,107.90,2638,7.995908975799395e-06,0.9982450802776441,RJ,2,1,0,0.0,2,3.5
941554c5757b73ba0e50aa7732310afc,4,3,107.69,2639,7.980346965744548e-06,0.9982530606246098,SP,3,3,0,0.0,3,4.666666666666667
44717f64ec2a457979cf83c429077666,3,2,107.00,2640,7.929214646992913e-06,0.9982609898392568,RS,2,2,0,0.0,2,5.0
077c5fae4bea9500e3737b16f71b9d3a,6,4,106.80,2641,7.914393685035917e-06,0.9982689042329419,SP,4,4,0,0.0,4,4.5
a69aa24cec11168e7e39a3fbc727e925,3,3,105.97,2642,7.852886692914383e-06,0.9982767571196347,SP,3,3,0,0.0,3,5.0
271b8923c6a549e02d3c9fd1f8c0422b,1,1,105.19,2643,7.795084941282097e-06,0.9982845522045761,SP,1,1,1,1.0,1,4.0
3d2400ac620cffa23ac81bd192f7f555,1,1,105.00,2644,7.781005027422952e-06,0.9982923332096035,SP,1,1,0,0.0,1,5.0
3bb32fedaa74e4ad20f4ce067733bd31,3,2,103.70,2645,7.684668774702477e-06,0.9983000178783782,SC,2,2,0,0.0,2,4.5
62de60d81c55c29d76a6bce418b31cef,1,1,103.00,2646,7.63279540785299e-06,0.998307650673786,SP,1,1,0,0.0,1,4.0
461ff5303b6c9c1a4a07f40c5aece516,3,3,102.70,2647,7.6105639649174965e-06,0.9983152612377509,PR,2,2,0,0.0,2,5.0
ab91571efab27993ff2f6b36e38055c3,4,3,102.24,2648,7.576475752416405e-06,0.9983228377135034,SP,3,3,1,0.3333333333333333,3,4.666666666666667
160851d3ece7aa1a510f8d1a4bb8a8af,2,2,102.05,2649,7.562395838557259e-06,0.9983304001093419,SP,2,2,0,0.0,2,5.0
be67f78487e2cecb0d55bc769709e4f5,1,1,102.00,2650,7.55869059806801e-06,0.99833795879994,MG,1,1,0,0.0,1,5.0
96e5dc09087bad639b4ee193104ec2e5,2,2,101.90,2651,7.5512801170895125e-06,0.9983455100800571,RJ,2,2,0,0.0,2,4.5
4fae87d32467e18eb46e4a76a0a0b9ce,1,1,100.90,2652,7.477175307304532e-06,0.9983529872553644,RS,1,1,0,0.0,1,5.0
a4fc6eadaff1576af888509a53420f6a,1,1,100.86,2653,7.474211114913133e-06,0.9983604614664793,SP,1,1,0,0.0,1,3.0
011b0eaba87386a2ae96a7d32bb531d1,2,1,99.98,2654,7.40899888230235e-06,0.9983678704653617,SP,1,1,0,0.0,1,4.0
79b93a308a97792cf53ac75f46da00b5,1,1,99.90,2655,7.403070497519552e-06,0.9983752735358591,RJ,1,1,0,0.0,1,5.0
80cfd480be3eb6d6267139f5cb793555,1,1,99.90,2656,7.403070497519552e-06,0.9983826766063566,SP,1,1,0,0.0,1,4.0
2d20f1cd18725c91147da0791d498022,1,1,99.80,2657,7.3956600165410524e-06,0.9983900722663732,PR,1,1,0,0.0,1,5.0
247587846358bb1d2e4c6522020b36fe,1,1,99.00,2658,7.3363761687130685e-06,0.9983974086425419,SP,1,1,0,0.0,1,5.0
26562f211dd1364af2a8596dc945e8ae,2,2,99.00,2659,7.3363761687130685e-06,0.9984047450187107,SP,2,2,0,0.0,2,5.0
a7c53f6b3b61adbdaa99dda97e8cbd56,1,1,99.00,2660,7.3363761687130685e-06,0.9984120813948794,SP,1,1,0,0.0,1,4.0
aa8af66c623d7d544dfe4bb85b5ebe3b,1,1,99.00,2661,7.3363761687130685e-06,0.998419417771048,MG,1,1,0,0.0,1,5.0
1fbe10c70e30765ed1de86d9f7e98409,6,2,98.75,2662,7.317849966266824e-06,0.9984267356210144,SP,2,2,0,0.0,2,2.5
9e17b9d64683aebcbb9ee362d06463b4,3,2,98.70,2663,7.314144725777575e-06,0.99843404976574,SP,2,0,0,,2,1.0
00ab3eff1b5192e5f1a63bcecfee11c8,1,1,98.00,2664,7.2622713589280885e-06,0.998441312037099,SP,1,1,0,0.0,1,5.0
5f57db27027655e6c6a391601daa0258,1,1,98.00,2665,7.2622713589280885e-06,0.9984485743084579,ES,1,1,0,0.0,1,5.0
eaaa46e98c9e61f6764dd1d7a2ab8b3e,1,1,98.00,2666,7.2622713589280885e-06,0.9984558365798168,RN,1,1,0,0.0,1,5.0
1c742ac33582852aaf3bcfbf5893abcf,1,1,97.90,2667,7.254860877949591e-06,0.9984630914406948,MG,1,1,0,0.0,1,5.0
c7bb64409aa480bb7d0335faaaf3d242,4,4,97.60,2668,7.232629435014096e-06,0.9984703240701298,SC,4,4,0,0.0,4,2.25
70126eecc6aa1274392a1743866e9678,3,3,97.40,2669,7.2178084730571005e-06,0.9984775418786029,SP,3,3,0,0.0,3,5.0
782f78b632a43875dd5b53e3e49c9564,2,1,97.34,2670,7.213362184470001e-06,0.9984847552407874,SP,1,1,0,0.0,1,5.0
270572bb714b00531be85e16e1550f26,1,1,96.99,2671,7.187425501045258e-06,0.9984919426662884,SP,1,1,0,0.0,1,5.0
034b9387752bfa309f350a70cd45ffa3,8,8,96.00,2672,7.114061739358127e-06,0.9984990567280277,SC,8,8,0,0.0,8,4.5
f43827dd686be3a4a80e00aa299990fb,2,1,95.54,2673,7.079973526857036e-06,0.9985061367015545,SP,1,1,0,0.0,1,2.0
22a23e5ac7061fc538cc2a019afaaf16,1,1,95.00,2674,7.039956929573147e-06,0.9985131766584842,MG,1,1,0,0.0,1,3.0
623ad9d0c1e14bb5464a8c72bff7b4af,1,1,95.00,2675,7.039956929573147e-06,0.9985202166154137,MG,1,1,0,0.0,1,4.0
74a9b9bddf14ece02beb81f52c41a88d,2,2,95.00,2676,7.039956929573147e-06,0.9985272565723433,SP,1,1,0,0.0,1,5.0
7a073a40a9d3f1fee8bc45670ea1e909,1,1,95.00,2677,7.039956929573147e-06,0.9985342965292728,PR,1,0,0,,1,1.0
61f159ef6da2d441951d2c0efa719362,2,2,94.98,2678,7.038474833377447e-06,0.9985413350041062,ES,2,0,0,,2,1.0
8cf21434553b02cbd37c0bbd07e041b0,2,2,94.98,2679,7.038474833377447e-06,0.9985483734789397,SC,2,1,0,0.0,2,2.5
253c025bab43881055aeecde5e2d8b77,2,2,94.82,2680,7.0266180638118495e-06,0.9985554000970035,PR,2,2,1,0.5,2,4.5
43b2c864251aa0ce4030c746984e088a,2,2,94.80,2681,7.02513596761615e-06,0.998562425232971,DF,2,2,0,0.0,2,3.0
443d880f15cbd3572885e1d44bf2c478,2,1,94.80,2682,7.02513596761615e-06,0.9985694503689387,SP,1,1,0,0.0,1,2.0
7a704e63bb29c446869efde5d57524c8,1,1,94.49,2683,7.002163476582807e-06,0.9985764525324153,PR,1,1,0,0.0,1,5.0
6235903333ba7de1928c869e268e5964,1,1,94.06,2684,6.970298408375265e-06,0.9985834228308237,SC,1,1,0,0.0,1,5.0
2aafae69bf4c41fbd94053d9413e87ee,2,2,94.00,2685,6.965852119788166e-06,0.9985903886829435,RS,1,1,0,0.0,1,5.0
376d67b61dce0c990155286e7ae486a4,1,1,94.00,2686,6.965852119788166e-06,0.9985973545350633,SP,1,1,0,0.0,1,4.0
5305693ffae2d3463377b1f6fe67b15a,1,1,93.56,2687,6.933246003482775e-06,0.9986042877810667,SP,1,1,0,0.0,1,5.0
6b2612338467c08c9b25f0cc55b1578d,1,1,92.90,2688,6.8843368290246884e-06,0.9986111721178957,PR,1,1,0,0.0,1,4.0
01266d4c46afa519678d16a8b683d325,3,3,90.25,2689,6.687959083094489e-06,0.9986178600769788,PR,3,3,0,0.0,3,5.0
1cbcd2ee0afb3fc09963b87eb65e7e4f,3,1,90.00,2690,6.669432880648244e-06,0.9986245295098595,PR,1,1,0,0.0,1,5.0
52b53f7061969fe471d119b6195da864,1,1,90.00,2691,6.669432880648244e-06,0.9986311989427401,SP,1,1,0,0.0,1,5.0
f8f35af4634605e6693c17cc3ffff5a8,1,1,90.00,2692,6.669432880648244e-06,0.9986378683756207,MG,1,1,0,0.0,1,5.0
6d04126aba80df143fd038e711b8fd96,1,1,89.99,2693,6.668691832550394e-06,0.9986445370674534,RJ,1,1,1,1.0,1,1.0
d7d517afce974cd491b8d52bb5b5b1fc,1,1,89.99,2694,6.668691832550394e-06,0.9986512057592859,SP,1,1,0,0.0,1,4.0
8dd386be0767c330276ea6a3f96532d3,2,1,89.98,2695,6.667950784452545e-06,0.9986578737100704,SC,1,1,0,0.0,1,5.0
741f8c587cb4248ebc5b779a0e8e0e51,5,5,89.95,2696,6.665727640158996e-06,0.9986645394377105,SP,5,5,1,0.2,5,4.0
154bdf805377afea75a3bd158e9eab10,1,1,89.90,2697,6.662022399669747e-06,0.9986712014601102,SP,1,1,1,1.0,1,1.0
2bdb95a56a36ebbc6640337ac5eac174,1,1,89.90,2698,6.662022399669747e-06,0.9986778634825099,SP,1,1,0,0.0,1,5.0
4aba6a02a788d3ec81c03137144d9a80,1,1,89.90,2699,6.662022399669747e-06,0.9986845255049095,SC,1,1,0,0.0,1,5.0
83d458c0d6d4f94295d63f091460bd60,1,1,89.90,2700,6.662022399669747e-06,0.9986911875273091,SP,1,0,0,,1,5.0
889009a0ed0bb52c87819941192931b8,1,1,89.90,2701,6.662022399669747e-06,0.9986978495497089,SP,1,1,0,0.0,1,4.0
97e50a621f8e801f4baf69e08687c192,1,1,89.90,2702,6.662022399669747e-06,0.9987045115721086,SP,1,1,0,0.0,1,5.0
a72f15980dc3e9bfd1a49ac9b2f3af65,1,1,89.90,2703,6.662022399669747e-06,0.9987111735945082,SP,1,1,0,0.0,1,4.0
5741dc2bf5044c34d0698681c5081bed,3,3,89.70,2704,6.64720143771275e-06,0.998717820795946,SP,3,3,0,0.0,3,5.0
b8d890108a7a80e4f5d59eea9f362438,3,2,89.70,2705,6.64720143771275e-06,0.9987244679973836,PR,2,2,1,0.5,2,3.5
6624bc09786f0e41ae48dfc5eeb1a9e2,1,1,89.54,2706,6.635344668147154e-06,0.9987311033420517,MG,1,1,0,0.0,1,5.0
499185655c29ecfdbfe776ef7cf875b5,1,1,89.00,2707,6.5953280708632635e-06,0.9987376986701226,RS,1,1,0,0.0,1,4.0
b3809b8d4394588a47c8470ea331e135,1,1,89.00,2708,6.5953280708632635e-06,0.9987442939981935,SP,1,1,0,0.0,1,4.0
da2782c804606d2a5d8e1760dbb3e7ec,1,1,89.00,2709,6.5953280708632635e-06,0.9987508893262643,SP,1,1,1,1.0,1,1.0
65c255b299faf2d12050937cc219c46c,2,2,88.20,2710,6.5360442230352795e-06,0.9987574253704874,SP,2,2,0,0.0,2,4.5
fa7ad8ae9bcb2c4493fdf38e96b1d74f,2,1,88.00,2711,6.5212232610782835e-06,0.9987639465937485,SP,1,0,0,,1,1.0
466222e777149751370e7e98fb623b0c,1,1,87.90,2712,6.513812780099786e-06,0.9987704604065285,RJ,1,1,0,0.0,1,5.0
dd264199fc8b687ad029de7de6d760e6,1,1,87.90,2713,6.513812780099786e-06,0.9987769742193087,PR,1,1,0,0.0,1,5.0
9cea4682e16655f7da87f406902e989e,9,4,87.76,2714,6.5034381067298885e-06,0.9987834776574154,PR,4,4,0,0.0,4,4.0
2fa13c8bd5705d279f7ed5cc9ec61c68,4,2,87.40,2715,6.4767603752072956e-06,0.9987899544177906,SP,2,2,0,0.0,2,5.0
4fe2f67634d00c021aa01f96b6f2d68e,2,2,86.80,2716,6.432297489336307e-06,0.9987963867152799,PR,2,2,0,0.0,2,5.0
60da8bfa7eebe230b7d66ac4082d79b3,3,3,86.60,2717,6.41747652737931e-06,0.9988028041918073,SP,3,3,1,0.3333333333333333,3,4.333333333333333
b86a47b3366e3b5424a7b225781f4908,1,1,86.50,2718,6.410066046400812e-06,0.9988092142578537,MG,1,1,0,0.0,1,3.0
00d8b143d12632bad99c0ad66ad52825,1,1,86.00,2719,6.373013641508322e-06,0.9988155872714953,MG,1,1,0,0.0,1,5.0
20fd2d2080ed85fa67fad3fcbb2c1813,1,1,85.90,2720,6.365603160529824e-06,0.9988219528746557,PR,1,0,0,,1,1.0
a2b911e9ad40dc7d61c142a4683e2d85,1,1,85.90,2721,6.365603160529824e-06,0.9988283184778163,RJ,1,1,0,0.0,1,5.0
5566627eab3fe93fd6ee08798226101a,5,5,85.50,2722,6.335961236615832e-06,0.9988346544390528,PR,5,5,0,0.0,5,4.4
2b5ed0c9139dae8883a200dfcb272ece,4,4,85.41,2723,6.329291803735184e-06,0.9988409837308566,SP,4,4,1,0.25,4,4.25
b5dd7151a92ccaaa282cbe9681a05f44,1,1,85.00,2724,6.298908831723342e-06,0.9988472826396884,SP,1,1,0,0.0,1,5.0
cb5ff1b9715e99589f3e0c7a6afab9e3,4,4,85.00,2725,6.298908831723342e-06,0.9988535815485201,PR,4,4,0,0.0,4,4.0
0dfbed20065e425d2eaefb101f9816c0,3,3,84.35,2726,6.250740705363104e-06,0.9988598322892254,SP,3,3,1,0.3333333333333333,3,2.6666666666666665
324583d68897f5ddbaf38f6248322176,3,2,84.00,2727,6.224804021938361e-06,0.9988660570932474,SP,1,1,1,1.0,1,1.0
7f02656561b680def9986c0795a8a080,2,2,84.00,2728,6.224804021938361e-06,0.9988722818972693,SP,2,1,0,0.0,2,3.0
dedcab67899479e4ea5dcc4eba47f587,2,2,84.00,2729,6.224804021938361e-06,0.9988785067012912,SC,2,2,0,0.0,2,4.5
f5b84683a9bf9e1df748cf40f601b39c,1,1,83.90,2730,6.2173935409598635e-06,0.9988847240948322,SP,1,1,0,0.0,1,5.0
11d4c477d09821164bca4f70a2eae031,4,3,83.04,2731,6.15366340454478e-06,0.9988908777582368,SP,3,3,0,0.0,3,5.0
a56a8043ebf66e42119618fb8cf232c6,1,1,83.00,2732,6.150699212153381e-06,0.998897028457449,SC,1,1,0,0.0,1,5.0
c542f5a8c64d973f30e9df8d06f70b4a,1,1,81.00,2733,6.002489592583419e-06,0.9989030309470416,SP,1,0,0,,1,1.0
ba8e85df286308fe68a2ce83a8f8b2d6,1,1,80.90,2734,5.995079111604922e-06,0.9989090260261531,SC,1,1,0,0.0,1,5.0
52454f90d4c30c016768db02f88c1a74,5,3,80.50,2735,5.96543718769093e-06,0.9989149914633407,SP,3,3,0,0.0,3,3.6666666666666665
1a8e2d9c38b84a9702ac7922924b0573,1,1,80.00,2736,5.9283847827984394e-06,0.9989209198481236,SC,1,1,0,0.0,1,5.0
8b11118053756a9a2932f447e11fc1b5,1,1,79.99,2737,5.927643734700589e-06,0.9989268474918582,SP,1,1,0,0.0,1,3.0
a45765f8afb1e594b22bf9e974b46765,1,1,79.99,2738,5.927643734700589e-06,0.998932775135593,SP,1,1,0,0.0,1,4.0
c0f3eea2e14555b6faeea3dd58c1b1c3,1,1,79.99,2739,5.927643734700589e-06,0.9989387027793277,SP,1,1,0,0.0,1,5.0
0f519b0d2e5eb2227c93dd25038bfc01,1,1,79.90,2740,5.920974301819942e-06,0.9989446237536296,SP,1,1,0,0.0,1,5.0
9591fc341b1bfb7ef561e2968ec6e011,1,1,79.90,2741,5.920974301819942e-06,0.9989505447279314,SP,1,0,0,,1,1.0
9fbd5666d8618fa571c4230fafa09bd6,1,1,79.90,2742,5.920974301819942e-06,0.9989564657022331,SP,1,1,0,0.0,1,5.0
b5b800c4065bebf4d3442311c9857344,1,1,79.90,2743,5.920974301819942e-06,0.9989623866765349,SP,1,1,0,0.0,1,5.0
ca5832c6960267b71041f74bb39e8b12,1,1,79.90,2744,5.920974301819942e-06,0.9989683076508368,SC,1,1,1,1.0,1,1.0
cd233f8bfa30ebfd651f47ee7d054951,1,1,79.90,2745,5.920974301819942e-06,0.9989742286251386,SP,1,1,0,0.0,1,5.0
dcb7367a92f5ffb89f1e2152ed260285,1,1,79.90,2746,5.920974301819942e-06,0.9989801495994405,SP,1,1,0,0.0,1,5.0
a7b7354cc588f7566a848bcbb1ce3d96,2,2,79.80,2747,5.913563820841443e-06,0.9989860631632612,SP,2,2,0,0.0,2,4.0
aa17b35ce4de7b565be3249ba838944f,2,2,79.80,2748,5.913563820841443e-06,0.9989919767270822,SP,2,2,0,0.0,2,4.5
c2bda99904207edd1834f03e0022b007,2,2,79.80,2749,5.913563820841443e-06,0.9989978902909029,SP,2,1,0,0.0,2,2.5
e5bd51692380fd8cabb19b756b95e714,2,2,79.80,2750,5.913563820841443e-06,0.9990038038547238,SP,2,2,2,1.0,2,3.0
519a7aa428f18d125a283cf8c014fdd6,3,3,79.70,2751,5.906153339862945e-06,0.9990097100080636,SC,3,3,0,0.0,3,4.0
918f6fbcf3ab724d805867303e593a1b,3,2,79.70,2752,5.906153339862945e-06,0.9990156161614036,SP,2,2,0,0.0,2,4.0
c8665a4dd081a2c436b1cd921079d0d9,1,1,79.39,2753,5.883180848829601e-06,0.9990214993422524,SP,1,1,0,0.0,1,5.0
babcc0ab201e4c60188427cae51a5b8b,1,1,79.00,2754,5.854279973013459e-06,0.9990273536222254,SP,1,1,0,0.0,1,5.0
166e8f1381e09651983c38b1f6f91c11,2,2,78.80,2755,5.839459011056463e-06,0.9990331930812364,SC,2,2,0,0.0,2,5.0
15b3b1b81484422eb41df68ac87f1f50,2,2,78.35,2756,5.806111846653221e-06,0.999038999193083,SP,2,1,0,0.0,2,1.0
8132b9bd16876e1b0f8808d43825dd48,1,1,77.90,2757,5.772764682249981e-06,0.9990447719577653,SC,1,1,0,0.0,1,5.0
739c7d7be81f63812dea0d1b1451c651,2,2,77.50,2758,5.743122758335988e-06,0.9990505150805237,PB,2,2,0,0.0,2,4.0
ec2e006556300a79a5a91e4876ab3a56,6,2,77.40,2759,5.735712277357491e-06,0.999056250792801,SP,2,2,1,0.5,2,1.5
5de1c80811ce7007f62f00d971236c09,2,2,76.80,2760,5.691249391486502e-06,0.9990619420421926,SC,2,2,0,0.0,2,5.0
3e51f9cbe317bc3a88f2c76583811ee4,1,1,76.09,2761,5.638634976539166e-06,0.999067580677169,SP,1,1,0,0.0,1,5.0
497709c2976a8fa308730a2dec5b0726,2,1,76.00,2762,5.631965543658517e-06,0.9990732126427128,SP,1,1,0,0.0,1,5.0
43a5d4a57af536fddc96d08be3afdfcb,1,1,75.00,2763,5.557860733873537e-06,0.9990787705034466,MG,,,,,,
6dd7dce75cd55c1ce255dc38d9f0cd46,1,1,75.00,2764,5.557860733873537e-06,0.9990843283641805,SC,1,1,0,0.0,1,4.0
a1bea9970d8f65b240555f99c2214f7f,1,1,75.00,2765,5.557860733873537e-06,0.9990898862249143,PR,1,1,0,0.0,1,3.0
c85d7b477a709c85a1e8b8f25aa1b270,2,1,75.00,2766,5.557860733873537e-06,0.9990954440856482,SP,1,0,0,,1,1.0
d52cbce9845184537284a23c3bc3da0e,4,2,75.00,2767,5.557860733873537e-06,0.9991010019463822,SC,2,2,0,0.0,2,5.0
05aebce0b5c8f0d41b29b686f2d05fd3,2,2,74.99,2768,5.557119685775686e-06,0.9991065590660678,SP,2,2,1,0.5,2,5.0
217f005bb37ff3aeef5b2ae1788e75ba,3,3,74.97,2769,5.555637589579988e-06,0.9991121147036575,SP,3,2,0,0.0,3,3.3333333333333335
9c3a1c416c765687bc79a04113269929,1,1,74.90,2770,5.550450252895039e-06,0.9991176651539103,MG,1,1,0,0.0,1,1.0
6187a137b2af59dfdbad8d9f8c373c14,2,2,74.80,2771,5.54303977191654e-06,0.9991232081936823,SP,2,2,0,0.0,2,3.0
a90a5da8b09e44264a177c0374a5ac87,3,3,74.70,2772,5.5356292909380426e-06,0.9991287438229732,PR,3,3,0,0.0,3,4.333333333333333
d8d9567d0bfb0bc7eb845a205ba42657,4,4,74.60,2773,5.528218809959544e-06,0.9991342720417832,SP,3,3,2,0.6666666666666666,3,4.333333333333333
164a5a8794e6d42e14f55e447b12a3bc,1,1,73.99,2774,5.483014875990706e-06,0.9991397550566591,PR,1,1,0,0.0,1,5.0
a7d0f8dd44f57ef6de7f7f02e3d82630,2,2,73.79,2775,5.468193914033711e-06,0.9991452232505731,SP,2,2,0,0.0,2,4.5
204b4e07bddef3c9b317f70189135b22,1,1,73.40,2776,5.439293038217568e-06,0.9991506625436114,MG,,,,,,
d4d99b60c4c94cd35acd502cec65dc8d,1,1,72.90,2777,5.402240633325079e-06,0.9991560647842447,SP,1,1,0,0.0,1,3.0
e5c84227854980f1db19a58958c551d9,4,4,72.81,2778,5.39557120044443e-06,0.9991614603554452,PR,4,4,0,0.0,4,4.75
f0ec6a2adb05c62655a26dd347b8dede,2,1,72.00,2779,5.335546304518595e-06,0.9991667959017497,SP,1,0,0,,1,1.0
8f0fbe2cd4d472157dc1cdef6edecaa9,2,2,71.88,2780,5.326653727344397e-06,0.9991721225554769,SP,1,1,0,0.0,1,5.0
028872bfa080090a9d0abd4f1af168f8,3,1,70.50,2781,5.224389089841125e-06,0.9991773469445668,MG,1,1,0,0.0,1,5.0
4003520d80d0bad1d5623f7aa3c63cda,1,1,70.00,2782,5.1873366849486345e-06,0.9991825342812518,RJ,1,1,0,0.0,1,1.0
bbf4a892cac7b82422baa711dffb8997,1,1,70.00,2783,5.1873366849486345e-06,0.9991877216179367,PR,1,1,0,0.0,1,5.0
e4f121bf6ef8b9a1d4d3e65dd0473fab,2,2,70.00,2784,5.1873366849486345e-06,0.9991929089546217,SP,2,2,1,0.5,2,3.0
f90f77ef2799a27f80d90c425ca944f7,1,1,70.00,2785,5.1873366849486345e-06,0.9991980962913066,PR,1,1,0,0.0,1,5.0
0a198e95d32b1be2da9424c962a6ebfa,1,1,69.99,2786,5.186595636850784e-06,0.9992032828869435,MG,1,1,0,0.0,1,5.0
4e92348462c75b6c842b994ce84a0ed4,1,1,69.90,2787,5.179926203970137e-06,0.9992084628131475,RS,1,1,0,0.0,1,5.0
b5d034ac251546e25afe9067f05c1539,1,1,69.90,2788,5.179926203970137e-06,0.9992136427393514,SP,1,1,0,0.0,1,5.0
b6c6854d4d92a5f6f46be8869da3fa1a,1,1,69.90,2789,5.179926203970137e-06,0.9992188226655555,SP,1,0,0,,1,1.0
d598f929fc44e1e38678e7f47250ec04,1,1,69.90,2790,5.179926203970137e-06,0.9992240025917594,GO,1,1,0,0.0,1,5.0
d6cd01c59123df02fc226eadbadb5f89,1,1,69.90,2791,5.179926203970137e-06,0.9992291825179633,SP,1,1,0,0.0,1,5.0
d9b00a97818674c7f8d8b1ef0e689679,1,1,69.90,2792,5.179926203970137e-06,0.9992343624441673,PR,1,1,0,0.0,1,3.0
f3511c85f59f8dec53d140501ee8e7a8,1,1,69.90,2793,5.179926203970137e-06,0.9992395423703713,PR,1,1,0,0.0,1,5.0
fe9d9cf8631285d5982c6e2cf27fb114,1,1,69.90,2794,5.179926203970137e-06,0.9992447222965753,MG,1,1,0,0.0,1,4.0
17998cf586426bf0f2c3726cb0a4b211,2,2,69.80,2795,5.1725157229916385e-06,0.9992498948122982,MG,1,1,0,0.0,1,5.0
5587130f9850696ed7fafbc91c2cee44,2,2,69.80,2796,5.1725157229916385e-06,0.9992550673280213,SP,2,2,0,0.0,2,5.0
bbd3acfe6de99892e73940d3fdceaf68,2,2,69.00,2797,5.113231875163654e-06,0.9992601805598964,SP,1,1,0,0.0,1,5.0
edb65fe661681b1c0de8bd47c8655855,1,1,69.00,2798,5.113231875163654e-06,0.9992652937917716,SP,1,1,0,0.0,1,3.0
e4253cef933647000a82ff39c67b7bde,2,2,68.00,2799,5.039127065378674e-06,0.9992703329188369,SP,2,0,0,,2,2.0
f3055483058c84d75ca2a3314fb4deef,1,1,67.50,2800,5.002074660486183e-06,0.9992753349934974,BA,1,0,0,,1,1.0
723a46b89fd5c3ed78ccdf039e33ac63,1,1,66.64,2801,4.9383445240711e-06,0.9992802733380216,RS,1,1,0,0.0,1,4.0
a5ff20ff766e7f50bd5066f33da14413,4,2,66.59,2802,4.934639283581851e-06,0.9992852079773051,SP,1,1,0,0.0,1,5.0
c6381b1321d7d97717a5bb4ed5b77882,3,2,66.00,2803,4.890917445808712e-06,0.999290098894751,SP,2,2,0,0.0,2,3.0
d58d521f3789def2e7a22715e0badd93,2,2,65.98,2804,4.889435349613013e-06,0.9992949883301004,SP,2,2,0,0.0,2,3.5
76623fde66e6b63b59440fd34160512d,3,3,65.40,2805,4.846454559937725e-06,0.9992998347846604,SP,3,3,0,0.0,3,4.0
d4a5e99e0dd915df64ba55a7fbd583fd,6,2,65.15,2806,4.827928357491479e-06,0.999304662713018,SP,2,2,0,0.0,2,3.0
52831e5990d0771cb4951d6f12928167,1,1,65.00,2807,4.816812636023732e-06,0.999309479525654,SP,1,1,0,0.0,1,3.0
60ad151920c4f6f3ebbe8cfdf6166779,1,1,65.00,2808,4.816812636023732e-06,0.99931429633829,SP,1,0,0,,1,1.0
ad738d3fcf42655ed15c4960b7b6c601,1,1,65.00,2809,4.816812636023732e-06,0.999319113150926,RS,1,0,0,,1,1.0
447d377bdb757058acb569025ee18a93,1,1,64.99,2810,4.8160715879258814e-06,0.999323929222514,RS,1,1,0,0.0,1,5.0
c8771b1a10bb99bb34d3c459c5cffb53,1,1,64.90,2811,4.8094021550452345e-06,0.9993287386246691,SP,1,1,0,0.0,1,5.0
eb4a59a06b3948e851a7d7a830bcbc42,2,2,64.00,2812,4.742707826238751e-06,0.9993334813324952,BA,2,1,0,0.0,2,3.0
b452cb0ae35044c4a53179c39f49fb06,2,2,63.70,2813,4.720476383303258e-06,0.9993382018088786,SP,2,2,0,0.0,2,4.0
9e94fa26a70ede4d26226e918e8706a2,1,1,62.80,2814,4.653782054496774e-06,0.999342855590933,SP,1,1,0,0.0,1,5.0
42fb44130ac3134cde8e35cf8ec7df25,3,3,62.70,2815,4.646371573518277e-06,0.9993475019625065,SP,3,2,0,0.0,3,3.6666666666666665
f0ec78809fe0bc3edb11c9fe5b97b059,2,2,62.60,2816,4.638961092539779e-06,0.999352140923599,SP,2,2,0,0.0,2,4.0
2cb98e27ce1c18abdb42209b34c382a7,1,1,62.49,2817,4.630809563463431e-06,0.9993567717331625,SP,1,1,0,0.0,1,4.0
56a8b450e802502ba53a9885ee38e29f,1,1,62.45,2818,4.627845371072032e-06,0.9993613995785336,SP,1,0,0,,1,1.0
6a3139c7bf09ece22a4713d956acbe5e,1,1,61.90,2819,4.587087725690292e-06,0.9993659866662593,SP,1,1,0,0.0,1,5.0
f7c31656c19db6275a8acadca289f426,1,1,61.56,2820,4.561892090363399e-06,0.9993705485583496,SP,1,1,0,0.0,1,3.0
b3e2faf2c1004d674f16a3aa3197f0e1,3,3,61.47,2821,4.555222657482751e-06,0.9993751037810072,SP,3,3,0,0.0,3,5.0
1d0646a72178a6fb37ee8082140e06ec,2,2,61.00,2822,4.5203933968838096e-06,0.9993796241744041,SC,2,2,0,0.0,2,5.0
7963e546f34e098b578f9ad102494601,1,1,60.99,2823,4.519652348785961e-06,0.9993841438267529,SP,1,1,0,0.0,1,5.0
be7a093e5b4d147b36b72bb1f9e415e5,1,1,60.90,2824,4.512982915905312e-06,0.9993886568096687,PR,1,1,0,0.0,1,5.0
83f2b4881141ce3fcd4e985125d3279e,3,3,60.70,2825,4.498161953948316e-06,0.9993931549716227,SP,3,3,1,0.3333333333333333,3,5.0
9ac75591b69c3402684b6ce0310f22ee,1,1,60.50,2826,4.48334099199132e-06,0.9993976383126147,SP,1,1,1,1.0,1,5.0
e9e446d01bd10a97a8ffcfc4a3a20cb2,4,4,60.05,2827,4.449993827588078e-06,0.9994020883064422,SP,4,3,0,0.0,4,3.5
24a6daf925d9d591870a66660416de31,2,2,60.00,2828,4.4462885870988296e-06,0.9994065345950293,SP,2,2,0,0.0,2,4.5
7c462184585ae80bd6e5774c62ce50f2,2,1,60.00,2829,4.4462885870988296e-06,0.9994109808836165,SP,1,1,1,1.0,1,3.0
85e7c62c1d6ea078c3897424f867a7c8,2,2,60.00,2830,4.4462885870988296e-06,0.9994154271722036,SC,2,2,0,0.0,2,4.5
0ee4fb99ac55ffbbc98795aa01b7f8fa,1,1,59.90,2831,4.438878106120331e-06,0.9994198660503096,SP,1,1,0,0.0,1,5.0
3e46a38ee171c503c3b4a3f23fe3bf0c,1,1,59.90,2832,4.438878106120331e-06,0.9994243049284158,SP,1,1,0,0.0,1,5.0
6ebf4eceee4dd9847201c82e77ef8123,1,1,59.90,2833,4.438878106120331e-06,0.9994287438065219,RJ,1,1,0,0.0,1,5.0
75fdd0a732287f9497b179f6bd445d32,1,1,59.90,2834,4.438878106120331e-06,0.9994331826846281,SP,1,1,0,0.0,1,5.0
8fb67a334bacec338885b4e9e1708073,1,1,59.90,2835,4.438878106120331e-06,0.9994376215627341,PR,1,1,0,0.0,1,5.0
9ef932e837d8b7f392c0bfee9d359dc2,1,1,59.90,2836,4.438878106120331e-06,0.9994420604408403,SP,1,1,1,1.0,1,3.0
c240c4061717ac1806ae6ee72be3533b,1,1,59.90,2837,4.438878106120331e-06,0.9994464993189464,RJ,,,,,,
455f46ef09a9e45667e2981df84b5cc2,2,2,59.80,2838,4.431467625141834e-06,0.9994509307865717,SP,2,1,0,0.0,2,2.5
528ce32f560edd11add4169f6a5b65be,2,2,59.80,2839,4.431467625141834e-06,0.9994553622541966,SP,1,1,0,0.0,1,5.0
3da38366e7bd9baf6369071f782ecdf0,1,1,59.47,2840,4.40701303791279e-06,0.9994597692672347,CE,1,1,1,1.0,1,1.0
63704069d9bd3a75c1cf59babe56004a,1,1,59.30,2841,4.394415220249343e-06,0.9994641636824548,SP,1,1,1,1.0,1,1.0
db1f0f7c7e5e87f40b62226f020bb297,3,3,59.01,2842,4.3729248254116985e-06,0.9994685366072803,PR,3,3,0,0.0,3,4.666666666666667
0af2ab31141893d26aca5a404a537dab,1,1,59.00,2843,4.372183777313849e-06,0.9994729087910577,SP,1,1,0,0.0,1,5.0
1d953075c2f0dd990bacf27b83b330f1,1,1,59.00,2844,4.372183777313849e-06,0.9994772809748349,MG,1,1,0,0.0,1,5.0
2f1e7b90e01d9f086cbcb301c0c3d406,1,1,59.00,2845,4.372183777313849e-06,0.9994816531586123,SC,1,1,0,0.0,1,5.0
dd5450b022b2d00a2145a66331e1aef6,1,1,59.00,2846,4.372183777313849e-06,0.9994860253423896,SC,1,1,0,0.0,1,5.0
d180e07dc1e58c31c3f0cd599dc4d945,1,1,58.80,2847,4.357362815356853e-06,0.9994903827052048,MG,1,1,0,0.0,1,3.0
cecd97bc34ed8330bd4cd15713eda670,1,1,57.99,2848,4.297337919431019e-06,0.9994946800431243,SC,1,1,0,0.0,1,1.0
cac4e0bc1a3269fa2b6ea5e763f6115b,3,2,57.88,2849,4.289186390354671e-06,0.9994989692295148,SC,2,2,0,0.0,2,5.0
48e5ee06fb2dc74df1c711a9b6dfac2a,3,1,57.00,2850,4.223974157743888e-06,0.9995031932036724,MG,1,1,0,0.0,1,5.0
ac9b01377919cdbd2a1bbb8d5837c70b,1,1,55.90,2851,4.1424588669804095e-06,0.9995073356625394,SP,1,1,0,0.0,1,3.0
3e35a8bb43569389d3cebef0ce820f69,2,1,55.80,2852,4.135048386001911e-06,0.9995114707109254,SP,1,1,0,0.0,1,5.0
0b1ca3ef18a63d7eb0c8897fa0849c08,1,1,55.00,2853,4.075764538173927e-06,0.9995155464754636,SP,1,1,0,0.0,1,5.0
d85efbc8eff2b7adf524e2820569adc8,1,1,55.00,2854,4.075764538173927e-06,0.9995196222400017,SP,1,1,0,0.0,1,5.0
ebe3dabc4955c9b0d695e7bda38bf5c3,1,1,55.00,2855,4.075764538173927e-06,0.9995236980045399,SP,1,1,1,1.0,1,3.0
c7246702dc991a06d788120dc7544391,1,1,54.86,2856,4.06538986480403e-06,0.9995277633944046,CE,1,1,0,0.0,1,5.0
26f6b7ab07be3e9e69ce82a6552efc19,2,2,54.80,2857,4.060943576216931e-06,0.9995318243379809,RJ,2,2,1,0.5,2,3.0
c13fb473e7cb8b83ccd543c094df0608,2,2,54.80,2858,4.060943576216931e-06,0.9995358852815571,SP,2,2,0,0.0,2,3.5
d297f1055de2956aedfd3b04113dce3e,1,1,54.30,2859,4.023891171324441e-06,0.9995399091727285,SP,1,1,0,0.0,1,4.0
720e6cf846ea7572cbb66b743fb91e6c,1,1,54.00,2860,4.001659728388946e-06,0.9995439108324569,SP,1,1,0,0.0,1,5.0
c1552b1dab6e6f760950368ae61fb600,2,2,53.80,2861,3.98683876643195e-06,0.9995478976712233,SP,2,2,0,0.0,2,2.5
a2a41aedb70551d4a85aa04dc2fced48,2,2,52.79,2862,3.91199290854912e-06,0.9995518096641318,SP,2,2,0,0.0,2,4.0
392f7f2c797e4dc077e4311bde2ab8ce,2,2,52.00,2863,3.8534501088189855e-06,0.9995556631142406,RN,2,2,0,0.0,2,5.0
84c945f15571830c1a91a33978e94009,2,2,51.98,2864,3.851968012623286e-06,0.9995595150822533,SP,2,2,0,0.0,2,4.5
20d53aad4fe5ee93a64f8839609d3586,2,2,51.90,2865,3.846039627840487e-06,0.9995633611218812,MG,2,1,1,1.0,2,2.5
258447aad3f7b01e2643c89f64dc5647,1,1,51.90,2866,3.846039627840487e-06,0.999567207161509,PR,1,1,0,0.0,1,5.0
07e8e8fc5222bb358e6f259da3197074,2,2,51.80,2867,3.8386291468619895e-06,0.9995710457906558,SP,2,2,0,0.0,2,4.0
eaf6d55068dea77334e8477d3878d89e,3,3,51.00,2868,3.779345299034005e-06,0.9995748251359549,SP,3,3,0,0.0,3,5.0
4d8809767a5bafe22909c77951fb6b41,1,1,50.00,2869,3.7052404892490246e-06,0.9995785303764441,SP,1,0,0,,1,5.0
535bf14f36346c7f59d87cece104d70c,1,1,50.00,2870,3.7052404892490246e-06,0.9995822356169334,RJ,1,1,1,1.0,1,4.0
5cf1ec37aea089f45110c70653a166ab,3,3,50.00,2871,3.7052404892490246e-06,0.9995859408574226,SP,3,2,0,0.0,3,3.6666666666666665
d4f91e8be86b38da2ee35bc489645a9d,1,1,49.99,2872,3.704499441151175e-06,0.9995896453568638,SP,1,1,0,0.0,1,5.0
2c2c9832d1bb38c5b0034a3b47d313ee,1,1,49.90,2873,3.6978300082705262e-06,0.9995933431868721,RS,1,1,0,0.0,1,3.0
3ded4e2d5f135cb103e5949d7263d2dd,1,1,49.90,2874,3.6978300082705262e-06,0.9995970410168803,MG,1,1,0,0.0,1,5.0
7b3447b497e55af8c15fc7bd89d7b81a,1,1,49.90,2875,3.6978300082705262e-06,0.9996007388468885,SP,1,1,0,0.0,1,5.0
9140ef75cc8211c4035935e80e567204,1,1,49.90,2876,3.6978300082705262e-06,0.9996044366768968,PR,1,1,0,0.0,1,5.0
e1a210d482714ce337763a19aef94ba4,1,1,49.90,2877,3.6978300082705262e-06,0.9996081345069051,PR,1,0,0,,1,1.0
fe19dce63ae80346207c6c55713d1023,1,1,49.90,2878,3.6978300082705262e-06,0.9996118323369134,MG,1,1,0,0.0,1,5.0
7315baebc0572ff220d226283dc66728,2,2,49.85,2879,3.6941247677812774e-06,0.9996155264616812,SP,2,2,0,0.0,2,4.0
2c00c85d30361cd2ced2969cffbbffa3,1,1,49.80,2880,3.6904195272920282e-06,0.9996192168812085,MG,1,1,0,0.0,1,5.0
1b61fb1f0f2185d89e9a126c498e9cc7,1,1,49.70,2881,3.6830090463135307e-06,0.9996228998902548,PR,1,1,0,0.0,1,5.0
42d4b7e70819438f5ada61c965e92d7e,3,1,49.60,2882,3.6755985653350327e-06,0.9996265754888201,GO,1,1,0,0.0,1,1.0
ac137bac82ffa8548e62bd9d01d2a14f,1,1,49.60,2883,3.6755985653350327e-06,0.9996302510873853,SP,1,0,0,,1,1.0
e3e15e2c0b9700561efac21c6be48066,2,1,49.50,2884,3.6681880843565342e-06,0.9996339192754697,SP,1,0,0,,1,4.0
e0487761face83d64fcada2408959a36,2,2,49.25,2885,3.649661881910289e-06,0.9996375689373517,SP,2,2,0,0.0,2,4.5
1f7dfad2cb384ea4d2d7e1ffbd78c407,1,1,49.00,2886,3.6311356794640442e-06,0.9996412000730311,SP,1,1,0,0.0,1,1.0
2ef086a599b597572aca4433b7ed6b3d,1,1,49.00,2887,3.6311356794640442e-06,0.9996448312087106,SC,1,1,0,0.0,1,5.0
c963a25b8671419c6ce9eebe8fd03218,1,1,49.00,2888,3.6311356794640442e-06,0.9996484623443901,RJ,1,1,0,0.0,1,5.0
ce33c6211beaa8fef4cae8b52db39862,1,1,49.00,2889,3.6311356794640442e-06,0.9996520934800694,SP,1,1,0,0.0,1,3.0
d63f306de130e0391d38a792541723b8,1,1,49.00,2890,3.6311356794640442e-06,0.9996557246157489,SP,1,1,0,0.0,1,5.0
29c322e3f09f886f8bacbe91dfbd979e,2,1,48.98,2891,3.6296535832683443e-06,0.9996593542693323,RS,,,,,,
417a1e6c7321084d2a0ae0d023cfad93,1,1,48.90,2892,3.623725198485546e-06,0.9996629779945307,RS,1,1,0,0.0,1,5.0
5aaa890629f83706d8d9bfecd8377c1c,1,1,48.90,2893,3.623725198485546e-06,0.9996666017197293,RJ,1,0,0,,1,1.0
2e2f44824ab87a0cb961f68bf4073e7f,1,1,48.00,2894,3.5570308696790634e-06,0.999670158750599,PR,1,1,0,0.0,1,2.0
513a54369b6a8a6602fcb0e129c6d78d,2,2,47.80,2895,3.5422099077220674e-06,0.9996737009605066,SP,2,2,0,0.0,2,4.5
a3fa18b3f688ec0fca3eb8bfcbd2d5b3,2,1,47.80,2896,3.5422099077220674e-06,0.9996772431704144,SP,1,1,0,0.0,1,5.0
9d213f303afae4983637247556438ede,3,2,47.70,2897,3.53479942674357e-06,0.9996807779698411,SP,,,,,,
ae9690c6e8fee182c28c9ff8e11ca52c,1,1,47.40,2898,3.512567983808075e-06,0.9996842905378249,SP,,,,,,
cad10cc982ab6a391570c211b995c17c,1,1,47.40,2899,3.512567983808075e-06,0.9996878031058087,SP,1,1,0,0.0,1,5.0
baf15155e37ef5492731459bdc05be8a,1,1,47.00,2900,3.482926059894083e-06,0.9996912860318686,SP,1,1,0,0.0,1,5.0
7494d0dcba8551df6cf37f1b905dc2f7,1,1,45.90,2901,3.4014107691306046e-06,0.9996946874426378,SP,,,,,,
51e0557bc7b86de13e946c60ee91ce39,1,1,45.80,2902,3.394000288152106e-06,0.9996980814429258,MG,1,1,0,0.0,1,5.0
8629a7efec1aab257e58cda559f03ba7,1,1,45.22,2903,3.3510194984768177e-06,0.9997014324624244,GO,1,1,1,1.0,1,1.0
2d8cfba3fcd3170555941605edaa196a,1,1,45.00,2904,3.334716440324122e-06,0.9997047671788647,SP,1,1,0,0.0,1,5.0
3338e7a0710a195872be80e0d2423867,1,1,45.00,2905,3.334716440324122e-06,0.999708101895305,SP,1,0,0,,1,1.0
70ee69419916dc13e3aed619061f996c,1,1,45.00,2906,3.334716440324122e-06,0.9997114366117453,SP,1,1,0,0.0,1,3.0
9c351405b754cc5ce3e2ecf277bb034a,1,1,45.00,2907,3.334716440324122e-06,0.9997147713281856,SP,1,0,0,,1,1.0
1f2eebc0e970fd3c463e4f5d9652687a,1,1,44.99,2908,3.3339753922262724e-06,0.999718105303578,SP,1,1,1,1.0,1,5.0
5a4236931428800e9d9cc04af0987118,3,1,44.97,2909,3.3324932960305725e-06,0.9997214377968741,SP,1,1,0,0.0,1,5.0
5415337f1863452476d42d9f14a16a61,1,1,44.90,2910,3.3273059593456238e-06,0.9997247651028333,MG,,,,,,
da3fede3469bf49b7293ce3fc45b294d,1,1,44.90,2911,3.3273059593456238e-06,0.9997280924087926,SP,1,1,0,0.0,1,5.0
e5545d4d4473876ea78c5bcebca365c3,1,1,44.50,2912,3.2976640354316318e-06,0.9997313900728281,SP,1,1,0,0.0,1,5.0
05a48cc8859962767935ab9087417fbb,1,1,42.90,2913,3.179096339775663e-06,0.9997345691691678,SP,1,1,0,0.0,1,5.0
4125d9385a25e82d2f72d3a0fd55bc3f,1,1,42.90,2914,3.179096339775663e-06,0.9997377482655077,SP,1,1,0,0.0,1,5.0
9b1050e85becf3ae99c1cf4934c9bc5d,1,1,42.57,2915,3.1546417525466197e-06,0.9997409029072603,MG,1,0,0,,1,1.0
3a3c180dd702a725bd0ba4117689239e,1,1,41.90,2916,3.1049915299906825e-06,0.9997440078987901,PR,1,1,0,0.0,1,4.0
6561d6bf844e464b4019442692b40e02,1,1,41.90,2917,3.1049915299906825e-06,0.9997471128903201,SP,1,1,0,0.0,1,5.0
749e7cdabbaf72f16677859e27874ba5,1,1,41.90,2918,3.1049915299906825e-06,0.9997502178818501,SP,1,1,0,0.0,1,1.0
b77a27b1864483e721dc831d5ba4afa0,2,2,41.80,2919,3.0975810490121845e-06,0.9997533154628993,RJ,2,1,0,0.0,2,3.5
16bdc8cefd0e32a6f0824d296c5ad14a,1,1,41.76,2920,3.094616856620785e-06,0.9997564100797558,SP,1,1,0,0.0,1,5.0
a213f1bd6458f4a158f3746cb2514559,1,1,41.52,2921,3.07683170227239e-06,0.9997594869114581,PR,1,1,0,0.0,1,5.0
9b1f656ca3060f8af17a50d8a024b533,2,2,41.00,2922,3.0382972011842e-06,0.9997625252086593,SP,1,1,1,1.0,1,5.0
c200c73f9d7e5a08ca439d6a0803da7c,2,1,40.00,2923,2.9641923913992197e-06,0.9997654894010506,PR,1,0,0,,1,1.0
d4828feed4cda2cd9d6b37899a95a71e,1,1,39.90,2924,2.9567819104207213e-06,0.9997684461829611,CE,1,1,0,0.0,1,2.0
df683dfda87bf71ac3fc63063fba369d,1,1,39.90,2925,2.9567819104207213e-06,0.9997714029648715,RS,1,1,1,1.0,1,1.0
edb58a1390adf273840030a3d6253829,1,1,39.90,2926,2.9567819104207213e-06,0.9997743597467819,SP,1,1,0,0.0,1,5.0
fedaedd3ca31d56ab33e92035e4b361c,1,1,39.90,2927,2.9567819104207213e-06,0.9997773165286923,RJ,1,1,0,0.0,1,4.0
389e45560e33d2d0747f949dcddbc08e,1,1,39.00,2928,2.8900875816142393e-06,0.9997802066162739,SP,1,1,0,0.0,1,5.0
c74f14c1e26cf1bd5bd34b6a1e274426,1,1,39.00,2929,2.8900875816142393e-06,0.9997830967038556,SC,1,1,0,0.0,1,5.0
e595809a6c31ec4314fd06ef198c244d,1,1,39.00,2930,2.8900875816142393e-06,0.9997859867914372,SC,1,1,0,0.0,1,5.0
0936e1837d0c79253456bbb2ffaaef10,2,1,38.90,2931,2.882677100635741e-06,0.9997888694685378,SP,1,1,0,0.0,1,5.0
2eeb6531ee027a48d401e72bebdd87d3,3,3,38.70,2932,2.8678561386787453e-06,0.9997917373246764,SP,3,3,0,0.0,3,4.333333333333333
d7ab82074b5f1dfba46db123df101bff,3,2,38.67,2933,2.8656329943851956e-06,0.9997946029576708,SP,2,2,0,0.0,2,4.5
e72b4feb7abe210c52aa667abc25a3a2,2,1,38.20,2934,2.830803733786255e-06,0.9997974337614046,SP,1,1,0,0.0,1,5.0
ab75b89cc49c9ab3160d0c91565a442a,2,2,37.98,2935,2.814500675633559e-06,0.9998002482620804,SP,1,0,0,,1,2.0
9200e6ce317b67196b6b0bad4d4bd567,1,1,36.90,2936,2.73446748106578e-06,0.9998029827295613,RJ,1,1,0,0.0,1,3.0
e116c7455dd26a4d8c3e92532583905f,2,1,36.76,2937,2.7240928076958826e-06,0.999805706822369,SP,1,0,0,,1,4.0
1d139e3a3b14025640d8df1b230aace0,2,2,36.49,2938,2.7040845090539383e-06,0.999808410906878,SP,2,2,0,0.0,2,3.5
c161d1327ebc3a156c09582ab2f59f6c,2,2,35.99,2939,2.667032104161448e-06,0.9998110779389823,SP,2,2,0,0.0,2,4.0
630008e0f062605a415d694489f6f82e,1,1,35.35,2940,2.6196050258990605e-06,0.9998136975440081,SP,1,1,0,0.0,1,5.0
3a52d63a8f9daf5a28f3626d7eb9bd28,1,1,35.00,2941,2.5936683424743173e-06,0.9998162912123506,SP,1,1,0,0.0,1,1.0
baeda7047354773262ba2405f97038ba,1,1,35.00,2942,2.5936683424743173e-06,0.999818884880693,SP,1,1,0,0.0,1,5.0
c716e0b86ed568878475b60fbb6323ad,1,1,35.00,2943,2.5936683424743173e-06,0.9998214785490355,SP,1,1,0,0.0,1,5.0
cb162c8eef257253782d245c08d9097c,1,1,34.99,2944,2.5929272943764675e-06,0.9998240714763299,SP,1,1,0,0.0,1,5.0
e6ffc9ac6a7adc9d16a1cfc2286dd546,1,1,34.99,2945,2.5929272943764675e-06,0.9998266644036243,SP,1,0,0,,1,1.0
84deb808079d1be601c209c1e771b1cc,2,2,34.93,2946,2.5884810057893685e-06,0.9998292528846301,PR,2,2,0,0.0,2,5.0
5a32c398a06c345440bf2a683b017ad3,1,1,34.90,2947,2.5862578614958193e-06,0.9998318391424916,RJ,1,1,0,0.0,1,5.0
bee36b4f9a2b9fdcaff6ec05df202ed0,2,2,33.80,2948,2.5047425707323404e-06,0.9998343438850624,SP,2,1,0,0.0,2,3.0
41958cbd3335433c8740300e8cd600d5,1,1,32.99,2949,2.4447176748065067e-06,0.9998367886027372,SP,1,1,0,0.0,1,5.0
c4b911d06343b21dd906651f8101cb49,1,1,32.99,2950,2.4447176748065067e-06,0.9998392333204119,SP,1,0,0,,1,1.0
539ed9e19811677513447759be5eccfc,2,2,32.83,2951,2.4328609052409093e-06,0.9998416661813171,MG,1,1,0,0.0,1,5.0
7d81e74a4755b552267cd5e081563028,1,1,32.50,2952,2.408406318011866e-06,0.9998440745876351,SP,1,1,0,0.0,1,4.0
6bcb2352a2a0c38b845f598298ab9d26,2,2,31.80,2953,2.3565329511623796e-06,0.9998464311205864,PR,2,1,0,0.0,2,3.0
1a6245add4353f18ed55138808906979,1,1,30.00,2954,2.2231442935494148e-06,0.9998486542648799,SP,1,0,0,,1,3.0
d7f1cfc638473be93baedbfd02208016,1,1,30.00,2955,2.2231442935494148e-06,0.9998508774091734,RJ,1,1,0,0.0,1,5.0
fdf736c18c589ed030e058312203e1b2,1,1,30.00,2956,2.2231442935494148e-06,0.999853100553467,MG,1,1,0,0.0,1,5.0
02a2272692e13558373c66db98f05e2e,1,1,29.99,2957,2.222403245451565e-06,0.9998553229567125,RJ,1,0,0,,1,1.0
32f83ffe11cd40f7adcf4eef171f52d9,1,1,29.99,2958,2.222403245451565e-06,0.999857545359958,RS,1,1,0,0.0,1,5.0
87b4428a334b8f676fd9a7f3bf544fb5,1,1,29.99,2959,2.222403245451565e-06,0.9998597677632034,SP,1,1,0,0.0,1,5.0
9315e491484b1b0081ca166fc164108d,1,1,29.99,2960,2.222403245451565e-06,0.9998619901664488,PR,,,,,,
139157dd4daa45c25b0807ffff348363,1,1,29.90,2961,2.215733812570917e-06,0.9998642059002614,SP,1,1,0,0.0,1,4.0
28a26ebce31d5918b181ede016fd693b,1,1,29.90,2962,2.215733812570917e-06,0.9998664216340739,MG,1,1,0,0.0,1,5.0
3aa3c89ae3cd482385568be76120f63c,1,1,29.90,2963,2.215733812570917e-06,0.9998686373678866,GO,1,1,0,0.0,1,4.0
436bf27f2f18474fc6047702e9f8a866,1,1,29.90,2964,2.215733812570917e-06,0.9998708531016991,SP,1,1,0,0.0,1,5.0
a09a13f18ed27932d08438aa6f12756e,1,1,29.90,2965,2.215733812570917e-06,0.9998730688355117,RS,1,1,0,0.0,1,3.0
c43d924a0f1688ee9fae0efcd6f539d4,1,1,29.90,2966,2.215733812570917e-06,0.9998752845693242,RJ,1,1,0,0.0,1,4.0
c97aa4ee7420f937da13b7f9e2228b99,1,1,29.90,2967,2.215733812570917e-06,0.9998775003031368,RS,,,,,,
c0e0b73d039eb9a99b6ce4cb7a429cd3,1,1,29.88,2968,2.214251716375217e-06,0.9998797145548532,SC,1,1,0,0.0,1,5.0
0336182e1b3e92f029d5354832045fdf,2,1,29.80,2969,2.208323331592419e-06,0.9998819228781848,SP,,,,,,
7b3f6ce5c6c22e9b96e7581ebf0df6e1,1,1,29.80,2970,2.208323331592419e-06,0.9998841312015164,SP,1,1,0,0.0,1,3.0
9996ae921c50e8dff411ac69c0b4bb8b,3,2,29.70,2971,2.2009128506139204e-06,0.999886332114367,SP,1,1,0,0.0,1,3.0
72c73be2b085b9d57650dd53eb2004c9,1,1,29.40,2972,2.1786814076784264e-06,0.9998885107957747,SP,1,1,0,0.0,1,5.0
15aec03fe4cf30dfa574cf550f5ff5ff,1,1,28.90,2973,2.141629002785936e-06,0.9998906524247775,RJ,1,0,0,,1,1.0
c9d2ba8dde44a275ae06475ed1d2fafc,1,1,28.79,2974,2.133477473709588e-06,0.9998927859022512,MG,1,1,0,0.0,1,5.0
999f6d9a1c7c81f43be44c6b7d076210,2,2,28.00,2975,2.0749346739794535e-06,0.9998948608369251,SP,2,2,0,0.0,2,4.5
8b181ee5518df84f18f4e1a43fe07923,1,1,27.90,2976,2.0675241930009555e-06,0.9998969283611181,SP,1,1,0,0.0,1,5.0
b026643914f651e8371425e5b8a1e780,1,1,27.90,2977,2.0675241930009555e-06,0.9998989958853112,RJ,1,1,0,0.0,1,5.0
80146bc52c4f6af5239b23de2a20262b,2,1,27.10,2978,2.0082403451729716e-06,0.9999010041256563,SP,1,0,0,,1,3.0
f1fdf2d13186575751aa25876536d85c,1,1,26.30,2979,1.948956497344987e-06,0.9999029530821537,SP,1,1,0,0.0,1,5.0
70c0fda4c313d87115644d39e62eec60,1,1,25.99,2980,1.925984006311643e-06,0.99990487906616,PE,1,1,0,0.0,1,5.0
c12d7463a579237ffb9248bd7cff378b,1,1,25.90,2981,1.9193145734309947e-06,0.9999067983807334,SP,1,1,0,0.0,1,4.0
6c9875b2f94ba781186f0c1aed8d1687,4,2,25.00,2982,1.8526202446245123e-06,0.9999086510009779,SP,1,1,0,0.0,1,5.0
7cb946b1ad19faebe28c3e86c2794ec3,1,1,25.00,2983,1.8526202446245123e-06,0.9999105036212226,MG,1,1,0,0.0,1,5.0
38f276ca6e7cc95a6d1bb55ac9e5550f,1,1,24.99,2984,1.8518791965266624e-06,0.9999123555004191,SP,1,1,0,0.0,1,5.0
3986c0b54f6b748b75e7bd4e092aa3e5,1,1,24.99,2985,1.8518791965266624e-06,0.9999142073796157,PR,1,1,0,0.0,1,5.0
1c83418358f249c9d6affa52d579db0e,1,1,24.90,2986,1.8452097636460141e-06,0.9999160525893793,SP,1,1,0,0.0,1,5.0
33fd411ed63a7c2f9005e3f065d9f85d,1,1,24.90,2987,1.8452097636460141e-06,0.9999178977991431,RS,1,1,0,0.0,1,4.0
67e43d802fde8cfd3f9580124f8167d1,2,1,24.00,2988,1.7785154348395317e-06,0.9999196763145779,SP,1,0,0,,1,1.0
cad9969167c09b48ae6f1d123f7fa68d,1,1,24.00,2989,1.7785154348395317e-06,0.9999214548300127,MG,1,1,0,0.0,1,5.0
bd43e172d599bed47a85da877172ca8c,1,1,23.92,2990,1.7725870500567334e-06,0.9999232274170627,SC,1,1,0,0.0,1,5.0
43753b27d77860f1654aa72e251a7878,1,1,23.90,2991,1.7711049538610337e-06,0.9999249985220167,BA,1,1,0,0.0,1,5.0
544863df86ed3b78a04e0820d41430ee,1,1,23.90,2992,1.7711049538610337e-06,0.9999267696269704,ES,1,1,0,0.0,1,5.0
bcd2d7510d58e293f20fad6438c1b314,1,1,23.90,2993,1.7711049538610337e-06,0.9999285407319243,PR,1,1,1,1.0,0,
2c54051840f19eca309a5423cf22df36,2,2,23.70,2994,1.7562839919040375e-06,0.9999302970159163,PR,2,2,0,0.0,2,4.5
5e063e85d44b0f5c3e6ec3131103a57e,1,1,22.90,2995,1.697000144076053e-06,0.9999319940160603,SP,1,1,0,0.0,1,5.0
bc8c8d665ec4664d286be0d521722b19,1,1,22.50,2996,1.667358220162061e-06,0.9999336613742804,SP,1,1,1,1.0,1,2.0
f9f68daa2af419d38f745478bcb3da1a,2,2,22.40,2997,1.6599477391835629e-06,0.9999353213220196,SP,2,1,0,0.0,2,3.0
eb1bf309f4f6af9a97e9ddac3fdbeabe,1,1,22.30,2998,1.652537258205065e-06,0.9999369738592778,SP,1,1,0,0.0,1,5.0
0bb27263628258b8111a0262769fa9db,1,1,22.20,2999,1.6451267772265669e-06,0.9999386189860551,SP,1,1,0,0.0,1,5.0
34675b28b826facfde119785bf287dc1,1,1,21.99,3000,1.629564767171721e-06,0.9999402485508222,PR,1,1,0,0.0,1,4.0
f09b760d23495ac9a7e00d29b769007c,1,1,21.90,3001,1.6228953342910727e-06,0.9999418714461565,SP,1,1,0,0.0,1,4.0
98f52e1020fe788c10c0418de4393fec,1,1,21.60,3002,1.6006638913555787e-06,0.9999434721100479,RJ,1,1,0,0.0,1,4.0
ed49da7cadefc454d6a67de249eab240,1,1,21.50,3003,1.5932534103770805e-06,0.9999450653634583,SP,1,1,0,0.0,1,5.0
e64ddbe1cbcf4f2fc3092b7c481f3f9d,1,1,20.90,3004,1.5487905245060923e-06,0.9999466141539828,SP,1,1,0,0.0,1,5.0
e0b162a693bc7f9eab00f783a31d60ea,1,1,20.00,3005,1.4820961956996099e-06,0.9999480962501784,RS,,,,,,
e76ecc7e9a1a1e3c6df9d2a8261c423d,1,1,20.00,3006,1.4820961956996099e-06,0.9999495783463742,MG,1,1,0,0.0,1,5.0
455befea1bb853c75ccbca94cff26e5c,1,1,19.99,3007,1.4813551476017599e-06,0.9999510597015218,RJ,1,1,0,0.0,1,3.0
bb7ad8a45c027be8ab075b8e465f8ca0,2,2,19.98,3008,1.4806140995039103e-06,0.9999525403156213,SC,2,2,0,0.0,2,5.0
0b46f784306be7200ca1700aa55d819f,1,1,19.90,3009,1.4746857147211116e-06,0.999954015001336,MG,1,1,0,0.0,1,5.0
63bc58679c44e8a998792119fd7ad23e,1,1,19.90,3010,1.4746857147211116e-06,0.9999554896870507,SP,1,0,0,,1,1.0
668bf321538e5072858eaef6087ce027,1,1,19.90,3011,1.4746857147211116e-06,0.9999569643727655,PR,1,1,0,0.0,1,5.0
698624c6632eeba1774924dbea24c700,1,1,19.90,3012,1.4746857147211116e-06,0.9999584390584803,SP,1,1,0,0.0,1,5.0
7caa63f175b1cecbfaadd8b5ab9998c7,1,1,19.90,3013,1.4746857147211116e-06,0.9999599137441949,SP,,,,,,
bac44fa8e13424950488659b5f765c41,1,1,19.90,3014,1.4746857147211116e-06,0.9999613884299096,SP,1,1,0,0.0,1,5.0
d93b8458c6fe139d85cfa5eadbf55bd2,1,1,19.90,3015,1.4746857147211116e-06,0.9999628631156243,SP,1,1,0,0.0,1,5.0
bd65d163ded559eb90a10cd09fec178f,2,1,19.80,3016,1.4672752337426139e-06,0.9999643303908581,SP,1,1,0,0.0,1,4.0
e174dc2de86d60fee178170a154c05e7,1,1,19.80,3017,1.4672752337426139e-06,0.9999657976660917,SP,1,0,0,,1,1.0
9d69ba0a7a626a64dc5db08e529559cf,1,1,19.30,3018,1.4302228288501234e-06,0.9999672278889207,SP,1,1,0,0.0,1,5.0
6c77cd583b36a13aacccf2b3ee23e233,1,1,18.90,3019,1.4005809049361312e-06,0.9999686284698256,SP,1,1,0,0.0,1,5.0
82921991ff5b557b045605b8bbf08d49,1,1,18.90,3020,1.4005809049361312e-06,0.9999700290507306,SP,1,1,0,0.0,1,5.0
ce4755084bc097113867e6454f8f5e52,1,1,18.90,3021,1.4005809049361312e-06,0.9999714296316354,SP,1,1,0,0.0,1,5.0
804287717b9156fb7a787acd9af4fac1,1,1,18.80,3022,1.3931704239576332e-06,0.9999728228020595,PR,1,1,0,0.0,1,5.0
13e85aac53340018b40c2af68001b7e0,1,1,17.80,3023,1.3190656141726528e-06,0.9999741418676736,SP,1,1,0,0.0,1,5.0
eae9af4811c294c56795d70e715b7337,1,1,15.90,3024,1.1782664755811898e-06,0.9999753201341491,SP,,,,,,
f3862c2188522d89860c38a3ea8b550d,1,1,15.50,3025,1.1486245516671976e-06,0.9999764687587008,SP,1,1,0,0.0,1,5.0
9f56a7a649097b166d8ed286ad86a15c,1,1,14.99,3026,1.1108310986768576e-06,0.9999775795897995,RJ,1,0,0,,1,1.0
20f0aeea30bc3b8c4420be8ced4226c0,1,1,14.90,3027,1.1041616657962094e-06,0.9999786837514654,SP,1,1,1,1.0,0,
b2f4d63c7203f539a78252565ca32257,1,1,14.90,3028,1.1041616657962094e-06,0.9999797879131311,RJ,1,1,0,0.0,1,5.0
c3e2398fcc7e581cda2e546557bf6968,1,1,14.90,3029,1.1041616657962094e-06,0.999980892074797,SP,1,1,0,0.0,1,5.0
a61cc04793308395a840807104365121,1,1,14.63,3030,1.0841533671542647e-06,0.9999819762281641,SP,1,1,0,0.0,1,5.0
6576fd3e23c88f0e5d4d23f39bba0542,1,1,14.50,3031,1.0745197418822172e-06,0.9999830507479059,SP,1,0,0,,1,1.0
5b92bfa4120daa27c574daa2e386c693,1,1,14.00,3032,1.0374673369897268e-06,0.9999840882152429,SP,1,1,0,0.0,1,3.0
fb503a924a0b9db19d83dd0ac6dbef8c,1,1,13.90,3033,1.0300568560112288e-06,0.9999851182720989,RS,1,1,0,0.0,1,5.0
6614814a00d344b846ae209f95ee7e3f,1,1,13.00,3034,9.633625272047464e-07,0.9999860816346262,SP,1,1,0,0.0,1,1.0
b5f0712d22a873b6797ab6cc65c3fcba,1,1,12.99,3035,9.626214791068966e-07,0.9999870442561053,SP,1,1,0,0.0,1,4.0
7ab0dd5487bab2dc835337b244f689fb,1,1,12.50,3036,9.263101223122562e-07,0.9999879705662276,SP,1,1,0,0.0,1,5.0
9e25199f6ef7e7c347120ff175652c3b,1,1,12.50,3037,9.263101223122562e-07,0.99998889687635,SP,1,1,0,0.0,1,4.0
c1d1ebb4745cc43cb6f05e9c8a705c9a,1,1,12.50,3038,9.263101223122562e-07,0.9999898231864722,SP,,,,,,
c1dde11f12d05c478f5de2d7319ad3b2,1,1,12.50,3039,9.263101223122562e-07,0.9999907494965945,SP,1,1,0,0.0,1,1.0
3d62f86afa7c73be2628a3be1423f5a0,2,2,12.00,3040,8.892577174197659e-07,0.999991638754312,SP,2,2,0,0.0,2,4.0
3ac588cd562971392504a9e17130c40b,1,1,11.90,3041,8.818472364412679e-07,0.9999925206015484,SP,1,1,0,0.0,1,5.0
cc1f04647be106ba74e62b21f358af25,1,1,11.90,3042,8.818472364412679e-07,0.9999934024487849,SP,1,1,0,0.0,1,1.0
344223b2a90784f64136a8a5da012e7f,1,1,10.90,3043,8.077424266562873e-07,0.9999942101912115,SC,1,1,1,1.0,1,2.0
95cca791657aabeff15a07eb152d7841,1,1,9.99,3044,7.403070497519552e-07,0.9999949504982613,PR,1,1,0,0.0,1,5.0
c18309219e789960add0b2255ca4b091,1,1,9.90,3045,7.336376168713069e-07,0.9999956841358781,RJ,1,1,0,0.0,1,5.0
0f94588695d71662beec8d883ffacf09,1,1,9.00,3046,6.669432880648244e-07,0.9999963510791662,SC,1,1,0,0.0,1,5.0
4965a7002cca77301c82d3f91b82e1a9,1,1,8.49,3047,6.291498350744843e-07,0.9999969802290013,SP,1,1,0,0.0,1,5.0
ad14615bdd492b01b0d97922e87cb87f,1,1,8.25,3048,6.11364680726089e-07,0.999997591593682,SC,1,1,0,0.0,1,5.0
34aefe746cd81b7f3b23253ea28bef39,1,1,8.00,3049,5.928384782798439e-07,0.9999981844321603,PR,1,0,0,,1,1.0
702835e4b785b67a084280efca355756,1,1,7.60,3050,5.631965543658517e-07,0.9999987476287147,MG,1,1,0,0.0,1,5.0
1fa2d3def6adfa70e58c276bb64fe5bb,1,1,6.90,3051,5.113231875163654e-07,0.9999992589519021,SP,,,,,,
77128dec4bec4878c37ab7d6169d6f26,1,1,6.50,3052,4.816812636023732e-07,0.9999997406331658,SP,1,1,0,0.0,1,5.0
cf6f6bc4df3999b9c6440f124fb2f687,1,1,3.50,3053,2.593668342474317e-07,1.0,SP,1,0,0,,1,5.0
